ID,Target
ID_7W4Q1615FZ_1,"The serving cell's total downtilt is about 22.0° against a vertical beamwidth of 12.0° at a mounting height of 30.1m, which narrows the effective coverage radius and pulls the main beam toward the ground close to the site. The serving SS-RSRP averages -85.4 dBm, consistent with weak far-end coverage caused by excessive downtilt.
\boxed{6}"
ID_7W4Q1615FZ_2,"The serving cell's total downtilt is about 22.0° against a vertical beamwidth of 12.0° at a mounting height of 30.1m, which narrows the effective coverage radius and pulls the main beam toward the ground close to the site. The serving SS-RSRP averages -85.4 dBm, consistent with weak far-end coverage caused by excessive downtilt.
\boxed{6}"
ID_7W4Q1615FZ_3,"The serving cell's total downtilt is about 22.0° against a vertical beamwidth of 12.0° at a mounting height of 30.1m, which narrows the effective coverage radius and pulls the main beam toward the ground close to the site. The serving SS-RSRP averages -85.4 dBm, consistent with weak far-end coverage caused by excessive downtilt.
\boxed{6}"
ID_7W4Q1615FZ_4,"The serving cell's total downtilt is about 25.0° against a vertical beamwidth of 12.0° at a mounting height of 30.1m, which narrows the effective coverage radius and pulls the main beam toward the ground close to the site. The serving SS-RSRP averages -85.4 dBm, consistent with weak far-end coverage caused by excessive downtilt.
\boxed{6}"
ID_ZDOP7324ZF_1,"Neighbor cell(s) [208] arrive at comparable signal strength to the serving cell but originate from a different, non-colocated site, producing severe overlapping coverage that degrades throughput.
\boxed{M5}"
ID_ZDOP7324ZF_2,"Neighbor cell(s) [208] arrive at comparable signal strength to the serving cell but originate from a different, non-colocated site, producing severe overlapping coverage that degrades throughput.
\boxed{M5}"
ID_ZDOP7324ZF_3,"Neighbor cell(s) [208] arrive at comparable signal strength to the serving cell but originate from a different, non-colocated site, producing severe overlapping coverage that degrades throughput.
\boxed{M5}"
ID_ZDOP7324ZF_4,"Neighbor cell(s) [208] arrive at comparable signal strength to the serving cell but originate from a different, non-colocated site, producing severe overlapping coverage that degrades throughput.
\boxed{M5}"
ID_7NWKCWAHP0_1,"The serving cell's total downtilt of about 10.0° is shallow relative to its vertical beamwidth of 6.0°, extending the main beam's reach well beyond the intended ~1km coverage radius, indicating the cell is over-shooting its intended coverage area rather than being properly contained.
\boxed{P6}"
ID_7NWKCWAHP0_2,"The serving cell's total downtilt of about 10.0° is shallow relative to its vertical beamwidth of 6.0°, extending the main beam's reach well beyond the intended ~1km coverage radius, indicating the cell is over-shooting its intended coverage area rather than being properly contained.
\boxed{P6}"
ID_7NWKCWAHP0_3,"The serving cell's total downtilt of about 10.0° is shallow relative to its vertical beamwidth of 6.0°, extending the main beam's reach well beyond the intended ~1km coverage radius, indicating the cell is over-shooting its intended coverage area rather than being properly contained.
\boxed{P6}"
ID_7NWKCWAHP0_4,"The serving cell's total downtilt of about 10.0° is shallow relative to its vertical beamwidth of 6.0°, extending the main beam's reach well beyond the intended ~1km coverage radius, indicating the cell is over-shooting its intended coverage area rather than being properly contained.
\boxed{P6}"
ID_477BBRFS8A_1,"The serving cell's total downtilt of about 25.0° is shallow relative to its vertical beamwidth of 12.0°, extending the main beam's reach well beyond the intended ~1km coverage radius, indicating the cell is over-shooting its intended coverage area rather than being properly contained.
\boxed{4}"
ID_477BBRFS8A_2,"The serving cell's total downtilt of about 25.0° is shallow relative to its vertical beamwidth of 12.0°, extending the main beam's reach well beyond the intended ~1km coverage radius, indicating the cell is over-shooting its intended coverage area rather than being properly contained.
\boxed{4}"
ID_477BBRFS8A_3,"The serving cell's total downtilt of about 25.0° is shallow relative to its vertical beamwidth of 12.0°, extending the main beam's reach well beyond the intended ~1km coverage radius, indicating the cell is over-shooting its intended coverage area rather than being properly contained.
\boxed{4}"
ID_477BBRFS8A_4,"The serving cell's total downtilt of about 25.0° is shallow relative to its vertical beamwidth of 12.0°, extending the main beam's reach well beyond the intended ~1km coverage radius, indicating the cell is over-shooting its intended coverage area rather than being properly contained.
\boxed{4}"
ID_ZPS9DOT2XB_1,"The serving cell (PCI 455) shares PCI mod 30 with neighbor PCI(s) [575], causing reference-signal collision and interference that suppresses throughput.
\boxed{6}"
ID_ZPS9DOT2XB_2,"The serving cell (PCI 455) shares PCI mod 30 with neighbor PCI(s) [575], causing reference-signal collision and interference that suppresses throughput.
\boxed{6}"
ID_ZPS9DOT2XB_3,"The serving cell (PCI 455) shares PCI mod 30 with neighbor PCI(s) [575], causing reference-signal collision and interference that suppresses throughput.
\boxed{6}"
ID_ZPS9DOT2XB_4,"The serving cell (PCI 455) shares PCI mod 30 with neighbor PCI(s) [575], causing reference-signal collision and interference that suppresses throughput.
\boxed{6}"
ID_V5XK9NTVM5_1,"The serving cell's total downtilt of about 11.0° is shallow relative to its vertical beamwidth of 6.0°, extending the main beam's reach well beyond the intended ~1km coverage radius, indicating the cell is over-shooting its intended coverage area rather than being properly contained.
\boxed{3}"
ID_V5XK9NTVM5_2,"The serving cell's total downtilt of about 11.0° is shallow relative to its vertical beamwidth of 6.0°, extending the main beam's reach well beyond the intended ~1km coverage radius, indicating the cell is over-shooting its intended coverage area rather than being properly contained.
\boxed{3}"
ID_V5XK9NTVM5_3,"The serving cell's total downtilt of about 11.0° is shallow relative to its vertical beamwidth of 6.0°, extending the main beam's reach well beyond the intended ~1km coverage radius, indicating the cell is over-shooting its intended coverage area rather than being properly contained.
\boxed{3}"
ID_V5XK9NTVM5_4,"The serving cell's total downtilt of about 11.0° is shallow relative to its vertical beamwidth of 6.0°, extending the main beam's reach well beyond the intended ~1km coverage radius, indicating the cell is over-shooting its intended coverage area rather than being properly contained.
\boxed{3}"
ID_2N45YPG9OI_1,"The serving cell (PCI 440) shares PCI mod 30 with neighbor PCI(s) [871], causing reference-signal collision and interference that suppresses throughput.
\boxed{S2}"
ID_2N45YPG9OI_2,"The serving cell (PCI 440) shares PCI mod 30 with neighbor PCI(s) [871], causing reference-signal collision and interference that suppresses throughput.
\boxed{S2}"
ID_2N45YPG9OI_3,"The serving cell's total downtilt is about 16.0° against a vertical beamwidth of 12.0° at a mounting height of 36.0m, which narrows the effective coverage radius and pulls the main beam toward the ground close to the site. The serving SS-RSRP averages -79.1 dBm, consistent with weak far-end coverage caused by excessive downtilt.
\boxed{S8}"
ID_2N45YPG9OI_4,"The serving cell's total downtilt is about 19.0° against a vertical beamwidth of 6.0° at a mounting height of 35.0m, which narrows the effective coverage radius and pulls the main beam toward the ground close to the site. The serving SS-RSRP averages -79.4 dBm, consistent with weak far-end coverage caused by excessive downtilt.
\boxed{S8}"
ID_MK8ASJN031_1,"The average scheduled RB count is about 156.9, below the 160-RB threshold needed to sustain high throughput, directly explaining the low observed data rate.
\boxed{Q3}"
ID_MK8ASJN031_2,"The average scheduled RB count is about 155.6, below the 160-RB threshold needed to sustain high throughput, directly explaining the low observed data rate.
\boxed{Q3}"
ID_MK8ASJN031_3,"The average scheduled RB count is about 155.4, below the 160-RB threshold needed to sustain high throughput, directly explaining the low observed data rate.
\boxed{Q3}"
ID_MK8ASJN031_4,"The average scheduled RB count is about 157.6, below the 160-RB threshold needed to sustain high throughput, directly explaining the low observed data rate.
\boxed{Q3}"
ID_DZAIIZJVCS_1,"The serving cell's total downtilt is about 16° against a vertical beamwidth of 12° at a mounting height of 30.1m, which narrows the effective coverage radius and pulls the main beam toward the ground close to the site. The serving SS-RSRP averages -84.6 dBm, consistent with weak far-end coverage caused by excessive downtilt.
\boxed{R8}"
ID_DZAIIZJVCS_2,"The serving cell's total downtilt is about 16° against a vertical beamwidth of 12° at a mounting height of 30.1m, which narrows the effective coverage radius and pulls the main beam toward the ground close to the site. The serving SS-RSRP averages -84.5 dBm, consistent with weak far-end coverage caused by excessive downtilt.
\boxed{R8}"
ID_DZAIIZJVCS_3,"The serving cell's total downtilt is about 16.0° against a vertical beamwidth of 6.0° at a mounting height of 30.1m, which narrows the effective coverage radius and pulls the main beam toward the ground close to the site. The serving SS-RSRP averages -84.6 dBm, consistent with weak far-end coverage caused by excessive downtilt.
\boxed{R8}"
ID_DZAIIZJVCS_4,"The serving cell's total downtilt is about 16.0° against a vertical beamwidth of 6.0° at a mounting height of 30.1m, which narrows the effective coverage radius and pulls the main beam toward the ground close to the site. The serving SS-RSRP averages -84.5 dBm, consistent with weak far-end coverage caused by excessive downtilt.
\boxed{R8}"
ID_A0GZDDFX1S_1,"Neighbor cell(s) [433] arrive at comparable signal strength to the serving cell but originate from a different, non-colocated site, producing severe overlapping coverage that degrades throughput.
\boxed{I3}"
ID_A0GZDDFX1S_2,"Neighbor cell(s) [433] arrive at comparable signal strength to the serving cell but originate from a different, non-colocated site, producing severe overlapping coverage that degrades throughput.
\boxed{I3}"
ID_A0GZDDFX1S_3,"Neighbor cell(s) [433] arrive at comparable signal strength to the serving cell but originate from a different, non-colocated site, producing severe overlapping coverage that degrades throughput.
\boxed{I3}"
ID_A0GZDDFX1S_4,"Neighbor cell(s) [433] arrive at comparable signal strength to the serving cell but originate from a different, non-colocated site, producing severe overlapping coverage that degrades throughput.
\boxed{I3}"
ID_L8HFIOSB0B_1,"The average scheduled RB count is about 166.9, below the 160-RB threshold needed to sustain high throughput, directly explaining the low observed data rate.
\boxed{3}"
ID_L8HFIOSB0B_2,"The average scheduled RB count is about 166.6, below the 160-RB threshold needed to sustain high throughput, directly explaining the low observed data rate.
\boxed{3}"
ID_L8HFIOSB0B_3,"The average scheduled RB count is about 166.6, below the 160-RB threshold needed to sustain high throughput, directly explaining the low observed data rate.
\boxed{3}"
ID_L8HFIOSB0B_4,"The average scheduled RB count is about 166.7, below the 160-RB threshold needed to sustain high throughput, directly explaining the low observed data rate.
\boxed{3}"
ID_BYJLT0XGS0_1,"The serving cell's total downtilt is about 16.0° against a vertical beamwidth of 6.0° at a mounting height of 30.1 m, which narrows the effective coverage radius and pulls the main beam toward the ground close to the site. The serving SS-RSRP averages -81.1 dBm, consistent with weak far-end coverage caused by excessive downtilt.
\boxed{6}"
ID_BYJLT0XGS0_2,"The serving cell's total downtilt is about 15.0° against a vertical beamwidth of 6.0° at a mounting height of 30.1 m, which narrows the effective coverage radius and pulls the main beam toward the ground close to the site. The serving SS-RSRP averages -81.4 dBm, consistent with weak far-end coverage caused by excessive downtilt.
\boxed{6}"
ID_BYJLT0XGS0_3,"Neighbor cell(s) [650] arrive at comparable signal strength to the serving cell but originate from a different, non-colocated site, producing severe overlapping coverage that degrades throughput.
\boxed{2}"
ID_BYJLT0XGS0_4,"The serving cell's total downtilt is about 15.0° against a vertical beamwidth of 6.0° at a mounting height of 30.1m, which narrows the effective coverage radius and pulls the main beam toward the ground close to the site. The serving SS-RSRP averages -81.0 dBm, consistent with weak far-end coverage caused by excessive downtilt.
\boxed{6}"
ID_OYHOBRM8CJ_1,"The average scheduled RB count is about 159.6, below the 160-RB threshold needed to sustain high throughput, directly explaining the low observed data rate.
\boxed{M5}"
ID_OYHOBRM8CJ_2,"The average scheduled RB count is about 159.4, below the 160-RB threshold needed to sustain high throughput, directly explaining the low observed data rate.
\boxed{M5}"
ID_OYHOBRM8CJ_3,"The average scheduled RB count is about 159.8, below the 160-RB threshold needed to sustain high throughput, directly explaining the low observed data rate.
\boxed{M5}"
ID_OYHOBRM8CJ_4,"The average scheduled RB count is about 159.4, below the 160-RB threshold needed to sustain high throughput, directly explaining the low observed data rate.
\boxed{M5}"
ID_80SXZUYTZM_1,"The average scheduled RB count is about 166.6, below the 160-RB threshold needed to sustain high throughput, directly explaining the low observed data rate.
\boxed{D3}"
ID_80SXZUYTZM_2,"The serving cell (PCI 980) shares PCI mod 30 with neighbor PCI(s) [745], causing reference-signal collision and interference that suppresses throughput.
\boxed{D7}"
ID_80SXZUYTZM_3,"The serving cell (PCI 980) shares PCI mod 30 with neighbor PCI(s) [745], causing reference-signal collision and interference that suppresses throughput.
\boxed{D7}"
ID_80SXZUYTZM_4,"The average scheduled RB count is about 166.6, below the 160-RB threshold needed to sustain high throughput, directly explaining the low observed data rate.
\boxed{D3}"
ID_8H8W8HMS2H_1,"The test vehicle's GPS speed averages 15.0 km/h and peaks at 37.0 km/h, with the peak exceeding the 40km/h mobility threshold at which scheduling and channel estimation degrade, impacting throughput.
\boxed{2}"
ID_8H8W8HMS2H_2,"A neighboring cell reaches this location with a filtered Tx BRSRP of about -87.4 dBm, comparable to or stronger than the serving cell's average SS-RSRP of -86.5 dBm, suggesting a neighbor would deliver higher throughput than the current serving cell.
\boxed{1}"
ID_8H8W8HMS2H_3,"A neighboring cell reaches this location with a filtered Tx BRSRP of about -87.4 dBm, comparable to or stronger than the serving cell's average SS-RSRP of -86.4 dBm, suggesting a neighbor would deliver higher throughput than the current serving cell.
\boxed{1}"
ID_8H8W8HMS2H_4,"A neighboring cell reaches this location with a filtered Tx BRSRP of about -87.4 dBm, comparable to or stronger than the serving cell's average SS-RSRP of -86.5 dBm, suggesting a neighbor would deliver higher throughput than the current serving cell.
\boxed{1}"
ID_T2JCI2FZAB_1,"The average scheduled RB count is about 155.7, below the 160-RB threshold needed to sustain high throughput, directly explaining the low observed data rate.
\boxed{Q6}"
ID_T2JCI2FZAB_2,"The average scheduled RB count is about 157.8, below the 160-RB threshold needed to sustain high throughput, directly explaining the low observed data rate.
\boxed{Q6}"
ID_T2JCI2FZAB_3,"The average scheduled RB count is about 155.7, below the 160-RB threshold needed to sustain high throughput, directly explaining the low observed data rate.
\boxed{Q6}"
ID_T2JCI2FZAB_4,"The average scheduled RB count is about 156.7, below the 160-RB threshold needed to sustain high throughput, directly explaining the low observed data rate.
\boxed{Q6}"
ID_9BH9YETW2N_1,"The serving cell's total downtilt is about 26.0° against a vertical beamwidth of 12.0° at a mounting height of 21.5m, which narrows the effective coverage radius and pulls the main beam toward the ground close to the site. The serving SS-RSRP averages -70.9 dBm, consistent with weak far-end coverage caused by excessive downtilt.
\boxed{V7}"
ID_9BH9YETW2N_2,"The serving cell's total downtilt is about 26.0° against a vertical beamwidth of 12.0° at a mounting height of 49.1m, which narrows the effective coverage radius and pulls the main beam toward the ground close to the site. The serving SS-RSRP averages -70.4 dBm, consistent with weak far-end coverage caused by excessive downtilt.
\boxed{V7}"
ID_9BH9YETW2N_3,"The test vehicle's GPS speed averages 31.9 km/h and peaks at 65 km/h, with the peak exceeding the 40km/h mobility threshold at which scheduling and channel estimation degrade, impacting throughput.
\boxed{V5}"
ID_9BH9YETW2N_4,"The serving cell's total downtilt is about 26.0° against a vertical beamwidth of 12.0° at a mounting height of 49.1m, which narrows the effective coverage radius and pulls the main beam toward the ground close to the site. The serving SS-RSRP averages -70.5 dBm, consistent with weak far-end coverage caused by excessive downtilt.
\boxed{V7}"
ID_6IEQRSENON_1,"Neighbor cell(s) [240] arrive at comparable signal strength to the serving cell but originate from a different, non-colocated site, producing severe overlapping coverage that degrades throughput.
\boxed{L1}"
ID_6IEQRSENON_2,"Neighbor cell(s) [240] arrive at comparable signal strength to the serving cell but originate from a different, non-colocated site, producing severe overlapping coverage that degrades throughput.
\boxed{L1}"
ID_6IEQRSENON_3,"Neighbor cell(s) [240] arrive at comparable signal strength to the serving cell but originate from a different, non-colocated site, producing severe overlapping coverage that degrades throughput.
\boxed{L1}"
ID_6IEQRSENON_4,"Neighbor cell(s) [240] arrive at comparable signal strength to the serving cell but originate from a different, non-colocated site, producing severe overlapping coverage that degrades throughput.
\boxed{L1}"
ID_H0JY2R1TWZ_1,"The serving cell (PCI 309) shares PCI mod 30 with neighbor PCI(s) [189], causing reference-signal collision and interference that suppresses throughput.
\boxed{W7}"
ID_H0JY2R1TWZ_2,"The serving cell (PCI 309) shares PCI mod 30 with neighbor PCI(s) [189], causing reference-signal collision and interference that suppresses throughput.
\boxed{W7}"
ID_H0JY2R1TWZ_3,"The serving cell (PCI 309) shares PCI mod 30 with neighbor PCI(s) [189], causing reference-signal collision and interference that suppresses throughput.
\boxed{W7}"
ID_H0JY2R1TWZ_4,"The serving cell (PCI 309) shares PCI mod 30 with neighbor PCI(s) [189], causing reference-signal collision and interference that suppresses throughput.
\boxed{W7}"
ID_52LG3VJM5W_1,"The serving cell's total downtilt is about 16.0° against a vertical beamwidth of 6.0° at a mounting height of 30.1m, which narrows the effective coverage radius and pulls the main beam toward the ground close to the site. The serving SS-RSRP averages -76.9 dBm, consistent with weak far-end coverage caused by excessive downtilt.
\boxed{D4}"
ID_52LG3VJM5W_2,"The serving cell's total downtilt of about 15.0° is shallow relative to its vertical beamwidth of 6.0°, extending the main beam's reach well beyond the intended ~1km coverage radius, indicating the cell is over-shooting its intended coverage area rather than being properly contained.
\boxed{D2}"
ID_52LG3VJM5W_3,"The serving cell's total downtilt is about 15.0° against a vertical beamwidth of 6.0° at a mounting height of 30.1m, which narrows the effective coverage radius and pulls the main beam toward the ground close to the site. The serving SS-RSRP averages -76.9 dBm, consistent with weak far-end coverage caused by excessive downtilt.
\boxed{D4}"
ID_52LG3VJM5W_4,"The serving cell's total downtilt is about 15.0° against a vertical beamwidth of 6.0° at a mounting height of 30.1 m, which narrows the effective coverage radius and pulls the main beam toward the ground close to the site. The serving SS-RSRP averages -76.9 dBm, consistent with weak far-end coverage caused by excessive downtilt.
\boxed{D4}"
ID_UKQL04FDHF_1,"The serving cell's total downtilt of about 15.0° is shallow relative to its vertical beamwidth of 12.0°, extending the main beam's reach well beyond the intended ~1km coverage radius, indicating the cell is over-shooting its intended coverage area rather than being properly contained.
\boxed{6}"
ID_UKQL04FDHF_2,"The serving cell's total downtilt of about 10.0° is shallow relative to its vertical beamwidth of 6.0°, extending the main beam's reach well beyond the intended ~1km coverage radius, indicating the cell is over-shooting its intended coverage area rather than being properly contained.
\boxed{6}"
ID_UKQL04FDHF_3,"The serving cell's total downtilt of about 15.0° is shallow relative to its vertical beamwidth of 12.0°, extending the main beam's reach well beyond the intended ~1km coverage radius, indicating the cell is over-shooting its intended coverage area rather than being properly contained.
\boxed{6}"
ID_UKQL04FDHF_4,"The serving cell's total downtilt of about 15.0° is shallow relative to its vertical beamwidth of 6.0°, extending the main beam's reach well beyond the intended ~1km coverage radius, indicating the cell is over-shooting its intended coverage area rather than being properly contained.
\boxed{6}"
ID_9DQEP8FLNR_1,"The average scheduled RB count is about 158.6, below the 160-RB threshold needed to sustain high throughput, directly explaining the low observed data rate.
\boxed{4}"
ID_9DQEP8FLNR_2,"The serving cell (PCI 990) shares PCI mod 30 with neighbor PCI(s) [210], causing reference-signal collision and interference that suppresses throughput.
\boxed{2}"
ID_9DQEP8FLNR_3,"The serving cell (PCI 990) shares PCI mod 30 with neighbor PCI(s) [210], causing reference-signal collision and interference that suppresses throughput.
\boxed{2}"
ID_9DQEP8FLNR_4,"The serving cell (PCI 990) shares PCI mod 30 with neighbor PCI(s) [210], causing reference-signal collision and interference that suppresses throughput.
\boxed{2}"
ID_8W8JBVLERY_1,"The serving cell (PCI 420) shares PCI mod 30 with neighbor PCI(s) [540], causing reference-signal collision and interference that suppresses throughput.
\boxed{5}"
ID_8W8JBVLERY_2,"The serving cell (PCI 420) shares PCI mod 30 with neighbor PCI(s) [540], causing reference-signal collision and interference that suppresses throughput.
\boxed{5}"
ID_8W8JBVLERY_3,"The serving cell (PCI 420) shares PCI mod 30 with neighbor PCI(s) [540], causing reference-signal collision and interference that suppresses throughput.
\boxed{5}"
ID_8W8JBVLERY_4,"The serving cell (PCI 420) shares PCI mod 30 with neighbor PCI(s) [540], causing reference-signal collision and interference that suppresses throughput.
\boxed{5}"
ID_CMO4MXBFD2_1,"The serving PCI changes 3 times across this short window of data, indicating frequent handovers that interrupt scheduling and degrade sustained throughput.
\boxed{C}"
ID_CMO4MXBFD2_2,"The serving PCI changes 3 times across this short window of data, indicating frequent handovers that interrupt scheduling and degrade sustained throughput.
\boxed{C}"
ID_CMO4MXBFD2_3,"The serving PCI changes 3 times across this short window of data, indicating frequent handovers that interrupt scheduling and degrade sustained throughput.
\boxed{C}"
ID_CMO4MXBFD2_4,"The serving PCI changes 3 times across this short window of data, indicating frequent handovers that interrupt scheduling and degrade sustained throughput.
\boxed{E}"
ID_PKNVYYMN9M_1,"The serving PCI changes 3 times across this short drive-test window, indicating frequent handovers that interrupt scheduling and degrade sustained throughput.
\boxed{1}"
ID_PKNVYYMN9M_2,"The serving PCI changes 3 times across this short drive-test window, indicating frequent handovers that interrupt scheduling and degrade sustained throughput.
\boxed{1}"
ID_PKNVYYMN9M_3,"The serving PCI changes 3 times across this short drive-test window, indicating frequent handovers that interrupt scheduling and degrade sustained throughput.
\boxed{1}"
ID_PKNVYYMN9M_4,"The serving PCI changes 3 times across this short drive-test window, indicating frequent handovers that interrupt scheduling and degrade sustained throughput.
\boxed{1}"
ID_V7RI2M1LAY_1,"Neighbor cell(s) [240] arrive at comparable signal strength to the serving cell but originate from a different, non-colocated site, producing severe overlapping coverage that degrades throughput.
\boxed{8}"
ID_V7RI2M1LAY_2,"Neighbor cell(s) [240] arrive at comparable signal strength to the serving cell but originate from a different, non-colocated site, producing severe overlapping coverage that degrades throughput.
\boxed{8}"
ID_V7RI2M1LAY_3,"Neighbor cell(s) [240] arrive at comparable signal strength to the serving cell but originate from a different, non-colocated site, producing severe overlapping coverage that degrades throughput.
\boxed{8}"
ID_V7RI2M1LAY_4,"Neighbor cell(s) [240] arrive at comparable signal strength to the serving cell but originate from a different, non-colocated site, producing severe overlapping coverage that degrades throughput.
\boxed{8}"
ID_2GP5WQ9853_1,"The serving cell's total downtilt of about 8.0° is shallow relative to its vertical beamwidth of 6.0°, which narrows the effective coverage radius and pulls the main signal toward the ground close to the site. This pulls the main signal's peak away from the intended coverage area, toward the ground close to the site, weakening coverage on far-end sites.
\boxed{H6}"
ID_2GP5WQ9853_2,"The serving cell's total downtilt of about 8.0° is shallow relative to its vertical beamwidth of 6.0°, which narrows the effective coverage radius and pulls the main signal toward the ground close to the site. This causes weak far-end coverage.
\boxed{H6}"
ID_2GP5WQ9853_3,"The serving cell's total downtilt of about 8.0° is shallow relative to its vertical beamwidth of 6.0°, which narrows the effective coverage radius and pulls the main beam toward the ground close to the site. This causes strong reference signal collision with nearby neighbors, suppressing channel estimation and slowing scheduling.
\boxed{H6}"
ID_2GP5WQ9853_4,"The serving cell's total downtilt of about 8.0° is shallow relative to its vertical beamwidth of 6.0°, which narrows the effective coverage radius and pulls the main beam toward the ground close to the site. This causes strong reference signal collision with nearby neighbors, suppressing channel estimation and degradation of throughput.
\boxed{H6}"
ID_VJ2UXQJ7OX_1,"The average scheduled RB count is about 165.6, below the 160-RB threshold needed to sustain high throughput, directly explaining the low observed data rate.
\boxed{J4}"
ID_VJ2UXQJ7OX_2,"The serving cell (PCI 433) shares PCI mod 30 with neighbor PCI(s) [990], causing reference-signal collision and interference that suppresses throughput.
\boxed{J6}"
ID_VJ2UXQJ7OX_3,"The average scheduled RB count is about 165.6, below the 160-RB threshold needed to sustain high throughput, directly explaining the low observed data rate.
\boxed{J4}"
ID_VJ2UXQJ7OX_4,"The average scheduled RB count is about 165.6, below the 160-RB threshold needed to sustain high throughput, directly explaining the low observed data rate.
\boxed{J4}"
ID_D2QZ07QDO9_1,"Neighbor cell(s) [298] arrive at comparable signal strength to the serving cell but originate from a different, non-colocated site, producing severe overlapping coverage that degrades throughput.
\boxed{7}"
ID_D2QZ07QDO9_2,"Neighbor cell(s) [298] arrive at comparable signal strength to the serving cell but originate from a different, non-colocated site, producing severe overlapping coverage that degrades throughput.
\boxed{7}"
ID_D2QZ07QDO9_3,"Neighbor cell(s) [298] arrive at comparable signal strength to the serving cell but originate from a different, non-colocated site, producing severe overlapping coverage that degrades throughput.
\boxed{7}"
ID_D2QZ07QDO9_4,"Neighbor cell(s) [298] arrive at comparable signal strength to the serving cell but originate from a different, non-colocated site, producing severe overlapping coverage that degrades throughput.
\boxed{7}"
ID_2FT3OI6DBP_1,"The serving cell (PCI 980) shares PCI mod 30 with neighbor PCI(s) [745], causing reference-signal collision and interference that suppresses throughput.
\boxed{5}"
ID_2FT3OI6DBP_2,"The serving cell (PCI 980) shares PCI mod 30 with neighbor PCI(s) [745], causing reference-signal collision and interference that suppresses throughput.
\boxed{5}"
ID_2FT3OI6DBP_3,"The serving cell (PCI 980) shares PCI mod 30 with neighbor PCI(s) [745], causing reference-signal collision and interference that suppresses throughput.
\boxed{5}"
ID_2FT3OI6DBP_4,"The serving cell (PCI 980) shares PCI mod 30 with neighbor PCI(s) [745], causing reference-signal collision and interference that suppresses throughput.
\boxed{5}"
ID_49Z6DH6YVP_1,"Neighbor cell(s) [49] arrive at comparable signal strength to the serving cell but originate from a different, non-similar network, producing severe overlapping coverage that degrades throughput.
\boxed{A}"
ID_49Z6DH6YVP_2,"The serving cell (PCI 504990) shares PCI with neighbor PCI(s) 49, which causes reference-signal collision and interference that suppresses throughput.
\boxed{A}"
ID_49Z6DH6YVP_3,"The serving cell (PCI 504990) shares PCI with neighbor PCI(s) 49, which causes reference-signal collision and interference that suppresses throughput.
\boxed{A}"
ID_49Z6DH6YVP_4,"The serving cell (PCI 504990) shares PCI with neighbor PCI(s) 49, which causes reference-signal collision and interference that suppresses throughput.
\boxed{A}"
ID_6LQ8NTJDPN_1,"The serving cell (PCI 374) shares PCI mod 30 with neighbor PCI(s) [298, 430], causing reference-signal collision and interference that suppresses throughput.
\boxed{R2}"
ID_6LQ8NTJDPN_2,"The serving cell (PCI 374) shares PCI mod 30 with neighbor PCI(s) [298, 430], causing reference-signal collision and interference that suppresses throughput.
\boxed{R2}"
ID_6LQ8NTJDPN_3,"The serving cell (PCI 374) shares PCI mod 30 with neighbor PCI(s) [298, 430], causing reference-signal collision and interference that suppresses throughput.
\boxed{R2}"
ID_6LQ8NTJDPN_4,"The serving cell (PCI 374) shares PCI mod 30 with neighbor PCI(s) [298, 430], causing reference-signal collision and interference that suppresses throughput.
\boxed{R2}"
ID_S80EEBP5M3_1,"The serving PCI changes 3 times across this short drive-test window, indicating frequent handovers that interrupt scheduling and degrade sustained throughput.
\boxed{6}"
ID_S80EEBP5M3_2,"The serving PCI changes 3 times across this short drive-test window, indicating frequent handovers that interrupt scheduling and degrade sustained throughput.
\boxed{6}"
ID_S80EEBP5M3_3,"The serving PCI changes 3 times across this short drive-test window, indicating frequent handovers that interrupt scheduling and degrade sustained throughput.
\boxed{6}"
ID_S80EEBP5M3_4,"The serving PCI changes 3 times across this short drive-test window, indicating frequent handovers that interrupt scheduling and degrade sustained throughput.
\boxed{6}"
ID_J91CNHP7J4_1,"The average scheduled RB count is about 159.7, below the 160-RB threshold needed to sustain high throughput, directly explaining the low observed data rate.
\boxed{P5}"
ID_J91CNHP7J4_2,"The average scheduled RB count is about 159.6, below the 160-RB threshold needed to sustain high throughput, directly explaining the low observed data rate.
\boxed{P5}"
ID_J91CNHP7J4_3,"The average scheduled RB count is about 159.7, below the 160-RB threshold needed to sustain high throughput, directly explaining the low observed data rate.
\boxed{P5}"
ID_J91CNHP7J4_4,"The average scheduled RB count is about 159.8, below the 160-RB threshold needed to sustain high throughput, directly explaining the low observed data rate.
\boxed{P5}"
ID_SU21QGFMME_1,"The serving cell (PCI 298) shares PCI mod 30 with neighbor PCI(s) [418], causing reference-signal collision and interference that suppresses throughput.
\boxed{3}"
ID_SU21QGFMME_2,"The serving cell's total downtilt is about 14.0° against a vertical beamwidth of 6.0° at a mounting height of 20.4m, which narrows the effective coverage radius and pulls the main beam toward the ground close to the site. The serving SS-RSRP averages -83.5 dBm, consistent with weak far-end coverage caused by excessive downtilt.
\boxed{6}"
ID_SU21QGFMME_3,"The serving cell (PCI 298) shares PCI mod 30 with neighbor PCI(s) [418], causing reference-signal collision and interference that suppresses throughput.
\boxed{3}"
ID_SU21QGFMME_4,"The serving cell (PCI 298) shares PCI mod 30 with neighbor PCI(s) [418], causing reference-signal collision and interference that suppresses throughput.
\boxed{3}"
ID_EXBO80ASZX_1,"The average scheduled RB count is about 154.9, below the 160-RB threshold needed to sustain high throughput, directly explaining the low observed data rate.
\boxed{T2}"
ID_EXBO80ASZX_2,"The average scheduled RB count is about 154.6, below the 160-RB threshold needed to sustain high throughput, directly explaining the low observed data rate.
\boxed{T2}"
ID_EXBO80ASZX_3,"The average scheduled RB count is about 154.6, below the 160-RB threshold needed to sustain high throughput, directly explaining the low observed data rate.
\boxed{T2}"
ID_EXBO80ASZX_4,"The average scheduled RB count is about 155.9, below the 160-RB threshold needed to sustain high throughput, directly explaining the low observed data rate.
\boxed{T2}"
ID_JQP6JO7RM3_1,"The average scheduled RB count is about 157.8, below the 160-RB threshold needed to sustain high throughput, directly explaining the low observed data rate.
\boxed{8}"
ID_JQP6JO7RM3_2,"The average scheduled RB count is about 157.6, below the 160-RB threshold needed to sustain high throughput, directly explaining the low observed data rate.
\boxed{8}"
ID_JQP6JO7RM3_3,"The average scheduled RB count is about 157.8, below the 160-RB threshold needed to sustain high throughput, directly explaining the low observed data rate.
\boxed{8}"
ID_JQP6JO7RM3_4,"The average scheduled RB count is about 157.0, below the 160-RB threshold needed to sustain high throughput, directly explaining the low observed data rate.
\boxed{8}"
ID_R9V0RWCTP6_1,"Neighbor cell(s) [990] arrive at comparable signal strength to the serving cell but originate from a different, non-colocated site, producing severe overlapping coverage that degrades throughput.
\boxed{X7}"
ID_R9V0RWCTP6_2,"Neighbor cell(s) [990] arrive at comparable signal strength to the serving cell but originate from a different, non-colocated site, producing severe overlapping coverage that degrades throughput.
\boxed{X7}"
ID_R9V0RWCTP6_3,"Neighbor cell(s) [440] arrive at comparable signal strength to the serving cell but originate from a different, non-colocated site, producing severe overlapping coverage that degrades throughput.
\boxed{X7}"
ID_R9V0RWCTP6_4,"Neighbor cell(s) [990] arrive at comparable signal strength to the serving cell but originate from a different, non-colocated site, producing severe overlapping coverage that degrades throughput.
\boxed{X7}"
ID_N8GZ4AZA72_1,"The average scheduled RB count is about 156.6, below the 160-RB threshold needed to sustain high throughput, directly explaining the low observed data rate.
\boxed{I4}"
ID_N8GZ4AZA72_2,"The average scheduled RB count is about 156.7, below the 160-RB threshold needed to sustain high throughput, directly explaining the low observed data rate.
\boxed{I4}"
ID_N8GZ4AZA72_3,"The average scheduled RB count is about 155.9, below the 160-RB threshold needed to sustain high throughput, directly explaining the low observed data rate.
\boxed{I4}"
ID_N8GZ4AZA72_4,"The average scheduled RB count is about 155.9, below the 160-RB threshold needed to sustain high throughput, directly explaining the low observed data rate.
\boxed{I4}"
ID_GLOXM0DL65_1,"The serving RSRP averages -85.6 dBm, which is below the average of all observed RSRPs (-85.7 dBm), suggesting weak overall coverage.
\boxed{F}"
ID_GLOXM0DL65_2,"The serving PCI changes 3 times across this short window of data, indicating frequent handovers that interrupt scheduling and degrade sustained throughput.
\boxed{C}"
ID_GLOXM0DL65_3,"The serving PCI changes 3 times across this short window of data, indicating frequent handovers that interrupt scheduling and degrade sustained throughput.
\boxed{C}"
ID_GLOXM0DL65_4,"The serving cell's total RSSI declines to -85.4 dBm, consistent with weak coverage caused by excessive interference or severe channel degradation.
\boxed{F}"
ID_TKRCWTVKTV_1,"The serving cell's total downtilt is about 11.0° against a vertical beamwidth of 6.0° at a mounting height of 14.7m, which narrows the effective coverage radius and pulls the main beam toward the ground close to the site. This pulls the main signal toward the ground close to the site, shading neighbors that would otherwise receive valid signal strength.
\boxed{B3}"
ID_TKRCWTVKTV_2,"The serving cell's total downtilt is about 11.0° against a vertical beamwidth of 6.0° at a mounting height of 14.7m, which narrows the effective coverage radius and pulls the main beam toward the ground close to the site. The serving SS-RSRP averages -86.7 dBm, consistent with weak far-end coverage caused by excessive downtilt.
\boxed{B3}"
ID_TKRCWTVKTV_3,"The serving cell's total downtilt is about 11.0° against a vertical beamwidth of 6.0° at a mounting height of 14.7m, which narrows the effective coverage radius and pulls the main beam toward the ground close to the site. This pulls the main signal toward the ground close to the site, shading off neighbors that would otherwise occupy this land area, primarily suppressing their signal strength rather than boosting it.
\boxed{B3}"
ID_TKRCWTVKTV_4,"The serving cell's total downtilt is about 11.0° against a vertical beamwidth of 6.0° at a mounting height of 14.7m, which narrows the effective coverage radius and pulls the main beam toward the ground close to the site. This pulls the main signal toward the ground close to the site, shading off neighbors that would otherwise occupy this land area, primarily suppressing their signal strength rather than boosting it.
\boxed{B3}"
ID_OXOUBX9GWT_1,"The average scheduled RB count is about 167.1, below the 160-RB threshold needed to sustain high throughput, directly explaining the low observed data rate.
\boxed{B1}"
ID_OXOUBX9GWT_2,"The average scheduled RB count is about 168.1, below the 170-RB threshold needed to sustain high throughput, directly explaining the low observed data rate.
\boxed{B1}"
ID_OXOUBX9GWT_3,"The average scheduled RB count is about 167.3, below the 160-RB threshold needed to sustain high throughput, directly explaining the low observed data rate.
\boxed{B1}"
ID_OXOUBX9GWT_4,"The average scheduled RB count is about 168.2, below the 170-RB threshold needed to sustain high throughput, directly explaining the low observed data rate.
\boxed{B1}"
ID_FBLARXN8EP_1,"The serving PCI changes 3 times across this short drive-test window, indicating frequent handovers that interrupt scheduling and degrade sustained throughput.
\boxed{M7}"
ID_FBLARXN8EP_2,"The serving PCI changes 3 times across this short drive-test window, indicating frequent handovers that interrupt scheduling and degrade sustained throughput.
\boxed{M7}"
ID_FBLARXN8EP_3,"The serving PCI changes 3 times across this short drive-test window, indicating frequent handovers that interrupt scheduling and degrade sustained throughput.
\boxed{M7}"
ID_FBLARXN8EP_4,"The serving PCI changes 3 times across this short drive-test window, indicating frequent handovers that interrupt scheduling and degrade sustained throughput.
\boxed{M7}"
ID_D57ULG1ZBZ_1,"The serving cell's total downtilt is about 26.0° against a vertical beamwidth of 12.0° at a mounting height of 30.1m, which narrows the effective coverage radius and pulls the main beam toward the ground close to the site. The serving SS-RSRP averages -69.7 dBm, consistent with weak far-end coverage caused by excessive downtilt.
\boxed{O8}"
ID_D57ULG1ZBZ_2,"The serving cell's total downtilt is about 26.0° against a vertical beamwidth of 12.0° at a mounting height of 14.7m, which narrows the effective coverage radius and pulls the main beam toward the ground close to the site. The serving SS-RSRP averages -69.7 dBm, consistent with weak far-end coverage caused by excessive downtilt.
\boxed{O8}"
ID_D57ULG1ZBZ_3,"The serving cell's total downtilt is about 26.0° against a vertical beamwidth of 12.0° at a mounting height of 63.5m, which narrows the effective coverage radius and pulls the main beam toward the ground close to the site. The serving SS-RSRP averages -69.7 dBm, consistent with weak far-end coverage caused by excessive downtilt.
\boxed{O8}"
ID_D57ULG1ZBZ_4,"The serving cell's total downtilt is about 26.0° against a vertical beamwidth of 12.0° at a mounting height of 30.1m, which narrows the effective coverage radius and pulls the main beam toward the ground close to the site. The serving SS-RSRP averages -69.8 dBm, consistent with weak far-end coverage caused by excessive downtilt.
\boxed{O8}"
ID_TYTKI7UTME_1,"The average scheduled RB count is about 161.0, below the 160-RB threshold needed to sustain high throughput, directly explaining the low observed data rate.
\boxed{X8}"
ID_TYTKI7UTME_2,"The average scheduled RB count is about 161.0, below the 160-RB threshold needed to sustain high throughput, directly explaining the low observed data rate.
\boxed{X8}"
ID_TYTKI7UTME_3,"The average scheduled RB count is about 161.0, below the 160-RB threshold needed to sustain high throughput, directly explaining the low observed data rate.
\boxed{X8}"
ID_TYTKI7UTME_4,"The average scheduled RB count is about 161.0, below the 160-RB threshold needed to sustain high throughput, directly explaining the low observed data rate.
\boxed{X8}"
ID_TQOG8S8WSP_1,"Neighbor cell(s) [650] arrive at comparable signal strength to the serving cell but originate from a different, non-colocated site, producing severe overlapping coverage that degrades throughput.
\boxed{D5}"
ID_TQOG8S8WSP_2,"Neighbor cell(s) [650] arrive at comparable signal strength to the serving cell but originate from a different, non-colocated site, producing severe overlapping coverage that degrades throughput.
\boxed{D5}"
ID_TQOG8S8WSP_3,"Neighbor cell(s) [650] arrive at comparable signal strength to the serving cell but originate from a different, non-colocated site, producing severe overlapping coverage that degrades throughput.
\boxed{D5}"
ID_TQOG8S8WSP_4,"Neighbor cell(s) [650] arrive at comparable signal strength to the serving cell but originate from a different, non-colocated site, producing severe overlapping coverage that degrades throughput.
\boxed{D5}"
ID_3C1S9NWGCZ_1,"Neighbor cell(s) [405] arrive at comparable signal strength to the serving cell but originate from a different, non-colocated site, producing severe overlapping coverage that degrades throughput.
\boxed{C6}"
ID_3C1S9NWGCZ_2,"Neighbor cell(s) [405] arrive at comparable signal strength to the serving cell but originate from a different, non-colocated site, producing severe overlapping coverage that degrades throughput.
\boxed{C6}"
ID_3C1S9NWGCZ_3,"Neighbor cell(s) [405] arrive at comparable signal strength to the serving cell but originate from a different, non-colocated site, producing severe overlapping coverage that degrades throughput.
\boxed{C6}"
ID_3C1S9NWGCZ_4,"Neighbor cell(s) [405] arrive at comparable signal strength to the serving cell but originate from a different, non-colocated site, producing severe overlapping coverage that degrades throughput.
\boxed{C6}"
ID_NKYBV4EHK6_1,"The serving cell (PCI 455) shares PCI mod 30 with neighbor PCI(s) [575], causing reference-signal collision and interference that suppresses throughput.
\boxed{7}"
ID_NKYBV4EHK6_2,"The serving cell (PCI 455) shares PCI mod 30 with neighbor PCI(s) [575], causing reference-signal collision and interference that suppresses throughput.
\boxed{7}"
ID_NKYBV4EHK6_3,"The serving cell (PCI 455) shares PCI mod 30 with neighbor PCI(s) [575], causing reference-signal collision and interference that suppresses throughput.
\boxed{7}"
ID_NKYBV4EHK6_4,"The serving cell (PCI 455) shares PCI mod 30 with neighbor PCI(s) [575], causing reference-signal collision and interference that suppresses throughput.
\boxed{7}"
ID_BIH9V0MI87_1,"Neighbor cell(s) [650] arrive at comparable signal strength to the serving cell but originate from a different, non-colocated site, producing severe overlapping coverage that degrades throughput.
\boxed{L3}"
ID_BIH9V0MI87_2,"Neighbor cell(s) [650] arrive at comparable signal strength to the serving cell but originate from a different, non-colocated site, producing severe overlapping coverage that degrades throughput.
\boxed{L3}"
ID_BIH9V0MI87_3,"Neighbor cell(s) [650] arrive at comparable signal strength to the serving cell but originate from a different, non-colocated site, producing severe overlapping coverage that degrades throughput.
\boxed{L3}"
ID_BIH9V0MI87_4,"Neighbor cell(s) [650] arrive at comparable signal strength to the serving cell but originate from a different, non-colocated site, producing severe overlapping coverage that degrades throughput.
\boxed{L3}"
ID_X9IHGBMQ0E_1,"The serving cell's total RSRP drops below -83.2 dBm, indicating severe weak coverage caused by weak signal strength.
\boxed{H}"
ID_X9IHGBMQ0E_2,"The serving RSRP averages -84.4 dBm and the average serving SINR is about -2.0 dB, which is weak relative to neighboring cells' RSRPs. This suggests weak overall coverage rather than specific issues with handovers or scheduling.
\boxed{F}"
ID_X9IHGBMQ0E_3,"The serving RSRP averages -84.6 dBm and the average serving SINR is about -2.0 dB, which is weak relative to neighboring cells' RSRPs. This suggests weak overall coverage rather than specific issues with neighbor cells or scheduling.
\boxed{H}"
ID_X9IHGBMQ0E_4,"The serving RSRP averages -84.4 dBm and the average serving SINR is about 12.6 dB, which is consistent with weak coverage caused by poor signal strength.
\boxed{H}"
ID_PLE6ZHPM4I_1,"Neighbor cell(s) [359] arrive at comparable signal strength to the serving cell but originate from a different, non-colocated site, producing severe overlapping coverage that degrades throughput.
\boxed{7}"
ID_PLE6ZHPM4I_2,"Neighbor cell(s) [359] arrive at comparable signal strength to the serving cell but originate from a different, non-colocated site, producing severe overlapping coverage that degrades throughput.
\boxed{7}"
ID_PLE6ZHPM4I_3,"Neighbor cell(s) [359] arrive at comparable signal strength to the serving cell but originate from a different, non-colocated site, producing severe overlapping coverage that degrades throughput.
\boxed{7}"
ID_PLE6ZHPM4I_4,"Neighbor cell(s) [359] arrive at comparable signal strength to the serving cell but originate from a different, non-colocated site, producing severe overlapping coverage that degrades throughput.
\boxed{7}"
ID_TM4TU1PQUH_1,"The serving cell's total downtilt is about 15.0° against a vertical beamwidth of 6.0° at a mounting height of 30.1m, which narrows the effective coverage radius and pulls the main beam toward the ground close to the site. The serving SS-RSRP averages -82.6 dBm, consistent with weak signal strength due to excessive downtilt.
\boxed{R2}"
ID_TM4TU1PQUH_2,"The serving cell (PCI 650) shares PCI mod 30 with neighbor PCI(s) [433, 650], causing reference-signal collision and interference that suppresses throughput.
\boxed{R3}"
ID_TM4TU1PQUH_3,"The serving cell's total downtilt is about 15.0° against a vertical beamwidth of 6.0° at a mounting height of 30.1m, which narrows the effective coverage radius and pulls the main beam toward the ground close to the site. The serving SS-RSRP averages -83.0 dBm, consistent with weak far-end coverage caused by excessive downtilt.
\boxed{R2}"
ID_TM4TU1PQUH_4,"The serving cell (PCI 650) shares PCI mod 30 with neighbor PCI(s) [433, 650], causing reference-signal collision and interference that suppresses throughput.
\boxed{R3}"
ID_K4E1FH1KY3_1,"The average scheduled RB count is about 155.7, below the 160-RB threshold needed to sustain high throughput, directly explaining the low observed data rate.
\boxed{7}"
ID_K4E1FH1KY3_2,"The average scheduled RB count is about 154.8, below the 160-RB threshold needed to sustain high throughput, directly explaining the low observed data rate.
\boxed{7}"
ID_K4E1FH1KY3_3,"The average scheduled RB count is about 153.9, below the 160-RB threshold needed to sustain high throughput, directly explaining the low observed data rate.
\boxed{7}"
ID_K4E1FH1KY3_4,"The average scheduled RB count is about 153.7, below the 160-RB threshold needed to sustain high throughput, directly explaining the low observed data rate.
\boxed{7}"
ID_3BIPC8DG8J_1,"The serving cell's total downtilt of about 22.0° is shallow relative to its vertical beamwidth of 6.0°, extending the main beam's reach well beyond the intended ~1km coverage radius, indicating the cell is over-shooting its intended coverage area rather than being properly contained.
\boxed{U6}"
ID_3BIPC8DG8J_2,"The serving cell's total downtilt of about 22.0° is shallow relative to its vertical beamwidth of 6.0°, extending the main beam's reach well beyond the intended ~1km coverage radius, indicating the cell is over-shooting its intended coverage area rather than being properly contained.
\boxed{U6}"
ID_3BIPC8DG8J_3,"The serving cell's total downtilt of about 22.0° is shallow relative to its vertical beamwidth of 6.0°, extending the main beam's reach well beyond the intended ~1km coverage radius, indicating the cell is over-shooting its intended coverage area rather than being properly contained.
\boxed{U6}"
ID_3BIPC8DG8J_4,"The serving cell's total downtilt of about 24.0° is shallow relative to its vertical beamwidth of 6.0°, extending the main beam's reach well beyond the intended ~1km coverage radius, indicating the cell is over-shooting its intended coverage area rather than being properly contained.
\boxed{U6}"
ID_2FXGEL5WMX_1,"Neighbor cell(s) [440] arrive at comparable signal strength to the serving cell but originate from a different, non-colocated site, producing severe overlapping coverage that degrades throughput.
\boxed{1}"
ID_2FXGEL5WMX_2,"Neighbor cell(s) [440] arrive at comparable signal strength to the serving cell but originate from a different, non-colocated site, producing severe overlapping coverage that degrades throughput.
\boxed{1}"
ID_2FXGEL5WMX_3,"Neighbor cell(s) [440] arrive at comparable signal strength to the serving cell but originate from a different, non-colocated site, producing severe overlapping coverage that degrades throughput.
\boxed{1}"
ID_2FXGEL5WMX_4,"Neighbor cell(s) [440] arrive at comparable signal strength to the serving cell but originate from a different, non-colocated site, producing severe overlapping coverage that degrades throughput.
\boxed{1}"
ID_UGPGNZPG4S_1,"The serving cell (PCI 980) shares PCI mod 30 with neighbor PCI(s) [745], causing reference-signal collision and interference that suppresses throughput.
\boxed{5}"
ID_UGPGNZPG4S_2,"The serving cell (PCI 980) shares PCI mod 30 with neighbor PCI(s) [745], causing reference-signal collision and interference that suppresses throughput.
\boxed{5}"
ID_UGPGNZPG4S_3,"The serving cell (PCI 980) shares PCI mod 30 with neighbor PCI(s) [745], causing reference-signal collision and interference that suppresses throughput.
\boxed{5}"
ID_UGPGNZPG4S_4,"The serving cell (PCI 980) shares PCI mod 30 with neighbor PCI(s) [745], causing reference-signal collision and interference that suppresses throughput.
\boxed{5}"
ID_P0A2749QSK_1,"The serving PCI changes 3 times across this short drive-test window, indicating frequent handovers that interrupt scheduling and degrade sustained throughput.
\boxed{X7}"
ID_P0A2749QSK_2,"The serving PCI changes 3 times across this short drive-test window, indicating frequent handovers that interrupt scheduling and degrade sustained throughput.
\boxed{X7}"
ID_P0A2749QSK_3,"The serving PCI changes 3 times across this short drive-test window, indicating frequent handovers that interrupt scheduling and degrade sustained throughput.
\boxed{X7}"
ID_P0A2749QSK_4,"The serving PCI changes 3 times across this short drive-test window, indicating frequent handovers that interrupt scheduling and degrade sustained throughput.
\boxed{X7}"
ID_KVL1E2VQJJ_1,"The average scheduled RB count is about 155.7, below the 160-RB threshold needed to sustain high throughput, directly explaining the low observed data rate.
\boxed{X2}"
ID_KVL1E2VQJJ_2,"The average scheduled RB count is about 156.8, below the 160-RB threshold needed to sustain high throughput, directly explaining the low observed data rate.
\boxed{X2}"
ID_KVL1E2VQJJ_3,"The average scheduled RB count is about 155.5, below the 160-RB threshold needed to sustain high throughput, directly explaining the low observed data rate.
\boxed{X2}"
ID_KVL1E2VQJJ_4,"The average scheduled RB count is about 156.9, below the 160-RB threshold needed to sustain high throughput, directly explaining the low observed data rate.
\boxed{X2}"
ID_DMKSEAW0NP_1,"The serving cell (PCI 420) shares PCI mod 30 with neighbor PCI(s) [540], causing reference-signal collision and interference that suppresses throughput.
\boxed{K7}"
ID_DMKSEAW0NP_2,"The serving cell (PCI 420) shares PCI mod 30 with neighbor PCI(s) [540], causing reference-signal collision and interference that suppresses throughput.
\boxed{K7}"
ID_DMKSEAW0NP_3,"The serving cell (PCI 420) shares PCI mod 30 with neighbor PCI(s) [540], causing reference-signal collision and interference that suppresses throughput.
\boxed{K7}"
ID_DMKSEAW0NP_4,"The serving cell (PCI 420) shares PCI mod 30 with neighbor PCI(s) [540], causing reference-signal collision and interference that suppresses throughput.
\boxed{K7}"
ID_PQDFDSMYIE_1,"The serving cell (PCI 430) shares PCI mod 30 with neighbor PCI(s) [550], causing reference-signal collision and interference that suppresses throughput.
\boxed{E1}"
ID_PQDFDSMYIE_2,"The serving cell (PCI 430) shares PCI mod 30 with neighbor PCI(s) [550], causing reference-signal collision and interference that suppresses throughput.
\boxed{E1}"
ID_PQDFDSMYIE_3,"The serving cell (PCI 430) shares PCI mod 30 with neighbor PCI(s) [550], causing reference-signal collision and interference that suppresses throughput.
\boxed{E1}"
ID_PQDFDSMYIE_4,"The serving cell (PCI 430) shares PCI mod 30 with neighbor PCI(s) [550], causing reference-signal collision and interference that suppresses throughput.
\boxed{E1}"
ID_S7A0P58IQ8_1,"Neighbor cell(s) [650] arrive at comparable signal strength to the serving cell but originate from a different, non-colocated site, producing severe overlapping coverage that degrades throughput.
\boxed{1}"
ID_S7A0P58IQ8_2,"The serving cell (PCI 454) shares PCI mod 30 with neighbor PCI(s) [650, 818], causing reference-signal collision and interference that suppresses throughput.
\boxed{7}"
ID_S7A0P58IQ8_3,"The serving cell (PCI 454) shares PCI mod 30 with neighbor PCI(s) [650, 818], causing reference-signal collision and interference that suppresses throughput.
\boxed{7}"
ID_S7A0P58IQ8_4,"The serving cell (PCI 405) shares PCI mod 30 with neighbor PCI(s) [650, 818], causing reference-signal collision and interference that suppresses throughput.
\boxed{7}"
ID_8OF6D2FUN4_1,"The serving cell's total downtilt of about 15.0° is shallow relative to its vertical beamwidth of 6.0°, extending the main beam's reach well beyond the intended ~1km coverage radius, indicating the cell is over-shooting its intended coverage area rather than being properly contained.
\boxed{8}"
ID_8OF6D2FUN4_2,"The serving cell's total downtilt of about 15.0° is shallow relative to its vertical beamwidth of 6.0°, extending the main beam's reach well beyond the intended ~1km coverage radius, indicating the cell is over-shooting its intended coverage area rather than being properly contained.
\boxed{8}"
ID_8OF6D2FUN4_3,"The serving cell's total downtilt of about 15.0° is shallow relative to its vertical beamwidth of 6.0°, extending the main beam's reach well beyond the intended ~1km coverage radius, indicating the cell is over-shooting its intended coverage area rather than being properly contained.
\boxed{8}"
ID_8OF6D2FUN4_4,"The serving cell's total downtilt of about 15.0° is shallow relative to its vertical beamwidth of 6.0°, extending the main beam's reach well beyond the intended ~1km coverage radius, indicating the cell is over-shooting its intended coverage area rather than being properly contained.
\boxed{8}"
ID_WAVP08F15I_1,"The serving cell's total downtilt of about 10.0° is shallow relative to its vertical beamwidth of 6.0°, extending the main beam's reach well beyond the intended ~1km coverage radius, indicating the cell is over-shooting its intended coverage area rather than being properly contained.
\boxed{R8}"
ID_WAVP08F15I_2,"The serving cell's total downtilt of about 10.0° is shallow relative to its vertical beamwidth of 6.0°, extending the main beam's reach well beyond the intended ~1km coverage radius, indicating the cell is over-shooting its intended coverage area rather than being properly contained.
\boxed{R8}"
ID_WAVP08F15I_3,"The serving cell's total downtilt of about 10.0° is shallow relative to its vertical beamwidth of 6.0°, extending the main beam's reach well beyond the intended ~1km coverage radius, indicating the cell is over-shooting its intended coverage area rather than being properly contained.
\boxed{R8}"
ID_WAVP08F15I_4,"The serving cell's total downtilt of about 10.0° is shallow relative to its vertical beamwidth of 6.0°, extending the main beam's reach well beyond the intended ~1km coverage radius, indicating the cell is over-shooting its intended coverage area rather than being properly contained.
\boxed{R8}"
ID_ROVUA0TH0F_1,"The serving PCI changes 3 times across this short window of data, indicating frequent handovers that interrupt scheduling and degrade sustained throughput.
\boxed{E}"
ID_ROVUA0TH0F_2,"The serving PCI changes 3 times across this short window of data, indicating frequent handovers that interrupt scheduling and degrade sustained throughput.
\boxed{E}"
ID_ROVUA0TH0F_3,"The serving PCI changes 3 times across this short window of data, indicating frequent handovers that interrupt scheduling and degrade sustained throughput.
\boxed{E}"
ID_ROVUA0TH0F_4,"The serving PCI changes 3 times across this short window of test data, indicating frequent handovers that interrupt scheduling and degrade sustained throughput.
\boxed{E}"
ID_1SCY8H8XSH_1,"The serving cell (PCI 210) shares PCI mod 30 with neighbor PCI(s) [990], causing reference-signal collision and interference that suppresses throughput.
\boxed{D5}"
ID_1SCY8H8XSH_2,"The serving cell (PCI 210) shares PCI mod 30 with neighbor PCI(s) [990], causing reference-signal collision and interference that suppresses throughput.
\boxed{D5}"
ID_1SCY8H8XSH_3,"The serving cell (PCI 210) shares PCI mod 30 with neighbor PCI(s) [990], causing reference-signal collision and interference that suppresses throughput.
\boxed{D5}"
ID_1SCY8H8XSH_4,"The serving cell (PCI 210) shares PCI mod 30 with neighbor PCI(s) [990], causing reference-signal collision and interference that suppresses throughput.
\boxed{D5}"
ID_NLWKWU000B_1,"The serving RSRP averages -83.4 dBm and declines to -75.2 dBm across this short window, indicating consistent weak signal strength throughout the test period.
\boxed{F}"
ID_NLWKWU000B_2,"The serving RSRP averages -83.2 dBm and declines to -75.2 dBm across this short window, indicating consistent weak signal strength against varying noise.
\boxed{F}"
ID_NLWKWU000B_3,"The serving RSRP averages -83.2 dBm and declines to -75.2 dBm across this short window, indicating consistent weak signal strength throughout the test period.
\boxed{F}"
ID_NLWKWU000B_4,"The serving PCI changes 3 times across this short window of data, indicating frequent handovers that interrupt scheduling and degrade sustained throughput.
\boxed{H}"
ID_DWL0R62DXY_1,"The serving PCI changes 3 times across this short window of data, indicating frequent handovers that interrupt scheduling and degrade sustained throughput.
\boxed{C}"
ID_DWL0R62DXY_2,"The serving PCI changes 3 times across this short window of data, indicating frequent handovers that interrupt scheduling and degrade sustained throughput.
\boxed{C}"
ID_DWL0R62DXY_3,"The serving PCI changes 3 times across this short window of data, indicating frequent handovers that interrupt scheduling and degrade sustained throughput.
\boxed{D}"
ID_DWL0R62DXY_4,"The serving PCI changes 3 times across this short window of data, indicating frequent handovers that interrupt scheduling and degrade sustained throughput.
\boxed{C}"
ID_YBQVTWDDZI_1,"The serving PCI changes 3 times across this short window of data, indicating frequent handovers that interrupt scheduling and degrade sustained throughput.
\boxed{A}"
ID_YBQVTWDDZI_2,"The serving PCI changes 3 times across this short window of data, indicating frequent handovers that interrupt scheduling and degrade sustained throughput.
\boxed{A}"
ID_YBQVTWDDZI_3,"The serving PCI changes 3 times across this short window of data, indicating frequent handovers that interrupt scheduling and degrade sustained throughput.
\boxed{A}"
ID_YBQVTWDDZI_4,"The serving PCI changes 3 times across this short window of data, indicating frequent handovers that interrupt scheduling and degrade sustained throughput.
\boxed{A}"
ID_D1KWS2E1BJ_1,"The average scheduled RB count is about 157.9, below the 160-RB threshold needed to sustain high throughput, directly explaining the low observed data rate.
\boxed{3}"
ID_D1KWS2E1BJ_2,"The average scheduled RB count is about 158.6, below the 160-RB threshold needed to sustain high throughput, directly explaining the low observed data rate.
\boxed{3}"
ID_D1KWS2E1BJ_3,"The average scheduled RB count is about 158.7, below the 160-RB threshold needed to sustain high throughput, directly explaining the low observed data rate.
\boxed{3}"
ID_D1KWS2E1BJ_4,"The average scheduled RB count is about 158.7, below the 160-RB threshold needed to sustain high throughput, directly explaining the low observed data rate.
\boxed{3}"
ID_7MNRLKCAYV_1,"The serving cell's total downtilt of about 15.0° is shallow relative to its vertical beamwidth of 12.0°, extending the main beam's reach well beyond the intended ~1km coverage radius, indicating over-shooting rather than proper containment.
\boxed{H6}"
ID_7MNRLKCAYV_2,"The serving cell's total downtilt of about 15.0° is shallow relative to its vertical beamwidth of 6.0°, extending the main beam's reach well beyond the intended ~1km coverage radius, indicating the cell is over-shooting its intended coverage area rather than being properly contained.
\boxed{H6}"
ID_7MNRLKCAYV_3,"The serving cell's total downtilt of about 15.0° is shallow relative to its vertical beamwidth of 6.0°, extending the main beam's reach well beyond the intended ~1km coverage radius, indicating over-shooting rather than proper containment.
\boxed{H6}"
ID_7MNRLKCAYV_4,"The serving cell's total downtilt of about 15.0° is shallow relative to its vertical beamwidth of 12.0°, extending the main beam's reach well beyond the intended ~1km coverage radius, indicating over-shooting rather than proper containment.
\boxed{H6}"
ID_YM5UUV2957_1,"The serving cell's total downtilt is about 21.0° against a vertical beamwidth of 6.0° at a mounting height of 72.0m, which narrows the effective coverage radius and pulls the main beam toward the ground close to the site. The serving SS-RSRP averages -76.6 dBm, consistent with weak far-end coverage caused by excessive downtilt.
\boxed{7}"
ID_YM5UUV2957_2,"The serving cell's total downtilt is about 26.0° against a vertical beamwidth of 6.0° at a mounting height of 72.0m, which narrows the effective coverage radius and pulls the main beam toward the ground close to the site. The serving SS-RSRP averages -76.4 dBm, consistent with weak far-end coverage caused by excessive downtilt.
\boxed{7}"
ID_YM5UUV2957_3,"The serving cell's total downtilt is about 26.0° against a vertical beamwidth of 6.0° at a mounting height of 72.0m, which narrows the effective coverage radius and pulls the main beam toward the ground close to the site. The serving SS-RSRP averages -76.7 dBm, consistent with weak far-end coverage caused by excessive downtilt.
\boxed{7}"
ID_YM5UUV2957_4,"The serving cell's total downtilt is about 21.0° against a vertical beamwidth of 6.0° at a mounting height of 29.1m, which narrows the effective coverage radius and pulls the main beam toward the ground close to the site. The serving SS-RSRP averages -76.4 dBm, consistent with weak far-end coverage caused by excessive downtilt.
\boxed{7}"
ID_4GXC5C1WXG_1,"The average scheduled RB count is about 149.8, below the 160-RB threshold needed to sustain high throughput, directly explaining the low observed data rate.
\boxed{Z4}"
ID_4GXC5C1WXG_2,"The average scheduled RB count is about 149.5, below the 160-RB threshold needed to sustain high throughput, directly explaining the low observed data rate.
\boxed{Z4}"
ID_4GXC5C1WXG_3,"The average scheduled RB count is about 151.4, below the 160-RB threshold needed to sustain high throughput, directly explaining the low observed data rate.
\boxed{Z4}"
ID_4GXC5C1WXG_4,"The average scheduled RB count is about 151.7, below the 160-RB threshold needed to sustain high throughput, directly explaining the low observed data rate.
\boxed{Z4}"
ID_0WQU16SW57_1,"The serving cell's total downtilt of about 15.0° is shallow relative to its vertical beamwidth of 6.0°, which narrows the effective coverage radius and pulls the main beam toward the ground close to the site. The serving SS-RSRP averages -81.7 dBm, consistent with weak far-end coverage caused by excessive downtilt.
\boxed{C2}"
ID_0WQU16SW57_2,"The serving cell's total downtilt of about 15.0° is shallow relative to its vertical beamwidth of 6.0°, which narrows the effective coverage radius and pulls the main signal toward the ground close to the site. This pulls the main signal weakly against nearby neighbors, causing them to overlap excessively and degrade throughput.
\boxed{C2}"
ID_0WQU16SW57_3,"The serving cell's total downtilt of about 15.0° is shallow relative to its vertical beamwidth of 6.0°, which narrows the effective coverage radius and pulls the main signal toward the ground close to the site. This pulls the main signal toward the ground close to the site, weakening coverage at the far end of the service area.
\boxed{C2}"
ID_0WQU16SW57_4,"The serving cell's total downtilt of about 15.0° is shallow relative to its vertical beamwidth of 6.0°, which narrows the effective coverage radius and pulls the main signal toward the ground close to the site. This pulls the main signal weakly against nearby neighbors, causing them to overlap severely and degrade throughput.
\boxed{C4}"
ID_1H6X2ZP09B_1,"The serving PCI changes 3 times across this short drive-test window, indicating frequent handovers that interrupt scheduling and degrade sustained throughput.
\boxed{8}"
ID_1H6X2ZP09B_2,"The serving PCI changes 3 times across this short drive-test window, indicating frequent handovers that interrupt scheduling and degrade sustained throughput.
\boxed{8}"
ID_1H6X2ZP09B_3,"The serving PCI changes 3 times across this short drive-test window, indicating frequent handovers that interrupt scheduling and degrade sustained throughput.
\boxed{8}"
ID_1H6X2ZP09B_4,"The serving PCI changes 3 times across this short drive-test window, indicating frequent handovers that interrupt scheduling and degrade sustained throughput.
\boxed{8}"
ID_JN0PHLZ34N_1,"The average scheduled RB count is about 158.6, below the 160-RB threshold needed to sustain high throughput, directly explaining the low observed data rate.
\boxed{7}"
ID_JN0PHLZ34N_2,"The average scheduled RB count is about 159.4, below the 160-RB threshold needed to sustain high throughput, directly explaining the low observed data rate.
\boxed{7}"
ID_JN0PHLZ34N_3,"The average scheduled RB count is about 159.5, below the 160-RB threshold needed to sustain high throughput, directly explaining the low observed data rate.
\boxed{7}"
ID_JN0PHLZ34N_4,"The average scheduled RB count is about 159.8, below the 160-RB threshold needed to sustain high throughput, directly explaining the low observed data rate.
\boxed{7}"
ID_ANVS89YFW5_1,"The average scheduled RB count is about 164.0, below the 160-RB threshold needed to sustain high throughput, directly explaining the low observed data rate.
\boxed{K3}"
ID_ANVS89YFW5_2,"The average scheduled RB count is about 164.1, below the 160-RB threshold needed to sustain high throughput, directly explaining the low observed data rate.
\boxed{K3}"
ID_ANVS89YFW5_3,"The average scheduled RB count is about 164.1, below the 160-RB threshold needed to sustain high throughput, directly explaining the low observed data rate.
\boxed{K3}"
ID_ANVS89YFW5_4,"The average scheduled RB count is about 164.3, below the 160-RB threshold needed to sustain high throughput, directly explaining the low observed data rate.
\boxed{K3}"
ID_O568MLLLPY_1,"The serving PCI changes 3 times across this short drive-test window, indicating frequent handovers that interrupt scheduling and degrade sustained throughput.
\boxed{2}"
ID_O568MLLLPY_2,"The serving PCI changes 3 times across this short drive-test window, indicating frequent handovers that interrupt scheduling and degrade sustained throughput.
\boxed{2}"
ID_O568MLLLPY_3,"The serving PCI changes 3 times across this short drive-test window, indicating frequent handovers that interrupt scheduling and degrade sustained throughput.
\boxed{2}"
ID_O568MLLLPY_4,"The serving PCI changes 3 times across this short drive-test window, indicating frequent handovers that interrupt scheduling and degrade sustained throughput.
\boxed{2}"
ID_69UBH2KP66_1,"The serving cell's total downtilt of about 11.0° is shallow relative to its vertical beamwidth of 6.0°, extending the main beam's reach well beyond the intended ~1km coverage radius, indicating the cell is over-shooting its intended coverage area rather than being properly contained.
\boxed{8}"
ID_69UBH2KP66_2,"The serving cell's total downtilt of about 11.0° is shallow relative to its vertical beamwidth of 6.0°, extending the main beam's reach well beyond the intended ~1km coverage radius, indicating the cell is over-shooting its intended coverage area rather than being properly contained.
\boxed{8}"
ID_69UBH2KP66_3,"The serving cell's total downtilt of about 11.0° is shallow relative to its vertical beamwidth of 6.0°, extending the main beam's reach well beyond the intended ~1km coverage radius, indicating the cell is over-shooting its intended coverage area rather than being properly contained.
\boxed{8}"
ID_69UBH2KP66_4,"The serving cell's total downtilt of about 11.0° is shallow relative to its vertical beamwidth of 6.0°, extending the main beam's reach well beyond the intended ~1km coverage radius, indicating the cell is over-shooting its intended coverage area rather than being properly contained.
\boxed{8}"
ID_9SYEJQHJG9_1,"Neighbor cell(s) [139] arrive at comparable signal strength to the serving cell but originate from a different, non-adjacent cell block, producing severe overlapping coverage that degrades throughput.
\boxed{E}"
ID_9SYEJQHJG9_2,"The serving cell (PCI 426) shares PCI with neighbor PCI(s) 178 and 139, causing reference-signal collision and interference that suppresses throughput.
\boxed{C}"
ID_9SYEJQHJG9_3,"The serving PCI changes 3 times across this short window of data, indicating frequent handovers that interrupt scheduling and degrade sustained throughput.
\boxed{E}"
ID_9SYEJQHJG9_4,"The serving PCI changes 3 times across this short window of data, indicating frequent handovers that interrupt scheduling and degrade sustained throughput.
\boxed{E}"
ID_UPOWYAKODI_1,"The average scheduled RB count is about 159.7, below the 160-RB threshold needed to sustain high throughput, directly explaining the low observed data rate.
\boxed{M5}"
ID_UPOWYAKODI_2,"The average scheduled RB count is about 159.7, below the 160-RB threshold needed to sustain high throughput, directly explaining the low observed data rate.
\boxed{M5}"
ID_UPOWYAKODI_3,"The average scheduled RB count is about 159.9, below the 160-RB threshold needed to sustain high throughput, directly explaining the low observed data rate.
\boxed{M5}"
ID_UPOWYAKODI_4,"The average scheduled RB count is about 159.4, below the 160-RB threshold needed to sustain high throughput, directly explaining the low observed data rate.
\boxed{M5}"
ID_MZD3ZN105Q_1,"The serving PCI changes 3 times across this short drive-test window, indicating frequent handovers that interrupt scheduling and degrade sustained throughput.
\boxed{2}"
ID_MZD3ZN105Q_2,"The serving PCI changes 3 times across this short drive-test window, indicating frequent handovers that interrupt scheduling and degrade sustained throughput.
\boxed{2}"
ID_MZD3ZN105Q_3,"The serving PCI changes 3 times across this short drive-test window, indicating frequent handovers that interrupt scheduling and degrade sustained throughput.
\boxed{2}"
ID_MZD3ZN105Q_4,"The serving PCI changes 3 times across this short drive-test window, indicating frequent handovers that interrupt scheduling and degrade sustained throughput.
\boxed{2}"
ID_KVE58KQKCH_1,"The serving cell (PCI 621) shares PCI mod 30 with neighbor PCI(s) [501], causing reference-signal collision and interference that suppresses throughput.
\boxed{8}"
ID_KVE58KQKCH_2,"The serving cell (PCI 621) shares PCI mod 30 with neighbor PCI(s) [501], causing reference-signal collision and interference that suppresses throughput.
\boxed{8}"
ID_KVE58KQKCH_3,"The serving cell (PCI 621) shares PCI mod 30 with neighbor PCI(s) [501], causing reference-signal collision and interference that suppresses throughput.
\boxed{8}"
ID_KVE58KQKCH_4,"The serving cell (PCI 621) shares PCI mod 30 with neighbor PCI(s) [501], causing reference-signal collision and interference that suppresses throughput.
\boxed{8}"
ID_ZEWAXP3WKW_1,"Neighbor cell(s) [240] arrive at comparable signal strength to the serving cell but originate from a different, non-colocated site, producing severe overlapping coverage that degrades throughput.
\boxed{Z2}"
ID_ZEWAXP3WKW_2,"Neighbor cell(s) [240] arrive at comparable signal strength to the serving cell but originate from a different, non-colocated site, producing severe overlapping coverage that degrades throughput.
\boxed{Z2}"
ID_ZEWAXP3WKW_3,"Neighbor cell(s) [240] arrive at comparable signal strength to the serving cell but originate from a different, non-colocated site, producing severe overlapping coverage that degrades throughput.
\boxed{Z2}"
ID_ZEWAXP3WKW_4,"Neighbor cell(s) [240] arrive at comparable signal strength to the serving cell but originate from a different, non-colocated site, producing severe overlapping coverage that degrades throughput.
\boxed{Z2}"
ID_9EHLCDPS84_1,"The serving PCI changes 3 times across this short drive-test window, indicating frequent handovers that interrupt scheduling and degrade sustained throughput.
\boxed{6}"
ID_9EHLCDPS84_2,"The serving PCI changes 3 times across this short drive-test window, indicating frequent handovers that interrupt scheduling and degrade sustained throughput.
\boxed{6}"
ID_9EHLCDPS84_3,"The serving PCI changes 3 times across this short drive-test window, indicating frequent handovers that interrupt scheduling and degrade sustained throughput.
\boxed{6}"
ID_9EHLCDPS84_4,"The serving PCI changes 3 times across this short drive-test window, indicating frequent handovers that interrupt scheduling and degrade sustained throughput.
\boxed{6}"
ID_CFHSWCBUQW_1,"The serving cell's total downtilt is about 18.0° against a vertical beamwidth of 12.0° at a mounting height of 21.0m, which narrows the effective coverage radius and pulls the main beam toward the ground close to the site. This pulls the main beam toward the ground close to the site, shading adjacent sites and suppressing signal strength.
\boxed{Y5}"
ID_CFHSWCBUQW_2,"The serving cell's total downtilt is about 18.0° against a vertical beamwidth of 12.0° at a mounting height of 21.0m, which narrows the effective coverage radius and pulls the main beam toward the ground close to the site. This pulls the main signal toward the ground close to the site, shading adjacent sites and reducing coverage distance.
\boxed{Y5}"
ID_CFHSWCBUQW_3,"The serving cell's total downtilt is about 18.0° against a vertical beamwidth of 12.0° at a mounting height of 21.0m, which narrows the effective coverage radius and pulls the main beam toward the ground close to the site. The serving SS-RSRP averages -80.9 dBm, consistent with weak far-end coverage caused by excessive downtilt.
\boxed{Y5}"
ID_CFHSWCBUQW_4,"The serving cell's total downtilt is about 18.0° against a vertical beamwidth of 12.0° at a mounting height of 21.0m, which narrows the effective coverage radius and pulls the main beam toward the ground close to the site. The serving SS-RSRP averages -80.9 dBm, consistent with weak far-end coverage caused by excessive downtilt.
\boxed{Y5}"
ID_M0OXHHNF46_1,"The serving cell's total downtilt is about 15.0° against a vertical beamwidth of 6.0° at a mounting height of 30.1m, which narrows the effective coverage radius and pulls the main beam toward the ground close to the site. The serving SS-RSRP averages -85.4 dBm, consistent with weak far-end coverage caused by excessive downtilt.
\boxed{H3}"
ID_M0OXHHNF46_2,"The serving cell's total downtilt is about 15.0° against a vertical beamwidth of 6.0° at a mounting height of 30.1m, which narrows the effective coverage radius and pulls the main beam toward the ground close to the site. The serving SS-RSRP averages -85.4 dBm, consistent with weak far-end coverage caused by excessive downtilt.
\boxed{H3}"
ID_M0OXHHNF46_3,"The serving cell's total downtilt is about 15.0° against a vertical beamwidth of 6.0° at a mounting height of 30.1m, which narrows the effective coverage radius and pulls the main beam toward the ground close to the site. The serving SS-RSRP averages -85.4 dBm, consistent with weak far-end coverage caused by excessive downtilt.
\boxed{H3}"
ID_M0OXHHNF46_4,"The serving cell's total downtilt is about 15.0° against a vertical beamwidth of 6.0° at a mounting height of 30.1m, which narrows the effective coverage radius and pulls the main beam toward the ground close to the site. The serving SS-RSRP averages -85.4 dBm, consistent with weak far-end coverage caused by excessive downtilt.
\boxed{H3}"
ID_A5L0LWE8TR_1,"Neighbor cell(s) [496] arrive at comparable signal strength to the serving cell but originate from a different, non-similar network, producing severe overlapping coverage that degrades throughput.
\boxed{A}"
ID_A5L0LWE8TR_2,"The serving cell's total RSSI drops below -82.6 dBm, indicating severe interference from nearby weak signals.
\boxed{A}"
ID_A5L0LWE8TR_3,"Neighbor cell(s) [496] arrive at comparable signal strength to the serving cell but originate from a different, non-similar network, producing severe overlapping coverage that degrades throughput.
\boxed{A}"
ID_A5L0LWE8TR_4,"The serving cell's total RSSI drops below -82.6 dBm, indicating severe interference from nearby weak signals.
\boxed{A}"
ID_I0JEVLXFBB_1,"The average scheduled RB count is about 164.7, below the 160-RB threshold needed to sustain high throughput, directly explaining the low observed data rate.
\boxed{R2}"
ID_I0JEVLXFBB_2,"The average scheduled RB count is about 164.7, below the 160-RB threshold needed to sustain high throughput, directly explaining the low observed data rate.
\boxed{R2}"
ID_I0JEVLXFBB_3,"The average scheduled RB count is about 164.9, below the 160-RB threshold needed to sustain high throughput, directly explaining the low observed data rate.
\boxed{R2}"
ID_I0JEVLXFBB_4,"The average scheduled RB count is about 164.6, below the 160-RB threshold needed to sustain high throughput, directly explaining the low observed data rate.
\boxed{R2}"
ID_IOELRF0Y5C_1,"The average scheduled RB count is about 163.4, below the 160-RB threshold needed to sustain high throughput, directly explaining the low observed data rate.
\boxed{2}"
ID_IOELRF0Y5C_2,"The average scheduled RB count is about 163.5, below the 160-RB threshold needed to sustain high throughput, directly explaining the low observed data rate.
\boxed{2}"
ID_IOELRF0Y5C_3,"The average scheduled RB count is about 163.3, below the 160-RB threshold needed to sustain high throughput, directly explaining the low observed data rate.
\boxed{2}"
ID_IOELRF0Y5C_4,"The average scheduled RB count is about 163.3, below the 160-RB threshold needed to sustain high throughput, directly explaining the low observed data rate.
\boxed{2}"
ID_LOU2WL8865_1,"The serving cell (PCI 560) shares PCI mod 30 with neighbor PCI(s) [440], causing reference-signal collision and interference that suppresses throughput.
\boxed{G5}"
ID_LOU2WL8865_2,"The serving cell (PCI 560) shares PCI mod 30 with neighbor PCI(s) [440], causing reference-signal collision and interference that suppresses throughput.
\boxed{G5}"
ID_LOU2WL8865_3,"The serving cell (PCI 560) shares PCI mod 30 with neighbor PCI(s) [440], causing reference-signal collision and interference that suppresses throughput.
\boxed{G5}"
ID_LOU2WL8865_4,"The serving cell (PCI 560) shares PCI mod 30 with neighbor PCI(s) [440], causing reference-signal collision and interference that suppresses throughput.
\boxed{G5}"
ID_DNSD31A0M7_1,"The serving PCI changes 3 times across this short drive-test window, indicating frequent handovers that interrupt scheduling and degrade sustained throughput.
\boxed{F3}"
ID_DNSD31A0M7_2,"The serving PCI changes 3 times across this short drive-test window, indicating frequent handovers that interrupt scheduling and degrade sustained throughput.
\boxed{F3}"
ID_DNSD31A0M7_3,"The serving PCI changes 3 times across this short drive-test window, indicating frequent handovers that interrupt scheduling and degrade sustained throughput.
\boxed{F3}"
ID_DNSD31A0M7_4,"The serving PCI changes 3 times across this short drive-test window, indicating frequent handovers that interrupt scheduling and degrade sustained throughput.
\boxed{F3}"
ID_POFZFPT75E_1,"Neighbor cell(s) [420] arrive at comparable signal strength to the serving cell but originate from a different, non-colocated site, producing severe overlapping coverage that degrades throughput.
\boxed{2}"
ID_POFZFPT75E_2,"Neighbor cell(s) [420] arrive at comparable signal strength to the serving cell but originate from a different, non-colocated site, producing severe overlapping coverage that degrades throughput.
\boxed{2}"
ID_POFZFPT75E_3,"Neighbor cell(s) [420] arrive at comparable signal strength to the serving cell but originate from a different, non-colocated site, producing severe overlapping coverage that degrades throughput.
\boxed{2}"
ID_POFZFPT75E_4,"Neighbor cell(s) [420] arrive at comparable signal strength to the serving cell but originate from a different, non-colocated site, producing severe overlapping coverage that degrades throughput.
\boxed{2}"
ID_0V6VR4G6GN_1,"The average scheduled RB count is about 155.7, below the 160-RB threshold needed to sustain high throughput, directly explaining the low observed data rate.
\boxed{Q4}"
ID_0V6VR4G6GN_2,"The average scheduled RB count is about 155.7, below the 160-RB threshold needed to sustain high throughput, directly explaining the low observed data rate.
\boxed{Q4}"
ID_0V6VR4G6GN_3,"The average scheduled RB count is about 155.6, below the 160-RB threshold needed to sustain high throughput, directly explaining the low observed data rate.
\boxed{Q4}"
ID_0V6VR4G6GN_4,"The serving cell's total downtilt is about 25.0° against a vertical beamwidth of 6.0° at a mounting height of 88.0m, which narrows the effective coverage radius and pulls the main beam toward the ground close to the site. The serving SS-RSRP averages -88.3 dBm, consistent with weak far-end coverage caused by excessive downtilt.
\boxed{Q2}"
ID_EE8JDO832J_1,"The serving cell (PCI 309) shares PCI mod 30 with neighbor PCI(s) [189], causing reference-signal collision and interference that suppresses throughput.
\boxed{8}"
ID_EE8JDO832J_2,"The serving cell (PCI 309) shares PCI mod 30 with neighbor PCI(s) [189], causing reference-signal collision and interference that suppresses throughput.
\boxed{8}"
ID_EE8JDO832J_3,"The serving cell (PCI 309) shares PCI mod 30 with neighbor PCI(s) [189], causing reference-signal collision and interference that suppresses throughput.
\boxed{8}"
ID_EE8JDO832J_4,"The serving cell (PCI 309) shares PCI mod 30 with neighbor PCI(s) [189], causing reference-signal collision and interference that suppresses throughput.
\boxed{8}"
ID_YDBPL3AK3O_1,"The average scheduled RB count is about 157.9, below the 160-RB threshold needed to sustain high throughput, directly explaining the low observed data rate.
\boxed{V1}"
ID_YDBPL3AK3O_2,"The average scheduled RB count is about 157.9, below the 160-RB threshold needed to sustain high throughput, directly explaining the low observed data rate.
\boxed{V1}"
ID_YDBPL3AK3O_3,"The average scheduled RB count is about 157.8, below the 160-RB threshold needed to sustain high throughput, directly explaining the low observed data rate.
\boxed{V1}"
ID_YDBPL3AK3O_4,"The average scheduled RB count is about 158.9, below the 160-RB threshold needed to sustain high throughput, directly explaining the low observed data rate.
\boxed{V1}"
ID_KTBANQX946_1,"The average scheduled RB count is about 159.1, below the 160-RB threshold needed to sustain high throughput, directly explaining the low observed data rate.
\boxed{2}"
ID_KTBANQX946_2,"The average scheduled RB count is about 159.1, below the 160-RB threshold needed to sustain high throughput, directly explaining the low observed data rate.
\boxed{2}"
ID_KTBANQX946_3,"The average scheduled RB count is about 159.1, below the 160-RB threshold needed to sustain high throughput, directly explaining the low observed data rate.
\boxed{2}"
ID_KTBANQX946_4,"The average scheduled RB count is about 159.4, below the 160-RB threshold needed to sustain high throughput, directly explaining the low observed data rate.
\boxed{2}"
ID_N8ML2JFDZQ_1,"The serving cell's total RSRP drops below -93.0 dBm, consistent with weak coverage caused by excessive noise or signal depletion.
\boxed{I}"
ID_N8ML2JFDZQ_2,"The serving PCI changes 3 times across this short window of data, indicating frequent handovers that interrupt scheduling and degrade sustained throughput.
\boxed{E}"
ID_N8ML2JFDZQ_3,"The serving PCI changes 3 times across this short window of data, indicating frequent handovers that interrupt scheduling and degrade sustained throughput.
\boxed{E}"
ID_N8ML2JFDZQ_4,"The serving PCI changes 3 times across this short window of data, indicating frequent handovers that interrupt scheduling and degrade sustained throughput.
\boxed{E}"
ID_HXLZD2NTWG_1,"The serving cell's total downtilt of about 15.0° is shallow relative to its vertical beamwidth of 6.0°, extending the main beam's reach well beyond the intended ~1km coverage radius, indicating the cell is over-shooting its intended coverage area rather than being properly contained.
\boxed{E8}"
ID_HXLZD2NTWG_2,"The serving cell's total downtilt of about 15.0° is shallow relative to its vertical beamwidth of 6.0°, extending the main beam's reach well beyond the intended ~1km coverage radius, indicating the cell is over-shooting its intended coverage area rather than being properly contained.
\boxed{E8}"
ID_HXLZD2NTWG_3,"The serving cell's total downtilt of about 15.0° is shallow relative to its vertical beamwidth of 12.0°, extending the main beam's reach well beyond the intended ~1km coverage radius, indicating the cell is over-shooting its intended coverage area rather than being properly contained.
\boxed{E8}"
ID_HXLZD2NTWG_4,"The serving cell's total downtilt of about 15.0° is shallow relative to its vertical beamwidth of 6.0°, extending the main beam's reach well beyond the intended ~1km coverage radius, indicating the cell is over-shooting its intended coverage area rather than being properly contained.
\boxed{E8}"
ID_4JI11ZOPU9_1,"The average scheduled RB count is about 151.2, below the 160-RB threshold needed to sustain high throughput, directly explaining the low observed data rate.
\boxed{U8}"
ID_4JI11ZOPU9_2,"The serving cell's total downtilt is about 16.0° against a vertical beamwidth of 12.0° at a mounting height of 30.1m, which narrows the effective coverage radius and pulls the main beam toward the ground close to the site. The serving SS-RSRP averages -84.7 dBm, consistent with weak far-end coverage caused by excessive downtilt.
\boxed{U6}"
ID_4JI11ZOPU9_3,"The average scheduled RB count is about 151.4, below the 160-RB threshold needed to sustain high throughput, directly explaining the low observed data rate.
\boxed{U8}"
ID_4JI11ZOPU9_4,"The serving cell's total downtilt is about 16.0° against a vertical beamwidth of 12.0° at a mounting height of 30.1m, which narrows the effective coverage radius and pulls the main beam toward the ground close to the site. The serving SS-RSRP averages -84.7 dBm, consistent with weak far-end coverage caused by excessive downtilt.
\boxed{U6}"
ID_P7EKHKQZO8_1,"Neighbor cell(s) [240] arrive at comparable signal strength to the serving cell but originate from a different, non-colocated site, producing severe overlapping coverage that degrades throughput.
\boxed{S7}"
ID_P7EKHKQZO8_2,"Neighbor cell(s) [240] arrive at comparable signal strength to the serving cell but originate from a different, non-colocated site, producing severe overlapping coverage that degrades throughput.
\boxed{S7}"
ID_P7EKHKQZO8_3,"Neighbor cell(s) [240] arrive at comparable signal strength to the serving cell but originate from a different, non-colocated site, producing severe overlapping coverage that degrades throughput.
\boxed{S7}"
ID_P7EKHKQZO8_4,"Neighbor cell(s) [240] arrive at comparable signal strength to the serving cell but originate from a different, non-colocated site, producing severe overlapping coverage that degrades throughput.
\boxed{S7}"
ID_YM7K9QZ2B6_1,"The average scheduled RB count is about 159.5, below the 160-RB threshold needed to sustain high throughput, directly explaining the low observed data rate.
\boxed{4}"
ID_YM7K9QZ2B6_2,"The average scheduled RB count is about 159.6, below the 160-RB threshold needed to sustain high throughput, directly explaining the low observed data rate.
\boxed{4}"
ID_YM7K9QZ2B6_3,"The average scheduled RB count is about 159.4, below the 160-RB threshold needed to sustain high throughput, directly explaining the low observed data rate.
\boxed{4}"
ID_YM7K9QZ2B6_4,"The average scheduled RB count is about 159.2, below the 160-RB threshold needed to sustain high throughput, directly explaining the low observed data rate.
\boxed{4}"
ID_81VZREH3UM_1,"The serving PCI changes 3 times across this short drive-test window, indicating frequent handovers that interrupt scheduling and degrade sustained throughput.
\boxed{M2}"
ID_81VZREH3UM_2,"The serving PCI changes 3 times across this short drive-test window, indicating frequent handovers that interrupt scheduling and degrade sustained throughput.
\boxed{M2}"
ID_81VZREH3UM_3,"The serving PCI changes 3 times across this short drive-test window, indicating frequent handovers that interrupt scheduling and degrade sustained throughput.
\boxed{M2}"
ID_81VZREH3UM_4,"The serving PCI changes 3 times across this short drive-test window, indicating frequent handovers that interrupt scheduling and degrade sustained throughput.
\boxed{M2}"
ID_OAER64GU6M_1,"Neighbor cell(s) [575] arrive at comparable signal strength to the serving cell but originate from a different, non-colocated site, producing severe overlapping coverage that degrades throughput.
\boxed{K1}"
ID_OAER64GU6M_2,"Neighbor cell(s) [575] arrive at comparable signal strength to the serving cell but originate from a different, non-colocated site, producing severe overlapping coverage that degrades throughput.
\boxed{K1}"
ID_OAER64GU6M_3,"The serving cell's total downtilt is about 15.0° against a vertical beamwidth of 6.0° at a mounting height of 13.0m, which narrows the effective coverage radius and pulls the main beam toward the ground close to the site. The serving SS-RSRP averages -82.6 dBm, consistent with weak far-end coverage caused by excessive downtilt.
\boxed{K5}"
ID_OAER64GU6M_4,"Neighbor cell(s) [575] arrive at comparable signal strength to the serving cell but originate from a different, non-colocated site, producing severe overlapping coverage that degrades throughput.
\boxed{K1}"
ID_DV2R58W124_1,"The average scheduled RB count is about 152.2, below the 160-RB threshold needed to sustain high throughput, directly explaining the low observed data rate.
\boxed{7}"
ID_DV2R58W124_2,"The average scheduled RB count is about 152.3, below the 160-RB threshold needed to sustain high throughput, directly explaining the low observed data rate.
\boxed{7}"
ID_DV2R58W124_3,"The average scheduled RB count is about 151.0, below the 160-RB threshold needed to sustain high throughput, directly explaining the low observed data rate.
\boxed{7}"
ID_DV2R58W124_4,"The average scheduled RB count is about 152.8, below the 160-RB threshold needed to sustain high throughput, directly explaining the low observed data rate.
\boxed{7}"
ID_E4WVOXER3N_1,"The average scheduled RB count is about 157.9, below the 160-RB threshold needed to sustain high throughput, directly explaining the low observed data rate.
\boxed{V8}"
ID_E4WVOXER3N_2,"The average scheduled RB count is about 157.7, below the 160-RB threshold needed to sustain high throughput, directly explaining the low observed data rate.
\boxed{V8}"
ID_E4WVOXER3N_3,"The serving cell (PCI 133) shares PCI mod 30 with neighbor PCI(s) [501], causing reference-signal collision and interference that suppresses throughput.
\boxed{V6}"
ID_E4WVOXER3N_4,"The average scheduled RB count is about 155.6, below the 160-RB threshold needed to sustain high throughput, directly explaining the low observed data rate.
\boxed{V8}"
ID_76RNGIASLT_1,"The average scheduled RB count is about 157.7, below the 160-RB threshold needed to sustain high throughput, directly explaining the low observed data rate.
\boxed{E1}"
ID_76RNGIASLT_2,"The average scheduled RB count is about 157.9, below the 160-RB threshold needed to sustain high throughput, directly explaining the low observed data rate.
\boxed{E1}"
ID_76RNGIASLT_3,"The average scheduled RB count is about 157.8, below the 160-RB threshold needed to sustain high throughput, directly explaining the low observed data rate.
\boxed{E1}"
ID_76RNGIASLT_4,"The average scheduled RB count is about 157.7, below the 160-RB threshold needed to sustain high throughput, directly explaining the low observed data rate.
\boxed{E1}"
ID_0BSGHSUV1K_1,"The average scheduled RB count is about 166.9, below the 160-RB threshold needed to sustain high throughput, directly explaining the low observed data rate.
\boxed{4}"
ID_0BSGHSUV1K_2,"The average scheduled RB count is about 166.9, below the 160-RB threshold needed to sustain high throughput, directly explaining the low observed data rate.
\boxed{4}"
ID_0BSGHSUV1K_3,"The average scheduled RB count is about 166.9, below the 160-RB threshold needed to sustain high throughput, directly explaining the low observed data rate.
\boxed{4}"
ID_0BSGHSUV1K_4,"The average scheduled RB count is about 166.9, below the 160-RB threshold needed to sustain high throughput, directly explaining the low observed data rate.
\boxed{4}"
ID_DTWY6GFKAR_1,"The serving cell's total downtilt is about 10.0° against a vertical beamwidth of 6.0° at a mounting height of 14.7m, which narrows the effective coverage radius and pulls the main beam toward the ground close to the site. The serving SS-RSRP averages -83.2 dBm, consistent with weak far-end coverage caused by excessive downtilt.
\boxed{R1}"
ID_DTWY6GFKAR_2,"The serving cell's total downtilt is about 10.0° against a vertical beamwidth of 6.0° at a mounting height of 14.7m, which narrows the effective coverage radius and pulls the main beam toward the ground close to the site. The serving SS-RSRP averages -82.9 dBm, consistent with weak far-end coverage caused by excessive downtilt.
\boxed{R1}"
ID_DTWY6GFKAR_3,"The serving cell's total downtilt is about 10.0° against a vertical beamwidth of 6.0° at a mounting height of 14.7m, which narrows the effective coverage radius and pulls the main beam toward the ground close to the site. The serving SS-RSRP averages -83.0 dBm, consistent with weak signal strength caused by excessive downtilt.
\boxed{R1}"
ID_DTWY6GFKAR_4,"The serving cell's total downtilt is about 10.0° against a vertical beamwidth of 6.0° at a mounting height of 14.7m, which narrows the effective coverage radius and pulls the main beam toward the ground close to the site. The serving SS-RSRP averages -82.9 dBm, consistent with weak far-end coverage caused by excessive downtilt.
\boxed{R1}"
ID_XQC3UL2Y02_1,"The serving cell's total downtilt of about 13.0° is shallow relative to its vertical beamwidth of 12.0°, extending the main beam's reach well beyond the intended ~1km coverage radius, indicating the cell is over-shooting its intended coverage area rather than being properly contained.
\boxed{I5}"
ID_XQC3UL2Y02_2,"The serving cell's total downtilt of about 13.0° is shallow relative to its vertical beamwidth of 6.0°, which pulls the main beam toward the ground close to the site. This causes strong reference-signal collision with nearby neighbors, suppressing channel diversity and reducing throughput.
\boxed{I3}"
ID_XQC3UL2Y02_3,"The serving cell's total downtilt of about 13.0° is shallow relative to its vertical beamwidth of 6.0°, which pulls the main beam toward the ground close to the site. This causes strong reference-signal collision with adjacent cells near the site boundary, producing severe overlapping coverage that degrades throughput.
\boxed{I6}"
ID_XQC3UL2Y02_4,"The serving cell's total downtilt of about 13.0° is shallow relative to its vertical beamwidth of 6.0°, extending the main beam's reach well beyond the intended ~1km coverage radius, indicating the cell is over-shooting its intended coverage area rather than being properly contained.
\boxed{I5}"
ID_FY9HD3YTTH_1,"The serving cell's total downtilt is about 24.0° against a vertical beamwidth of 6.0° at a mounting height of 49.1m, which narrows the effective coverage radius and pulls the main beam toward the ground close to the site. The serving SS-RSRP averages -81.6 dBm, consistent with weak far-end coverage caused by excessive downtilt.
\boxed{F3}"
ID_FY9HD3YTTH_2,"The test vehicle's GPS speed averages 20.0 km/h and peaks at 40.0 km/h, with the peak exceeding the 40km/h mobility threshold at which scheduling and channel estimation degrade, impacting throughput.
\boxed{F2}"
ID_FY9HD3YTTH_3,"The serving cell's total downtilt is about 24.0° against a vertical beamwidth of 12.0° at a mounting height of 49.1m, which narrows the effective coverage radius and pulls the main beam toward the ground close to the site. The serving SS-RSRP averages -81.6 dBm, consistent with weak far-end coverage caused by excessive downtilt.
\boxed{F3}"
ID_FY9HD3YTTH_4,"The test vehicle's GPS speed averages 19.1 km/h and peaks at 40 km/h, with the peak exceeding the 40km/h mobility threshold at which scheduling and channel estimation degrade, impacting throughput.
\boxed{F2}"
ID_E2CDP1BRBE_1,"The serving PCI changes 3 times across this short window of data, indicating frequent handovers that interrupt scheduling and degrade sustained throughput.
\boxed{E}"
ID_E2CDP1BRBE_2,"The serving PCI changes 3 times across this short window of data, indicating frequent handovers that interrupt scheduling and degrade sustained throughput.
\boxed{E}"
ID_E2CDP1BRBE_3,"The serving PCI changes 3 times across this short window of data, indicating frequent handovers that interrupt scheduling and degrade sustained throughput.
\boxed{E}"
ID_E2CDP1BRBE_4,"The serving PCI changes 3 times across this short window of data, indicating frequent handovers that interrupt scheduling and degrade sustained throughput.
\boxed{E}"
ID_2HTAGXP0YA_1,"The serving cell's total downtilt is about 14.0° against a vertical beamwidth of 12.0° at a mounting height of 30.1m, which narrows the effective coverage radius and pulls the main beam toward the ground close to the site. This pulls the main signal toward the ground close to the site, shading off weaker signals compared to stronger ones, particularly from neighbor cells.
\boxed{6}"
ID_2HTAGXP0YA_2,"The serving cell's total downtilt is about 15.0° against a vertical beamwidth of 12.0° at a mounting height of 30.1m, which narrows the effective coverage radius and pulls the main beam toward the ground close to the site. The serving SS-RSRP averages -79.5 dBm, consistent with weak far-end coverage caused by excessive downtilt.
\boxed{6}"
ID_2HTAGXP0YA_3,"The serving cell's total downtilt of about 17.0° is shallow relative to its vertical beamwidth of 12.0°, extending the main beam's reach well beyond the intended ~1km coverage radius, indicating the cell is over-shooting its intended coverage area rather than being properly contained.
\boxed{1}"
ID_2HTAGXP0YA_4,"Neighbor cell(s) [454] arrive at comparable signal strength to the serving cell but originate from a different, non-colocated site, producing severe overlapping coverage that degrades throughput.
\boxed{5}"
ID_5CI2RMP0UH_1,"The serving cell (PCI 980) shares PCI mod 30 with neighbor PCI(s) [745], causing reference-signal collision and interference that suppresses throughput.
\boxed{7}"
ID_5CI2RMP0UH_2,"The serving cell (PCI 980) shares PCI mod 30 with neighbor PCI(s) [745], causing reference-signal collision and interference that suppresses throughput.
\boxed{7}"
ID_5CI2RMP0UH_3,"The serving cell (PCI 980) shares PCI mod 30 with neighbor PCI(s) [745], causing reference-signal collision and interference that suppresses throughput.
\boxed{7}"
ID_5CI2RMP0UH_4,"The serving cell (PCI 980) shares PCI mod 30 with neighbor PCI(s) [745], causing reference-signal collision and interference that suppresses throughput.
\boxed{7}"
ID_X8U6YBZWIU_1,"A neighboring cell reaches this location with a filtered Tx BRSRP of about -89.4 dBm, comparable to or stronger than the serving cell's average SS-RSRP of -85.4 dBm, suggesting a neighbor would deliver higher throughput than the current serving cell.
\boxed{U3}"
ID_X8U6YBZWIU_2,"The average scheduled RB count is about 165.3, below the 160-RB threshold needed to sustain high throughput, directly explaining the low observed data rate.
\boxed{U4}"
ID_X8U6YBZWIU_3,"The average scheduled RB count is about 165.3, below the 160-RB threshold needed to sustain high throughput, directly explaining the low observed data rate.
\boxed{U4}"
ID_X8U6YBZWIU_4,"The average scheduled RB count is about 165.2, below the 160-RB threshold needed to sustain high throughput, directly explaining the low observed data rate.
\boxed{U4}"
ID_5E6LFOZMFK_1,"The serving cell's total downtilt of about 11.0° is shallow relative to its vertical beamwidth of 6.0°, extending the main beam's reach well beyond the intended ~1km coverage radius, indicating the cell is over-shooting its intended coverage area rather than being properly contained.
\boxed{X4}"
ID_5E6LFOZMFK_2,"The serving cell's total downtilt of about 11.0° is shallow relative to its vertical beamwidth of 6.0°, extending the main beam's reach well beyond the intended ~1km coverage radius, indicating the cell is over-shooting its intended coverage area rather than being properly contained.
\boxed{X4}"
ID_5E6LFOZMFK_3,"The serving cell's total downtilt of about 11.0° is shallow relative to its vertical beamwidth of 6.0°, extending the main beam's reach well beyond the intended ~1km coverage radius, indicating the cell is over-shooting its intended coverage area rather than being properly contained.
\boxed{X4}"
ID_5E6LFOZMFK_4,"The serving cell's total downtilt of about 11.0° is shallow relative to its vertical beamwidth of 6.0°, extending the main beam's reach well beyond the intended ~1km coverage radius, indicating the cell is over-shooting its intended coverage area rather than being properly contained.
\boxed{X4}"
ID_1QFQWXQXGG_1,"The serving cell (PCI 501) shares PCI mod 30 with neighbor PCI(s) [133], causing reference-signal collision and interference that suppresses throughput.
\boxed{X7}"
ID_1QFQWXQXGG_2,"The average scheduled RB count is about 145.5, below the 160-RB threshold needed to sustain high throughput, directly explaining the low observed data rate.
\boxed{X4}"
ID_1QFQWXQXGG_3,"The serving cell's total downtilt is about 13.0° against a vertical beamwidth of 6.0° at a mounting height of 20.0m, which narrows the effective coverage radius and pulls the main beam toward the ground close to the site. The serving SS-RSRP averages -79.6 dBm, consistent with weak far-end coverage caused by excessive downtilt.
\boxed{X5}"
ID_1QFQWXQXGG_4,"The average scheduled RB count is about 151.1, below the 160-RB threshold needed to sustain high throughput, directly explaining the low observed data rate.
\boxed{X4}"
ID_DW1JN9ZNR4_1,"The serving cell's total downtilt of about 17.0° is shallow relative to its vertical beamwidth of 12.0°, extending the main beam's reach well beyond the intended ~1km coverage radius, indicating the cell is over-shooting its intended coverage area rather than being properly contained.
\boxed{P3}"
ID_DW1JN9ZNR4_2,"The serving cell's total downtilt of about 23.0° is shallow relative to its vertical beamwidth of 17.0°, extending the main beam's reach well beyond the intended ~1km coverage radius, indicating the cell is over-shooting its intended coverage area rather than being properly contained.
\boxed{P3}"
ID_DW1JN9ZNR4_3,"The serving cell's total downtilt of about 23.0° is shallow relative to its vertical beamwidth of 12.0°, extending the main beam's reach well beyond the intended ~1km coverage radius, indicating the cell is over-shooting its intended coverage area rather than being properly contained.
\boxed{P3}"
ID_DW1JN9ZNR4_4,"The serving cell's total downtilt of about 23.0° is shallow relative to its vertical beamwidth of 6.0°, extending the main beam's reach well beyond the intended ~1km coverage radius, indicating the cell is over-shooting its intended coverage area rather than being properly contained.
\boxed{P3}"
ID_EODSE6W7CM_1,"The serving cell (PCI 824) shares PCI mod 30 with neighbor PCI(s) [240], causing reference-signal collision and interference that suppresses throughput.
\boxed{Q5}"
ID_EODSE6W7CM_2,"The serving cell (PCI 824) shares PCI mod 30 with neighbor PCI(s) [65], causing reference-signal collision and interference that suppresses throughput.
\boxed{Q5}"
ID_EODSE6W7CM_3,"The serving cell (PCI 824) shares PCI mod 30 with neighbor PCI(s) [240], causing reference-signal collision and interference that suppresses throughput.
\boxed{Q5}"
ID_EODSE6W7CM_4,"The serving cell (PCI 824) shares PCI mod 30 with neighbor PCI(s) [240], causing reference-signal collision and interference that suppresses throughput.
\boxed{Q5}"
ID_YBODNSGL35_1,"The average scheduled RB count is about 157.7, below the 160-RB threshold needed to sustain high throughput, directly explaining the low observed data rate.
\boxed{Q1}"
ID_YBODNSGL35_2,"The average scheduled RB count is about 156.2, below the 160-RB threshold needed to sustain high throughput, directly explaining the low observed data rate.
\boxed{Q1}"
ID_YBODNSGL35_3,"The average scheduled RB count is about 156.4, below the 160-RB threshold needed to sustain high throughput, directly explaining the low observed data rate.
\boxed{Q1}"
ID_YBODNSGL35_4,"The average scheduled RB count is about 155.7, below the 160-RB threshold needed to sustain high throughput, directly explaining the low observed data rate.
\boxed{Q1}"
ID_6UCDYEYOWR_1,"Neighbor cell(s) [440] arrive at comparable signal strength to the serving cell but originate from a different, non-colocated site, producing severe overlapping coverage that degrades throughput.
\boxed{J2}"
ID_6UCDYEYOWR_2,"Neighbor cell(s) [440] arrive at comparable signal strength to the serving cell but originate from a different, non-colocated site, producing severe overlapping coverage that degrades throughput.
\boxed{J2}"
ID_6UCDYEYOWR_3,"Neighbor cell(s) [440] arrive at comparable signal strength to the serving cell but originate from a different, non-colocated site, producing severe overlapping coverage that degrades throughput.
\boxed{J2}"
ID_6UCDYEYOWR_4,"Neighbor cell(s) [440] arrive at comparable signal strength to the serving cell but originate from a different, non-colocated site, producing severe overlapping coverage that degrades throughput.
\boxed{J2}"
ID_QIHRH4MEG0_1,"The serving cell's total RSSI drops to about -86.5 dBm, consistent with weak coverage caused by poor signal strength.
\boxed{D}"
ID_QIHRH4MEG0_2,"The serving cell's total RSRP drops to -86.5 dBm, below the average of -89.1 dBm observed across this short window, suggesting weak overall coverage.
\boxed{D}"
ID_QIHRH4MEG0_3,"The serving cell's total downtilt is about 21.0° against a vertical height of 14.2m, which is shallow relative to the serving ARFCN, indicating weak signal strength against a soft-sell scheduling strategy.
\boxed{D}"
ID_QIHRH4MEG0_4,"The serving cell's total RSSI drops to about -86.5 dBm, consistent with weak coverage caused by poor signal strength.
\boxed{D}"
ID_8WMNGEJZYX_1,"The serving cell (PCI 374) shares PCI mod 30 with neighbor PCI(s) [420], causing reference-signal collision and interference that suppresses throughput.
\boxed{5}"
ID_8WMNGEJZYX_2,"The serving cell (PCI 374) shares PCI mod 30 with neighbor PCI(s) [420], causing reference-signal collision and interference that suppresses throughput.
\boxed{5}"
ID_8WMNGEJZYX_3,"The serving cell (PCI 374) shares PCI mod 30 with neighbor PCI(s) [420], causing reference-signal collision and interference that suppresses throughput.
\boxed{5}"
ID_8WMNGEJZYX_4,"The serving cell (PCI 374) shares PCI mod 30 with neighbor PCI(s) [420], causing reference-signal collision and interference that suppresses throughput.
\boxed{5}"
ID_QOMSTONONR_1,"Neighbor cell(s) [737] arrive at comparable signal strength to the serving cell but originate from a different, non-colocated site, producing severe overlapping coverage that degrades throughput.
\boxed{F7}"
ID_QOMSTONONR_2,"Neighbor cell(s) [737] arrive at comparable signal strength to the serving cell but originate from a different, non-colocated site, producing severe overlapping coverage that degrades throughput.
\boxed{F7}"
ID_QOMSTONONR_3,"Neighbor cell(s) [737] arrive at comparable signal strength to the serving cell but originate from a different, non-colocated site, producing severe overlapping coverage that degrades throughput.
\boxed{F7}"
ID_QOMSTONONR_4,"Neighbor cell(s) [737] arrive at comparable signal strength to the serving cell but originate from a different, non-colocated site, producing severe overlapping coverage that degrades throughput.
\boxed{F7}"
ID_B746MUKIKN_1,"The serving cell (PCI 420) shares PCI mod 30 with neighbor PCI(s) [540], causing reference-signal collision and interference that suppresses throughput.
\boxed{A7}"
ID_B746MUKIKN_2,"The serving cell (PCI 420) shares PCI mod 30 with neighbor PCI(s) [540], causing reference-signal collision and interference that suppresses throughput.
\boxed{A7}"
ID_B746MUKIKN_3,"The serving cell (PCI 420) shares PCI mod 30 with neighbor PCI(s) [540], causing reference-signal collision and interference that suppresses throughput.
\boxed{A7}"
ID_B746MUKIKN_4,"The serving cell (PCI 420) shares PCI mod 30 with neighbor PCI(s) [540], causing reference-signal collision and interference that suppresses throughput.
\boxed{A7}"
ID_KVN5UYHXO0_1,"Neighbor cell(s) [433] arrive at comparable signal strength to the serving cell but originate from a different, non-colocated site, producing severe overlapping coverage that degrades throughput.
\boxed{M2}"
ID_KVN5UYHXO0_2,"The serving cell (PCI 189) shares PCI mod 30 with neighbor PCI(s) [818], causing reference-signal collision and interference that suppresses throughput.
\boxed{M3}"
ID_KVN5UYHXO0_3,"The serving cell (PCI 189) shares PCI mod 30 with neighbor PCI(s) [818], causing reference-signal collision and interference that suppresses throughput.
\boxed{M3}"
ID_KVN5UYHXO0_4,"The serving cell (PCI 189) shares PCI mod 30 with neighbor PCI(s) [818], causing reference-signal collision and interference that suppresses throughput.
\boxed{M3}"
ID_S09X3J37RK_1,"The average scheduled RB count is about 163.0, below the 160-RB threshold needed to sustain high throughput, directly explaining the low observed data rate.
\boxed{3}"
ID_S09X3J37RK_2,"The average scheduled RB count is about 163.0, below the 160-RB threshold needed to sustain high throughput, directly explaining the low observed data rate.
\boxed{3}"
ID_S09X3J37RK_3,"The average scheduled RB count is about 163.0, below the 160-RB threshold needed to sustain high throughput, directly explaining the low observed data rate.
\boxed{3}"
ID_S09X3J37RK_4,"The average scheduled RB count is about 162.4, below the 160-RB threshold needed to sustain high throughput, directly explaining the low observed data rate.
\boxed{3}"
ID_3L9MCWW1QS_1,"The serving cell's total downtilt of about 14.0° is shallow relative to its vertical beamwidth of 6.0°, extending the main beam's reach well beyond the intended ~1km coverage radius, indicating the cell is over-shooting its intended coverage area rather than being properly contained.
\boxed{1}"
ID_3L9MCWW1QS_2,"The serving cell's total downtilt of about 14.0° is shallow relative to its vertical beamwidth of 6.0°, extending the main beam's reach well beyond the intended ~1km coverage radius, indicating the cell is over-shooting its intended coverage area rather than being properly contained.
\boxed{1}"
ID_3L9MCWW1QS_3,"The serving cell's total downtilt of about 14.0° is shallow relative to its vertical beamwidth of 6.0°, extending the main beam's reach well beyond the intended ~1km coverage radius, indicating the cell is over-shooting its intended coverage area rather than being properly contained.
\boxed{1}"
ID_3L9MCWW1QS_4,"The serving cell's total downtilt of about 14.0° is shallow relative to its vertical beamwidth of 6.0°, extending the main beam's reach well beyond the intended ~1km coverage radius, indicating the cell is over-shooting its intended coverage area rather than being properly contained.
\boxed{1}"
ID_NS303QG4N4_1,"The average scheduled RB count is about 165.1, below the 160-RB threshold needed to sustain high throughput, directly explaining the low observed data rate.
\boxed{V6}"
ID_NS303QG4N4_2,"The average scheduled RB count is about 165.1, below the 160-RB threshold needed to sustain high throughput, directly explaining the low observed data rate.
\boxed{V6}"
ID_NS303QG4N4_3,"The average scheduled RB count is about 165.0, below the 160-RB threshold needed to sustain high throughput, directly explaining the low observed data rate.
\boxed{V6}"
ID_NS303QG4N4_4,"The average scheduled RB count is about 165.1, below the 160-RB threshold needed to sustain high throughput, directly explaining the low observed data rate.
\boxed{V6}"
ID_5DW7KGKGRG_1,"The serving cell's total downtilt is about 11.0° against a vertical beamwidth of 6.0° at a mounting height of 9.0m, which narrows the effective coverage radius and pulls the main beam toward the ground close to the site. The serving SS-RSRP averages -86.4 dBm, consistent with weak far-end coverage caused by excessive downtilt.
\boxed{2}"
ID_5DW7KGKGRG_2,"The serving cell's total downtilt is about 11.0° against a vertical beamwidth of 6.0° at a mounting height of 9.0m, which narrows the effective coverage radius and pulls the main signal toward the ground close to the site. The serving SS-RSRP averages -86.1 dBm, consistent with weak far-end coverage caused by excessive downtilt.
\boxed{2}"
ID_5DW7KGKGRG_3,"The serving cell's total downtilt is about 11.0° against a vertical beamwidth of 6.0° at a mounting height of 9.0m, which narrows the effective coverage radius and pulls the main beam toward the ground close to the site. The serving SS-RSRP averages -86.4 dBm, consistent with weak far-end coverage caused by excessive downtilt.
\boxed{2}"
ID_5DW7KGKGRG_4,"The serving cell's total downtilt is about 11.0° against a vertical beamwidth of 6.0° at a mounting height of 9.0m, which narrows the effective coverage radius and pulls the main signal toward the ground close to the site. The serving SS-RSRP averages -86.2 dBm, consistent with weak far-end coverage caused by excessive downtilt.
\boxed{2}"
ID_XST6SP3Y14_1,"The serving PCI changes 3 times across this short drive-test window, indicating frequent handovers that interrupt scheduling and degrade sustained throughput.
\boxed{1}"
ID_XST6SP3Y14_2,"The serving PCI changes 3 times across this short drive-test window, indicating frequent handovers that interrupt scheduling and degrade sustained throughput.
\boxed{1}"
ID_XST6SP3Y14_3,"The serving PCI changes 3 times across this short drive-test window, indicating frequent handovers that interrupt scheduling and degrade sustained throughput.
\boxed{1}"
ID_XST6SP3Y14_4,"The serving PCI changes 3 times across this short drive-test window, indicating frequent handovers that interrupt scheduling and degrade sustained throughput.
\boxed{1}"
ID_LHB5CED0R5_1,"The serving cell's total downtilt is about 16.0° against a vertical beamwidth of 6.0° at a mounting height of 30.1m, which narrows the effective coverage radius and pulls the main beam toward the ground close to the site. The serving SS-RSRP averages -76.9 dBm, consistent with weak signal strength caused by excessive downtilt.
\boxed{1}"
ID_LHB5CED0R5_2,"The serving cell's total downtilt is about 16.0° against a vertical beamwidth of 6.0° at a mounting height of 30.1m, which narrows the effective coverage radius and pulls the main beam toward the ground close to the site. The serving SS-RSRP averages -76.9 dBm, consistent with weak signal strength caused by excessive downtilt.
\boxed{1}"
ID_LHB5CED0R5_3,"The serving cell's total downtilt of about 15.0° is shallow relative to its vertical beamwidth of 6.0°, extending the main beam's reach well beyond the intended ~1km coverage radius, indicating the cell is over-shooting its intended coverage area rather than being properly contained.
\boxed{5}"
ID_LHB5CED0R5_4,"The serving cell's total downtilt of about 15.0° is shallow relative to its vertical beamwidth of 6.0°, extending the main beam's reach well beyond the intended ~1km coverage radius, indicating the cell is over-shooting its intended coverage area rather than being properly contained.
\boxed{5}"
ID_9BL7XCSQTI_1,"The average scheduled RB count is about 157.9, below the 160-RB threshold needed to sustain high throughput, directly explaining the low observed data rate.
\boxed{5}"
ID_9BL7XCSQTI_2,"The average scheduled RB count is about 157.7, below the 160-RB threshold needed to sustain high throughput, directly explaining the low observed data rate.
\boxed{5}"
ID_9BL7XCSQTI_3,"The average scheduled RB count is about 157.6, below the 160-RB threshold needed to sustain high throughput, directly explaining the low observed data rate.
\boxed{5}"
ID_9BL7XCSQTI_4,"The average scheduled RB count is about 156.6, below the 160-RB threshold needed to sustain high throughput, directly explaining the low observed data rate.
\boxed{5}"
ID_C064N9H5VD_1,"The serving cell's total downtilt of about 11.0° is shallow relative to its vertical beamwidth of 6.0°, extending the main beam's reach well beyond the intended ~1km coverage radius, indicating the cell is over-shooting its intended coverage area rather than being properly contained.
\boxed{3}"
ID_C064N9H5VD_2,"The serving cell's total downtilt of about 11.0° is shallow relative to its vertical beamwidth of 6.0°, extending the main beam's reach well beyond the intended ~1km coverage radius, indicating the cell is over-shooting its intended coverage area rather than being properly contained.
\boxed{3}"
ID_C064N9H5VD_3,"The serving cell's total downtilt of about 11.0° is shallow relative to its vertical beamwidth of 6.0°, extending the main beam's reach well beyond the intended ~1km coverage radius, indicating the cell is over-shooting its intended coverage area rather than being properly contained.
\boxed{3}"
ID_C064N9H5VD_4,"The serving cell's total downtilt of about 11.0° is shallow relative to its vertical beamwidth of 6.0°, extending the main beam's reach well beyond the intended ~1km coverage radius, indicating the cell is over-shooting its intended coverage area rather than being properly contained.
\boxed{3}"
ID_8P1C1ILSZX_1,"The average scheduled RB count is about 163.0, below the 160-RB threshold needed to sustain high throughput, directly explaining the low observed data rate.
\boxed{1}"
ID_8P1C1ILSZX_2,"The average scheduled RB count is about 163.0, below the 160-RB threshold needed to sustain high throughput, directly explaining the low observed data rate.
\boxed{1}"
ID_8P1C1ILSZX_3,"The average scheduled RB count is about 162.3, below the 160-RB threshold needed to sustain high throughput, directly explaining the low observed data rate.
\boxed{1}"
ID_8P1C1ILSZX_4,"The average scheduled RB count is about 163.0, below the 160-RB threshold needed to sustain high throughput, directly explaining the low observed data rate.
\boxed{1}"
ID_436HLG9903_1,"The serving cell's total downtilt is about 25.0° against a vertical beamwidth of 6.0° at a mounting height of 35.0m, which narrows the effective coverage radius and pulls the main beam toward the ground close to the site. The serving SS-RSRP averages -79.2 dBm, consistent with weak far-end coverage caused by excessive downtilt.
\boxed{1}"
ID_436HLG9903_2,"The serving cell (PCI 440) shares PCI mod 30 with neighbor PCI(s) [871], causing reference-signal collision and interference that suppresses throughput.
\boxed{2}"
ID_436HLG9903_3,"The serving cell's total downtilt is about 25.0° against a vertical beamwidth of 6.0° at a mounting height of 35.0m, which narrows the effective coverage radius and pulls the main beam toward the ground close to the site. The serving SS-RSRP averages -79.2 dBm, consistent with weak far-end coverage caused by excessive downtilt.
\boxed{1}"
ID_436HLG9903_4,"The serving cell's total downtilt is about 25.0° against a vertical beamwidth of 6.0° at a mounting height of 35.0m, which narrows the effective coverage radius and pulls the main beam toward the ground close to the site. The serving SS-RSRP averages -79.2 dBm, consistent with weak far-end coverage caused by excessive downtilt.
\boxed{1}"
ID_D0NDNUP2JK_1,"Neighbor cell(s) [405] arrive at comparable signal strength to the serving cell but originate from a different, non-colocated site, producing severe overlapping coverage that degrades throughput.
\boxed{5}"
ID_D0NDNUP2JK_2,"The serving cell (PCI 650) shares PCI mod 30 with neighbor PCI(s) [990], causing reference-signal collision and interference that suppresses throughput.
\boxed{4}"
ID_D0NDNUP2JK_3,"The serving cell (PCI 650) shares PCI mod 30 with neighbor PCI(s) [990], causing reference-signal collision and interference that suppresses throughput.
\boxed{4}"
ID_D0NDNUP2JK_4,"The serving cell (PCI 650) shares PCI mod 30 with neighbor PCI(s) [990], causing reference-signal collision and interference that suppresses throughput.
\boxed{4}"
ID_LOQ8FLM5WV_1,"The serving PCI changes 3 times across this short window of data, indicating frequent handovers that interrupt scheduling and degrade sustained throughput.
\boxed{E}"
ID_LOQ8FLM5WV_2,"The serving PCI changes 3 times across this short window of data, indicating frequent handovers that interrupt scheduling and degrade sustained throughput.
\boxed{E}"
ID_LOQ8FLM5WV_3,"The serving PCI changes 3 times across this short window of test data, indicating frequent handovers that interrupt scheduling and degrade sustained throughput.
\boxed{E}"
ID_LOQ8FLM5WV_4,"The serving PCI changes 3 times across this short window of data, indicating frequent handovers that interrupt scheduling and degrade sustained throughput.
\boxed{E}"
ID_D31MNLAPDT_1,"The serving PCI changes 3 times across this short window of data, indicating frequent handovers that interrupt scheduling and degrade sustained throughput.
\boxed{E}"
ID_D31MNLAPDT_2,"The serving PCI changes 3 times across this short window of data, indicating frequent handovers that interrupt scheduling and degrade sustained throughput.
\boxed{E}"
ID_D31MNLAPDT_3,"The serving PCI changes 3 times across this short window of data, indicating frequent handovers that interrupt scheduling and degrade sustained throughput.
\boxed{E}"
ID_D31MNLAPDT_4,"The serving PCI changes 3 times across this short window of data, indicating frequent handovers that interrupt scheduling and degrade sustained throughput.
\boxed{E}"
ID_6PGC662YVQ_1,"The serving cell (PCI 871) shares PCI mod 30 with neighbor PCI(s) [440], causing reference-signal collision and interference that suppresses throughput.
\boxed{Q2}"
ID_6PGC662YVQ_2,"The serving cell (PCI 871) shares PCI mod 30 with neighbor PCI(s) [440], causing reference-signal collision and interference that suppresses throughput.
\boxed{Q2}"
ID_6PGC662YVQ_3,"The serving cell (PCI 871) shares PCI mod 30 with neighbor PCI(s) [440], causing reference-signal collision and interference that suppresses throughput.
\boxed{Q2}"
ID_6PGC662YVQ_4,"The serving cell (PCI 871) shares PCI mod 30 with neighbor PCI(s) [440], causing reference-signal collision and interference that suppresses throughput.
\boxed{Q2}"
ID_UUX8K15DVU_1,"The serving PCI changes 3 times across this short window of data, indicating frequent handovers that interrupt scheduling and degrade sustained throughput.
\boxed{E}"
ID_UUX8K15DVU_2,"The serving cell's total throughput is about 110.4 Mbps against a peak capacity of 142.8 Mbps, indicating moderate to heavy traffic. The serving SINR averages 10.3 dB, consistent with strong signal strength but moderate to heavy traffic rather than weak.
The serving PCI changes 3 times across this short window, indicating frequent handovers that interrupt scheduling and degrade sustained throughput.
The average RB/s is about 15.3, below the peak capacity of 20.0 RB/s, suggesting lack of available resources to sustain high throughput.
Neighbor cell(s) [639] match the serving cell's bandwidth but are not used, indicating missing neighbor cell configuration.
The test server's upstream traffic is about 11.0 Mb/s, below the serving cell's peak capacity of 142.8 Mb/s, suggesting the test server is not producing enough upstream traffic to sustain high throughput.
The serving RSRP averages -94.4 dBm, consistent with strong signal strength but moderate to heavy traffic rather than weak.
The test started close to midnight and lasted for about 11 minutes, during which the serving cell's RSRP averaged -94.0 dBm and RSSI averaged -88.1 dBm, consistent with weak overall coverage caused by excessive noise.
The serving cell shares PCI with neighbor(s) [211], [554], causing reference-signal collision and interference that degrades throughput.
The average BLER is about 0.12%, above the critical 5% threshold for sustaining high throughput, indicating poor link quality.
The test server's upstream traffic is about 11.0 Mb/s, below the serving cell's peak capacity of 142.8 Mb/s, suggesting the test server is not producing enough upstream traffic to sustain high throughput.
The serving cell shares PCI with neighbor(s) [211], [554], causing reference-signal collision and interference that degrade throughput.
The serving SINR averages 9.1 dB, consistent with strong signal but moderate to heavy traffic rather than weak.
The test started close to midnight and lasted for about 11 minutes"
ID_UUX8K15DVU_3,"The serving PCI changes 3 times across this short window of data, indicating frequent handovers that interrupt scheduling and degrade sustained throughput.
\boxed{E}"
ID_UUX8K15DVU_4,"The serving PCI changes 3 times across this short window of data, indicating frequent handovers that interrupt scheduling and degrade sustained throughput.
\boxed{E}"
ID_7UPAB5FJX5_1,"The serving cell's total downtilt is about 22.0° against a vertical beamwidth of 12.0° at a mounting height of 21.0m, which narrows the effective coverage radius and pulls the main beam toward the ground close to the site. The serving SS-RSRP averages -86.4 dBm, consistent with weak far-end coverage caused by excessive downtilt.
\boxed{F2}"
ID_7UPAB5FJX5_2,"The serving cell (PCI 440) shares PCI mod 30 with neighbor PCI(s) [218, 709], causing reference-signal collision and interference that suppresses throughput.
\boxed{F3}"
ID_7UPAB5FJX5_3,"The serving cell (PCI 440) shares PCI mod 30 with neighbor PCI(s) [218, 709], causing reference-signal collision and interference that suppresses throughput.
\boxed{F3}"
ID_7UPAB5FJX5_4,"The serving cell's total downtilt is about 14.0° against a vertical beamwidth of 6.0° at a mounting height of 21.0m, which narrows the effective coverage radius and pulls the main beam toward the ground close to the site. This pulls the main signal toward the ground close to the site, suppressing coverage at the far end of the planned service area.
\boxed{F2}"
ID_DZ0R9BARKZ_1,"Neighbor cell(s) [650] arrive at comparable signal strength to the serving cell but originate from a different, non-colocated site, producing severe overlapping coverage that degrades throughput.
\boxed{3}"
ID_DZ0R9BARKZ_2,"The average scheduled RB count is about 157.1, below the 160-RB threshold needed to sustain high throughput, directly explaining the low observed data rate.
\boxed{4}"
ID_DZ0R9BARKZ_3,"Neighbor cell(s) [650] arrive at comparable signal strength to the serving cell but originate from a different, non-colocated site, producing severe overlapping coverage that degrades throughput.
\boxed{3}"
ID_DZ0R9BARKZ_4,"The average scheduled RB count is about 157.5, below the 160-RB threshold needed to sustain high throughput, directly explaining the low observed data rate.
\boxed{4}"
ID_S83AWH38C0_1,"The serving cell's total downtilt is about 25.0° against a vertical beamwidth of 12.0° at a mounting height of 35.0m, which narrows the effective coverage radius and pulls the main beam toward the ground close to the site. The serving SS-RSRP averages -79.5 dBm, consistent with weak far-end coverage caused by excessive downtilt.
\boxed{3}"
ID_S83AWH38C0_2,"The serving cell's total downtilt is about 25.0° against a vertical beamwidth of 12.0° at a mounting height of 35.0m, which narrows the effective coverage radius and pulls the main beam toward the ground close to the site. The serving SS-RSRP averages -79.1 dBm, consistent with weak far-end coverage caused by excessive downtilt.
\boxed{3}"
ID_S83AWH38C0_3,"The serving cell's total downtilt is about 25.0° against a vertical beamwidth of 12.0° at a mounting height of 35.0m, which narrows the effective coverage radius and pulls the main beam toward the ground close to the site. The serving SS-RSRP averages -79.4 dBm, consistent with weak far-end coverage caused by excessive downtilt.
\boxed{3}"
ID_S83AWH38C0_4,"The serving cell's total downtilt is about 25.0° against a vertical beamwidth of 12.0° at a mounting height of 35.0m, which narrows the effective coverage radius and pulls the main beam toward the ground close to the site. The serving SS-RSRP averages -79.4 dBm, consistent with weak far-end coverage caused by excessive downtilt.
\boxed{3}"
ID_GH5DQLVA1W_1,"The serving cell (PCI 433) shares PCI mod 30 with neighbor PCI(s) [990], causing reference-signal collision and interference that suppresses throughput.
\boxed{2}"
ID_GH5DQLVA1W_2,"The serving cell (PCI 433) shares PCI mod 30 with neighbor PCI(s) [990], causing reference-signal collision and interference that suppresses throughput.
\boxed{2}"
ID_GH5DQLVA1W_3,"The serving cell (PCI 433) shares PCI mod 30 with neighbor PCI(s) [990], causing reference-signal collision and interference that suppresses throughput.
\boxed{2}"
ID_GH5DQLVA1W_4,"The average scheduled RB count is about 157.6, below the 160-RB threshold needed to sustain high throughput, directly explaining the low observed data rate.
\boxed{1}"
ID_GGOMZOG82I_1,"The average scheduled RB count is about 165.0, below the 160-RB threshold needed to sustain high throughput, directly explaining the low observed data rate.
\boxed{1}"
ID_GGOMZOG82I_2,"The average scheduled RB count is about 165.0, below the 160-RB threshold needed to sustain high throughput, directly explaining the low observed data rate.
\boxed{1}"
ID_GGOMZOG82I_3,"The average scheduled RB count is about 165.1, below the 160-RB threshold needed to sustain high throughput, directly explaining the low observed data rate.
\boxed{1}"
ID_GGOMZOG82I_4,"The average scheduled RB count is about 165.1, below the 160-RB threshold needed to sustain high throughput, directly explaining the low observed data rate.
\boxed{1}"
ID_QVDQBCSWUU_1,"The serving cell's total downtilt is about 11.0° against a vertical beamwidth of 6.0° at a mounting height of 14.7m, which narrows the effective coverage radius and pulls the main beam toward the ground close to the site. The serving SS-RSRP averages -80.9 dBm, consistent with weak far-end coverage caused by excessive downtilt.
\boxed{J4}"
ID_QVDQBCSWUU_2,"The serving cell's total downtilt is about 11.0° against a vertical beamwidth of 6.0° at a mounting height of 14.7m, which narrows the effective coverage radius and pulls the main beam toward the ground close to the site. The serving SS-RSRP averages -80.9 dBm, consistent with weak far-end coverage caused by excessive downtilt.
\boxed{J4}"
ID_QVDQBCSWUU_3,"The serving cell's total downtilt is about 11.0° against a vertical beamwidth of 6.0° at a mounting height of 14.7m, which narrows the effective coverage radius and pulls the main beam toward the ground close to the site. The serving SS-RSRP averages -81.7 dBm, consistent with weak far-end coverage caused by excessive downtilt.
\boxed{J4}"
ID_QVDQBCSWUU_4,"The serving cell (PCI 374) shares PCI mod 30 with neighbor PCI(s) [430], causing reference-signal collision and interference that suppresses throughput.
\boxed{J2}"
ID_VXT19VS8PM_1,"Neighbor cell(s) [133] arrive at comparable signal strength to the serving cell but originate from a different, non-colocated site, producing severe overlapping coverage that degrades throughput.
\boxed{7}"
ID_VXT19VS8PM_2,"Neighbor cell(s) [133] arrive at comparable signal strength to the serving cell but originate from a different, non-colocated site, producing severe overlapping coverage that degrades throughput.
\boxed{7}"
ID_VXT19VS8PM_3,"Neighbor cell(s) [133] arrive at comparable signal strength to the serving cell but originate from a different, non-colocated site, producing severe overlapping coverage that degrades throughput.
\boxed{7}"
ID_VXT19VS8PM_4,"Neighbor cell(s) [133] arrive at comparable signal strength to the serving cell but originate from a different, non-colocated site, producing severe overlapping coverage that degrades throughput.
\boxed{7}"
ID_0POI1PDWLC_1,"The serving PCI changes 3 times across this short drive-test window, indicating frequent handovers that interrupt scheduling and degrade sustained throughput.
\boxed{5}"
ID_0POI1PDWLC_2,"The serving PCI changes 3 times across this short drive-test window, indicating frequent handovers that interrupt scheduling and degrade sustained throughput.
\boxed{5}"
ID_0POI1PDWLC_3,"The serving PCI changes 3 times across this short drive-test window, indicating frequent handovers that interrupt scheduling and degrade sustained throughput.
\boxed{5}"
ID_0POI1PDWLC_4,"The serving PCI changes 3 times across this short drive-test window, indicating frequent handovers that interrupt scheduling and degrade sustained throughput.
\boxed{5}"
ID_F8LD2HK2LZ_1,"The serving PCI changes 3 times across this short drive-test window, indicating frequent handovers that interrupt scheduling and degrade sustained throughput.
\boxed{4}"
ID_F8LD2HK2LZ_2,"The serving PCI changes 3 times across this short drive-test window, indicating frequent handovers that interrupt scheduling and degrade sustained throughput.
\boxed{4}"
ID_F8LD2HK2LZ_3,"The serving PCI changes 3 times across this short drive-test window, indicating frequent handovers that interrupt scheduling and degrade sustained throughput.
\boxed{4}"
ID_F8LD2HK2LZ_4,"The serving PCI changes 3 times across this short drive-test window, indicating frequent handovers that interrupt scheduling and degrade sustained throughput.
\boxed{4}"
ID_H6U83MNECQ_1,"The average scheduled RB count is about 154.7, below the 160-RB threshold needed to sustain high throughput, directly explaining the low observed data rate.
\boxed{U2}"
ID_H6U83MNECQ_2,"The average scheduled RB count is about 157.7, below the 160-RB threshold needed to sustain high throughput, directly explaining the low observed data rate.
\boxed{U2}"
ID_H6U83MNECQ_3,"The average scheduled RB count is about 157.7, below the 160-RB threshold needed to sustain high throughput, directly explaining the low observed data rate.
\boxed{U2}"
ID_H6U83MNECQ_4,"The average scheduled RB count is about 154.7, below the 160-RB threshold needed to sustain high throughput, directly explaining the low observed data rate.
\boxed{U2}"
ID_ZYREVU7OV2_1,"The serving cell's total downtilt of about 15.0° is shallow relative to its vertical beamwidth of 6.0°, extending the main beam's reach well beyond the intended ~1km coverage radius, indicating the cell is over-shooting its intended coverage area rather than being properly contained.
\boxed{4}"
ID_ZYREVU7OV2_2,"The serving cell's total downtilt of about 25.0° is shallow relative to its vertical beamwidth of 6.0°, extending the main beam's reach well beyond the intended ~1km coverage radius, indicating the cell is over-shooting its intended coverage area rather than being properly contained.
\boxed{4}"
ID_ZYREVU7OV2_3,"The serving cell's total downtilt of about 25.0° is shallow relative to its vertical beamwidth of 6.0°, extending the main beam's reach well beyond the intended ~1km coverage radius, indicating the cell is over-shooting its intended coverage area rather than being properly contained.
\boxed{4}"
ID_ZYREVU7OV2_4,"The serving cell's total downtilt of about 25.0° is shallow relative to its vertical beamwidth of 6.0°, extending the main beam's reach well beyond the intended ~1km coverage radius, indicating the cell is over-shooting its intended coverage area rather than being properly contained.
\boxed{4}"
ID_0Z2YFNIS73_1,"The serving cell's total downtilt of about 26.0° is shallow relative to its vertical beamwidth of 6.0°, which narrows the effective coverage radius and pulls the main beam toward the ground close to the site. This causes strong reference-signal collision with nearby neighbors, suppressing channel separation and degrading throughput.
\boxed{R8}"
ID_0Z2YFNIS73_2,"The serving cell's total downtilt of about 26.0° is shallow relative to its vertical beamwidth of 6.0°, which narrows the effective coverage radius and pulls the main beam toward the ground close to the site. This causes strong reference signal collision with nearby neighbors, suppressing channel estimation and degradation of throughput.
\boxed{R8}"
ID_0Z2YFNIS73_3,"The serving cell's total downtilt of about 26.0° is shallow relative to its vertical beamwidth of 6.0°, which narrows the effective coverage radius and pulls the main beam toward the ground close to the site. This causes strong reference signal collision with nearby neighbors, suppressing channel estimation and degradation of throughput.
\boxed{R8}"
ID_0Z2YFNIS73_4,"The serving cell's total downtilt of about 27.0° is shallow relative to its vertical beamwidth of 6.0°, which narrows the effective coverage radius and pulls the main beam toward the ground close to the site. The serving SS-RSRP averages -76.3 dBm, consistent with weak far-end coverage caused by excessive downtilt.
\boxed{R8}"
ID_STC5BLMJP5_1,"The serving cell's total downtilt of about 13.0° is shallow relative to its vertical beamwidth of 6.0°, extending the main beam's reach well beyond the intended ~1km coverage radius, indicating the cell is over-shooting its intended coverage area rather than being properly contained.
\boxed{4}"
ID_STC5BLMJP5_2,"The serving cell's total downtilt of about 13.0° is shallow relative to its vertical beamwidth of 6.0°, extending the main beam's reach well beyond the intended ~1km coverage radius, indicating the cell is over-shooting its intended coverage area rather than being properly contained.
\boxed{4}"
ID_STC5BLMJP5_3,"The serving cell's total downtilt of about 13.0° is shallow relative to its vertical beamwidth of 6.0°, extending the main beam's reach well beyond the intended ~1km coverage radius, indicating the cell is over-shooting its intended coverage area rather than being properly contained.
\boxed{4}"
ID_STC5BLMJP5_4,"The serving cell's total downtilt of about 13.0° is shallow relative to its vertical beamwidth of 6.0°, extending the main beam's reach well beyond the intended ~1km coverage radius, indicating the cell is over-shooting its intended coverage area rather than being properly contained.
\boxed{4}"
ID_Z0DIX5M9GA_1,"The serving PCI changes 3 times across this short drive-test window, indicating frequent handovers that interrupt scheduling and degrade sustained throughput.
\boxed{U8}"
ID_Z0DIX5M9GA_2,"The serving PCI changes 3 times across this short drive-test window, indicating frequent handovers that interrupt scheduling and degrade sustained throughput.
\boxed{U8}"
ID_Z0DIX5M9GA_3,"The serving PCI changes 3 times across this short drive-test window, indicating frequent handovers that interrupt scheduling and degrade sustained throughput.
\boxed{U8}"
ID_Z0DIX5M9GA_4,"The serving PCI changes 3 times across this short drive-test window, indicating frequent handovers that interrupt scheduling and degrade sustained throughput.
\boxed{U8}"
ID_24O5GUI01N_1,"The serving cell (PCI 189) shares PCI mod 30 with neighbor PCI(s) [298, 309], causing reference-signal collision and interference that suppresses throughput.
\boxed{Y5}"
ID_24O5GUI01N_2,"The serving cell (PCI 189) shares PCI mod 30 with neighbor PCI(s) [298, 309], causing reference-signal collision and interference that suppresses throughput.
\boxed{Y5}"
ID_24O5GUI01N_3,"The serving cell (PCI 189) shares PCI mod 30 with neighbor PCI(s) [298, 309], causing reference-signal collision and interference that suppresses throughput.
\boxed{Y5}"
ID_24O5GUI01N_4,"The average scheduled RB count is about 158.7, below the 160-RB threshold needed to sustain high throughput, directly explaining the low observed data rate.
\boxed{Y3}"
ID_K18XAKRDJX_1,"Neighbor cell(s) [189] arrive at comparable signal strength to the serving cell but originate from a different, non-colocated site, producing severe overlapping coverage that degrades throughput.
\boxed{A2}"
ID_K18XAKRDJX_2,"Neighbor cell(s) [189] arrive at comparable signal strength to the serving cell but originate from a different, non-colocated site, producing severe overlapping coverage that degrades throughput.
\boxed{A2}"
ID_K18XAKRDJX_3,"Neighbor cell(s) [650] arrive at comparable signal strength to the serving cell but originate from a different, non-colocated site, producing severe overlapping coverage that degrades throughput.
\boxed{A2}"
ID_K18XAKRDJX_4,"Neighbor cell(s) [650] arrive at comparable signal strength to the serving cell but originate from a different, non-colocated site, producing severe overlapping coverage that degrades throughput.
\boxed{A2}"
ID_ERAI135N3F_1,"The serving cell (PCI 455) shares PCI mod 30 with neighbor PCI(s) [575], causing reference-signal collision and interference that suppresses throughput.
\boxed{5}"
ID_ERAI135N3F_2,"The serving cell (PCI 455) shares PCI mod 30 with neighbor PCI(s) [575], causing reference-signal collision and interference that suppresses throughput.
\boxed{5}"
ID_ERAI135N3F_3,"The serving cell (PCI 455) shares PCI mod 30 with neighbor PCI(s) [575], causing reference-signal collision and interference that suppresses throughput.
\boxed{5}"
ID_ERAI135N3F_4,"The serving cell (PCI 455) shares PCI mod 30 with neighbor PCI(s) [575], causing reference-signal collision and interference that suppresses throughput.
\boxed{5}"
ID_0EFMXJ9HNE_1,"Neighbor cell(s) [650] arrive at comparable signal strength to the serving cell but originate from a different, non-colocated site, producing severe overlapping coverage that degrades throughput.
\boxed{7}"
ID_0EFMXJ9HNE_2,"The serving cell (PCI 358) shares PCI mod 30 with neighbor PCI(s) [440], causing reference-signal collision and interference that suppresses throughput.
\boxed{5}"
ID_0EFMXJ9HNE_3,"Neighbor cell(s) [650] arrive at comparable signal strength to the serving cell but originate from a different, non-colocated site, producing severe overlapping coverage that degrades throughput.
\boxed{7}"
ID_0EFMXJ9HNE_4,"Neighbor cell(s) [650] arrive at comparable signal strength to the serving cell but originate from a different, non-colocated site, producing severe overlapping coverage that degrades throughput.
\boxed{7}"
ID_QQA6BCLDF5_1,"The serving cell's total downtilt of about 14.0° is shallow relative to its vertical beamwidth of 6.0°, extending the main beam's reach well beyond the intended ~1km coverage radius, indicating the cell is over-shooting its intended coverage area rather than being properly contained.
\boxed{C3}"
ID_QQA6BCLDF5_2,"The serving cell's total downtilt of about 14.0° is shallow relative to its vertical beamwidth of 6.0°, extending the main beam's reach well beyond the intended ~1km coverage radius, indicating the cell is over-shooting its intended coverage area rather than being properly contained.
\boxed{C3}"
ID_QQA6BCLDF5_3,"The serving cell's total downtilt of about 14.0° is shallow relative to its vertical beamwidth of 6.0°, extending the main beam's reach well beyond the intended ~1km coverage radius, indicating the cell is over-shooting its intended coverage area rather than being properly contained.
\boxed{C3}"
ID_QQA6BCLDF5_4,"The serving cell's total downtilt of about 14.0° is shallow relative to its vertical beamwidth of 6.0°, extending the main beam's reach well beyond the intended ~1km coverage radius, indicating the cell is over-shooting its intended coverage area rather than being properly contained.
\boxed{C3}"
ID_WR3MG9B5F4_1,"The serving cell (PCI 433) shares PCI mod 30 with neighbor PCI(s) [650], causing reference-signal collision and interference that suppresses throughput.
\boxed{8}"
ID_WR3MG9B5F4_2,"Neighbor cell(s) [818] arrive at comparable signal strength to the serving cell but originate from a different, non-colocated site, producing severe overlapping coverage that degrades throughput.
\boxed{2}"
ID_WR3MG9B5F4_3,"Neighbor cell(s) [818] arrive at comparable signal strength to the serving cell but originate from a different, non-colocated site, producing severe overlapping coverage that degrades throughput.
\boxed{2}"
ID_WR3MG9B5F4_4,"Neighbor cell(s) [818] arrive at comparable signal strength to the serving cell but originate from a different, non-colocated site, producing severe overlapping coverage that degrades throughput.
\boxed{2}"
ID_PJWSR7WHOV_1,"The average scheduled RB count is about 164.0, below the 160-RB threshold needed to sustain high throughput, directly explaining the low observed data rate.
\boxed{3}"
ID_PJWSR7WHOV_2,"The average scheduled RB count is about 164.1, below the 160-RB threshold needed to sustain high throughput, directly explaining the low observed data rate.
\boxed{3}"
ID_PJWSR7WHOV_3,"The average scheduled RB count is about 163.0, below the 160-RB threshold needed to sustain high throughput, directly explaining the low observed data rate.
\boxed{3}"
ID_PJWSR7WHOV_4,"The average scheduled RB count is about 164.0, below the 160-RB threshold needed to sustain high throughput, directly explaining the low observed data rate.
\boxed{3}"
ID_K8PW0LNOY1_1,"The test vehicle's GPS speed averages 33.1 km/h and peaks at 39 km/h, with the peak exceeding the 40km/h mobility threshold at which scheduling and channel estimation degrade, impacting throughput.
\boxed{4}"
ID_K8PW0LNOY1_2,"The test vehicle's GPS speed averages 33.1 km/h and peaks at 39 km/h, with the peak exceeding the 40km/h mobility threshold at which scheduling and channel estimation degrade, impacting throughput.
\boxed{4}"
ID_K8PW0LNOY1_3,"The test vehicle's GPS speed averages 33.1 km/h and peaks at 39 km/h, with the peak exceeding the 40km/h mobility threshold at which scheduling and channel estimation degrade, impacting throughput.
\boxed{4}"
ID_K8PW0LNOY1_4,"The serving cell's total downtilt is about 15.0° against a vertical beamwidth of 6.0° at a mounting height of 21.0m, which narrows the effective coverage radius and pulls the main beam toward the ground close to the site. The serving SS-RSRP averages -88.3 dBm, consistent with weak far-end coverage caused by excessive downtilt.
\boxed{5}"
ID_0B8V1YMQNY_1,"The average scheduled RB count is about 158.0, below the 160-RB threshold needed to sustain high throughput, directly explaining the low observed data rate.
\boxed{2}"
ID_0B8V1YMQNY_2,"The serving cell's total downtilt of about 15.0° is shallow relative to its vertical beamwidth of 6.0°, extending the main beam's reach well beyond the intended ~1km coverage radius, indicating the cell is over-shooting its intended coverage area rather than being properly contained.
\boxed{3}"
ID_0B8V1YMQNY_3,"The average scheduled RB count is about 157.7, below the 160-RB threshold needed to sustain high throughput, directly explaining the low observed data rate.
\boxed{2}"
ID_0B8V1YMQNY_4,"The serving cell's total downtilt of about 15.0° is shallow relative to its vertical beamwidth of 6.0°, extending the main beam's reach well beyond the intended ~1km coverage radius, indicating the cell is over-shooting its intended coverage area rather than being properly contained.
\boxed{3}"
ID_E3YZ6ZI9AD_1,"The serving cell's total downtilt is about 25.0° against a vertical beamwidth of 12.0° at a mounting height of 30.1m, which narrows the effective coverage radius and pulls the main beam toward the ground close to the site. The serving SS-RSRP averages -71.6 dBm, consistent with weak far-end coverage caused by excessive downtilt.
\boxed{7}"
ID_E3YZ6ZI9AD_2,"The serving cell's total downtilt is about 25.0° against a vertical beamwidth of 12.0° at a mounting height of 30.1m, which narrows the effective coverage radius and pulls the main beam toward the ground close to the site. The serving SS-RSRP averages -71.7 dBm, consistent with weak far-end coverage caused by excessive downtilt.
\boxed{7}"
ID_E3YZ6ZI9AD_3,"The serving cell's total downtilt is about 25.0° against a vertical beamwidth of 12.0° at a mounting height of 63.5m, which narrows the effective coverage radius and pulls the main signal toward the ground close to the site. The serving SS-RSRP averages -71.7 dBm, consistent with weak far-end coverage caused by excessive downtilt.
\boxed{7}"
ID_E3YZ6ZI9AD_4,"The serving cell's total downtilt is about 25.0° against a vertical beamwidth of 12.0° at a mounting height of 63.5m, which narrows the effective coverage radius and pulls the main beam toward the ground close to the site. The serving SS-RSRP averages -71.4 dBm, consistent with weak far-end coverage caused by excessive downtilt.
\boxed{7}"
ID_3OAV0CU07N_1,"The average scheduled RB count is about 159.8, below the 160-RB threshold needed to sustain high throughput, directly explaining the low observed data rate.
\boxed{W7}"
ID_3OAV0CU07N_2,"The average scheduled RB count is about 158.8, below the 160-RB threshold needed to sustain high throughput, directly explaining the low observed data rate.
\boxed{W7}"
ID_3OAV0CU07N_3,"The average scheduled RB count is about 158.9, below the 160-RB threshold needed to sustain high throughput, directly explaining the low observed data rate.
\boxed{W7}"
ID_3OAV0CU07N_4,"The average scheduled RB count is about 159.3, below the 160-RB threshold needed to sustain high throughput, directly explaining the low observed data rate.
\boxed{W7}"
ID_B04D9RLT7E_1,"The serving cell's total downtilt of about 25.0° is shallow relative to its vertical beamwidth of 10.0°, extending the main beam's reach well beyond the intended ~1km coverage radius, indicating the cell is over-shooting its intended coverage area rather than being properly contained.
\boxed{U8}"
ID_B04D9RLT7E_2,"The serving cell's total downtilt of about 25.0° is shallow relative to its vertical beamwidth of 10.0°, extending the main beam's reach well beyond the intended ~1km coverage radius, indicating the cell is over-shooting its intended coverage area rather than being properly contained.
\boxed{U8}"
ID_B04D9RLT7E_3,"The serving cell's total downtilt of about 25.0° is shallow relative to its vertical beamwidth of 10.0°, extending the main beam's reach well beyond the intended ~1km coverage radius, indicating the cell is over-shooting its intended coverage area rather than being properly contained.
\boxed{U8}"
ID_B04D9RLT7E_4,"The serving cell's total downtilt of about 25.0° is shallow relative to its vertical beamwidth of 10.0°, extending the main beam's reach well beyond the intended ~1km coverage radius, indicating the cell is over-shooting its intended coverage area rather than being properly contained.
\boxed{U8}"
ID_AX6YF3XNV2_1,"Neighbor cell(s) [189] arrive at comparable signal strength to the serving cell but originate from a different, non-colocated site, producing severe overlapping coverage that degrades throughput.
\boxed{W4}"
ID_AX6YF3XNV2_2,"Neighbor cell(s) [189] arrive at comparable signal strength to the serving cell but originate from a different, non-colocated site, producing severe overlapping coverage that degrades throughput.
\boxed{W4}"
ID_AX6YF3XNV2_3,"Neighbor cell(s) [189] arrive at comparable signal strength to the serving cell but originate from a different, non-colocated site, producing severe overlapping coverage that degrades throughput.
\boxed{W4}"
ID_AX6YF3XNV2_4,"Neighbor cell(s) [189] arrive at comparable signal strength to the serving cell but originate from a different, non-colocated site, producing severe overlapping coverage that degrades throughput.
\boxed{W4}"
ID_VODQFTBXIK_1,"The serving cell (PCI 525) shares PCI mod 30 with neighbor PCI(s) [405], causing reference-signal collision and interference that suppresses throughput.
\boxed{5}"
ID_VODQFTBXIK_2,"The serving cell (PCI 525) shares PCI mod 30 with neighbor PCI(s) [405], causing reference-signal collision and interference that suppresses throughput.
\boxed{5}"
ID_VODQFTBXIK_3,"The serving cell (PCI 525) shares PCI mod 30 with neighbor PCI(s) [405], causing reference-signal collision and interference that suppresses throughput.
\boxed{5}"
ID_VODQFTBXIK_4,"The serving cell (PCI 525) shares PCI mod 30 with neighbor PCI(s) [405], causing reference-signal collision and interference that suppresses throughput.
\boxed{5}"
ID_HN2ESN5LV7_1,"The serving PCI changes 3 times across this short window of data, indicating frequent handovers that interrupt scheduling and degrade sustained throughput.
\boxed{E}"
ID_HN2ESN5LV7_2,"The serving PCI changes 3 times across this short window of data, indicating frequent handovers that interrupt scheduling and degrade sustained throughput.
\boxed{C}"
ID_HN2ESN5LV7_3,"The serving PCI changes 3 times across this short window of data, indicating frequent handovers that interrupt scheduling and degrade sustained throughput.
\boxed{E}"
ID_HN2ESN5LV7_4,"The serving PCI changes 3 times across this short window of data, indicating frequent handovers that interrupt scheduling and degrade sustained throughput.
\boxed{C}"
ID_FW01E2X0ZA_1,"The serving cell's total downtilt is about 16.0° against a vertical beamwidth of 6.0° at a mounting height of 30.1m, which narrows the effective coverage radius and pulls the main beam toward the ground close to the site. The serving SS-RSRP averages -79.1 dBm, consistent with weak far-end coverage caused by excessive downtilt.
\boxed{Z6}"
ID_FW01E2X0ZA_2,"The serving cell's total downtilt is about 16.0° against a vertical beamwidth of 6.0° at a mounting height of 30.1m, which narrows the effective coverage radius and pulls the main beam toward the ground close to the site. The serving SS-RSRP averages -79.0 dBm, consistent with weak far-end coverage caused by excessive downtilt.
\boxed{Z6}"
ID_FW01E2X0ZA_3,"The serving cell's total downtilt is about 16.0° against a vertical beamwidth of 6.0° at a mounting height of 30.1m, which narrows the effective coverage radius and pulls the main beam toward the ground close to the site. The serving SS-RSRP averages -79.0 dBm, consistent with weak far-end coverage caused by excessive downtilt.
\boxed{Z6}"
ID_FW01E2X0ZA_4,"The serving cell's total downtilt is about 16.0° against a vertical beamwidth of 6.0° at a mounting height of 30.1m, which narrows the effective coverage radius and pulls the main beam toward the ground close to the site. The serving SS-RSRP averages -79.1 dBm, consistent with weak far-end coverage caused by excessive downtilt.
\boxed{Z6}"
ID_GBAFUTI9DZ_1,"A neighboring cell reaches this location with a filtered Tx BRSRP of about -81.4 dBm, comparable to or stronger than the serving cell's average SS-RSRP of -79.5 dBm, suggesting a neighbor would deliver higher throughput than the current serving cell.
\boxed{7}"
ID_GBAFUTI9DZ_2,"The average scheduled RB count is about 148.7, below the 160-RB threshold needed to sustain high throughput, directly explaining the low observed data rate.
\boxed{5}"
ID_GBAFUTI9DZ_3,"The average scheduled RB count is about 147.7, below the 160-RB threshold needed to sustain high throughput, directly explaining the low observed data rate.
\boxed{5}"
ID_GBAFUTI9DZ_4,"A neighboring cell reaches this location with a filtered Tx BRSRP of about -81.4 dBm, comparable to or stronger than the serving cell's average SS-RSRP of -80.0 dBm, suggesting a neighbor would deliver higher throughput than the current serving cell.
\boxed{7}"
ID_9PUO8UAKPM_1,"The average scheduled RB count is about 165.0, below the 160-RB threshold needed to sustain high throughput, directly explaining the low observed data rate.
\boxed{O1}"
ID_9PUO8UAKPM_2,"The average scheduled RB count is about 164.4, below the 160-RB threshold needed to sustain high throughput, directly explaining the low observed data rate.
\boxed{O1}"
ID_9PUO8UAKPM_3,"The average scheduled RB count is about 164.3, below the 160-RB threshold needed to sustain high throughput, directly explaining the low observed data rate.
\boxed{O1}"
ID_9PUO8UAKPM_4,"The average scheduled RB count is about 164.4, below the 160-RB threshold needed to sustain high throughput, directly explaining the low observed data rate.
\boxed{O1}"
ID_LEJ31J801X_1,"The serving cell's total downtilt of about 14.0° is shallow relative to its vertical beamwidth of 6.0°, extending the main beam's reach well beyond the intended ~1km coverage radius, indicating the cell is over-shooting its intended coverage area rather than being properly contained.
\boxed{8}"
ID_LEJ31J801X_2,"The serving cell's total downtilt of about 23.0° is shallow relative to its vertical beamwidth of 6.0°, extending the main beam's reach well beyond the intended ~1km coverage radius, indicating the cell is over-shooting its intended coverage area rather than being properly contained.
\boxed{8}"
ID_LEJ31J801X_3,"The serving cell's total downtilt of about 14.0° is shallow relative to its vertical beamwidth of 6.0°, extending the main beam's reach well beyond the intended ~1km coverage radius, indicating the cell is over-shooting its intended coverage area rather than being properly contained.
\boxed{8}"
ID_LEJ31J801X_4,"The serving cell's total downtilt of about 23.0° is shallow relative to its vertical beamwidth of 6.0°, extending the main beam's reach well beyond the intended ~1km coverage radius, indicating the cell is over-shooting its intended coverage area rather than being properly contained.
\boxed{8}"
ID_SWNB0TVXDH_1,"The serving cell (PCI 650) shares PCI mod 30 with neighbor PCI(s) [770], causing reference-signal collision and interference that suppresses throughput.
\boxed{M7}"
ID_SWNB0TVXDH_2,"The serving cell (PCI 650) shares PCI mod 30 with neighbor PCI(s) [770], causing reference-signal collision and interference that suppresses throughput.
\boxed{M7}"
ID_SWNB0TVXDH_3,"The serving cell (PCI 650) shares PCI mod 30 with neighbor PCI(s) [770], causing reference-signal collision and interference that suppresses throughput.
\boxed{M7}"
ID_SWNB0TVXDH_4,"Neighbor cell(s) [818] arrive at comparable signal strength to the serving cell but originate from a different, non-colocated site, producing severe overlapping coverage that degrades throughput.
\boxed{M3}"
ID_KGKTWK5X44_1,"The serving cell's total RSSI drops below -80.7 dBm, indicating strong interference from nearby weak signals.
\boxed{A}"
ID_KGKTWK5X44_2,"The serving cell (PCI 140) shares PCI with neighbor PCI(s) 611, causing reference-signal collision and interference that suppresses throughput.
\boxed{A}"
ID_KGKTWK5X44_3,"The serving cell's total RSRP drops to -82.6 dBm, below the average of -84.1 dBm across all tested cells, indicating weak overall coverage.
\boxed{A}"
ID_KGKTWK5X44_4,"The serving cell (PCI 140) shares PCI with neighbor PCI(s) 611, causing reference-signal collision and interference that suppresses throughput.
\boxed{D}"
ID_AMT2SZJY3M_1,"The serving cell's total downtilt is about 15.0° against a vertical beamwidth of 6.0° at a mounting height of 30.1m, which narrows the effective coverage radius and pulls the main beam toward the ground close to the site. The serving SS-RSRP averages -80.8 dBm, consistent with weak far-end coverage caused by excessive downtilt.
\boxed{7}"
ID_AMT2SZJY3M_2,"The serving cell's total downtilt is about 15.0° against a vertical beamwidth of 12.0° at a mounting height of 35.0m, which narrows the effective coverage radius and pulls the main beam toward the ground close to the site. The serving SS-RSRP averages -80.7 dBm, consistent with weak far-end coverage caused by excessive downtilt.
\boxed{7}"
ID_AMT2SZJY3M_3,"Neighbor cell(s) [871] arrive at comparable signal strength to the serving cell but originate from a different, non-colocated site, producing severe overlapping coverage that degrades throughput.
\boxed{3}"
ID_AMT2SZJY3M_4,"The serving cell's total downtilt is about 15.0° against a vertical beamwidth of 12.0° at a mounting height of 35.0m, which narrows the effective coverage radius and pulls the main beam toward the ground close to the site. The serving SS-RSRP averages -80.9 dBm, consistent with weak far-end coverage caused by excessive downtilt.
\boxed{7}"
ID_KNC84QD9WZ_1,"The average scheduled RB count is about 158.2, below the 160-RB threshold needed to sustain high throughput, directly explaining the low observed data rate.
\boxed{R3}"
ID_KNC84QD9WZ_2,"The serving cell (PCI 501) shares PCI mod 30 with neighbor PCI(s) [133], causing reference-signal collision and interference that suppresses throughput.
\boxed{R4}"
ID_KNC84QD9WZ_3,"The serving cell (PCI 501) shares PCI mod 30 with neighbor PCI(s) [133], causing reference-signal collision and interference that suppresses throughput.
\boxed{R4}"
ID_KNC84QD9WZ_4,"The serving cell (PCI 501) shares PCI mod 30 with neighbor PCI(s) [133], causing reference-signal collision and interference that suppresses throughput.
\boxed{R4}"
ID_FFJJ4V6GT5_1,"Neighbor cell(s) [650] arrive at comparable signal strength to the serving cell but originate from a different, non-colocated site, producing severe overlapping coverage that degrades throughput.
\boxed{E7}"
ID_FFJJ4V6GT5_2,"Neighbor cell(s) [650] arrive at comparable signal strength to the serving cell but originate from a different, non-colocated site, producing severe overlapping coverage that degrades throughput.
\boxed{E7}"
ID_FFJJ4V6GT5_3,"Neighbor cell(s) [650] arrive at comparable signal strength to the serving cell but originate from a different, non-colocated site, producing severe overlapping coverage that degrades throughput.
\boxed{E7}"
ID_FFJJ4V6GT5_4,"Neighbor cell(s) [650] arrive at comparable signal strength to the serving cell but originate from a different, non-colocated site, producing severe overlapping coverage that degrades throughput.
\boxed{E7}"
ID_YAMZFU3EY0_1,"The serving cell (PCI 990) shares PCI mod 30 with neighbor PCI(s) [433], causing reference-signal collision and interference that suppresses throughput.
\boxed{H4}"
ID_YAMZFU3EY0_2,"The serving cell (PCI 990) shares PCI mod 30 with neighbor PCI(s) [433], causing reference-signal collision and interference that suppresses throughput.
\boxed{H4}"
ID_YAMZFU3EY0_3,"The serving cell (PCI 990) shares PCI mod 30 with neighbor PCI(s) [433], causing reference-signal collision and interference that suppresses throughput.
\boxed{H4}"
ID_YAMZFU3EY0_4,"The serving cell (PCI 990) shares PCI mod 30 with neighbor PCI(s) [433], causing reference-signal collision and interference that suppresses throughput.
\boxed{H4}"
ID_9I3HYE96Q1_1,"The average scheduled RB count is about 166.0, below the 160-RB threshold needed to sustain high throughput, directly explaining the low observed data rate.
\boxed{K4}"
ID_9I3HYE96Q1_2,"The average scheduled RB count is about 166.0, below the 160-RB threshold needed to sustain high throughput, directly explaining the low observed data rate.
\boxed{K4}"
ID_9I3HYE96Q1_3,"The average scheduled RB count is about 166.3, below the 160-RB threshold needed to sustain high throughput, directly explaining the low observed data rate.
\boxed{K4}"
ID_9I3HYE96Q1_4,"The average scheduled RB count is about 166.6, below the 160-RB threshold needed to sustain high throughput, directly explaining the low observed data rate.
\boxed{K4}"
ID_FWTK3WKQH9_1,"The serving cell (PCI 455) shares PCI mod 30 with neighbor PCI(s) [575], causing reference-signal collision and interference that suppresses throughput.
\boxed{5}"
ID_FWTK3WKQH9_2,"The serving cell (PCI 455) shares PCI mod 30 with neighbor PCI(s) [575], causing reference-signal collision and interference that suppresses throughput.
\boxed{5}"
ID_FWTK3WKQH9_3,"The serving cell (PCI 455) shares PCI mod 30 with neighbor PCI(s) [575], causing reference-signal collision and interference that suppresses throughput.
\boxed{5}"
ID_FWTK3WKQH9_4,"The serving cell (PCI 455) shares PCI mod 30 with neighbor PCI(s) [575], causing reference-signal collision and interference that suppresses throughput.
\boxed{5}"
ID_QZF93TNWU2_1,"The average scheduled RB count is about 159.6, below the 160-RB threshold needed to sustain high throughput, directly explaining the low observed data rate.
\boxed{I2}"
ID_QZF93TNWU2_2,"The average scheduled RB count is about 159.9, below the 160-RB threshold needed to sustain high throughput, directly explaining the low observed data rate.
\boxed{I2}"
ID_QZF93TNWU2_3,"The average scheduled RB count is about 159.5, below the 160-RB threshold needed to sustain high throughput, directly explaining the low observed data rate.
\boxed{I2}"
ID_QZF93TNWU2_4,"The average scheduled RB count is about 159.9, below the 160-RB threshold needed to sustain high throughput, directly explaining the low observed data rate.
\boxed{I2}"
ID_1XC1X5UF65_1,"The average scheduled RB count is about 166.2, below the 160-RB threshold needed to sustain high throughput, directly explaining the low observed data rate.
\boxed{E6}"
ID_1XC1X5UF65_2,"The average scheduled RB count is about 167.0, below the 160-RB threshold needed to sustain high throughput, directly explaining the low observed data rate.
\boxed{E6}"
ID_1XC1X5UF65_3,"The average scheduled RB count is about 166.3, below the 160-RB threshold needed to sustain high throughput, directly explaining the low observed data rate.
\boxed{E6}"
ID_1XC1X5UF65_4,"The average scheduled RB count is about 166.9, below the 160-RB threshold needed to sustain high throughput, directly explaining the low observed data rate.
\boxed{E6}"
ID_G58ET0KB6U_1,"The serving cell's total downtilt of about 11.0° is shallow relative to its vertical beamwidth of 6.0°, which narrows the effective coverage radius and pulls the main beam toward the ground close to the site. This pulls the main signal toward the ground close to the site, shading off weaker signals far from the site, especially against the strong neighbor cell at about -83.5 dBm.
\boxed{D6}"
ID_G58ET0KB6U_2,"The serving cell's total downtilt of about 11.0° is shallow relative to its vertical beamwidth of 6.0°, which narrows the effective coverage radius and pulls the main signal toward the ground close to the site. This pulls the main signal toward the ground close to the site, weakening coverage on far-end nodes.
\boxed{D6}"
ID_G58ET0KB6U_3,"The serving cell's total downtilt of about 11.0° is shallow relative to its vertical beamwidth of 6.0°, which narrows the effective coverage radius and pulls the main beam toward the ground close to the site. This causes strong reference-signal collision with nearby neighbors, suppressing channel separation and reducing signal strength at the far end of the coverage area.
\boxed{D6}"
ID_G58ET0KB6U_4,"The serving cell's total downtilt of about 11.0° is shallow relative to its vertical beamwidth of 6.0°, which narrows the effective coverage radius and pulls the main signal toward the ground close to the site. This pulls the main signal toward the ground close to the site, weakening coverage on far-end nodes.
\boxed{D6}"
ID_PQPU74MQQ4_1,"Neighbor cell(s) [818] arrive at comparable signal strength to the serving cell but originate from a different, non-colocated site, producing severe overlapping coverage that degrades throughput.
\boxed{3}"
ID_PQPU74MQQ4_2,"Neighbor cell(s) [818] arrive at comparable signal strength to the serving cell but originate from a different, non-colocated site, producing severe overlapping coverage that degrades throughput.
\boxed{3}"
ID_PQPU74MQQ4_3,"The serving cell (PCI 650) shares PCI mod 30 with neighbor PCI(s) [433], causing reference-signal collision and interference that suppresses throughput.
\boxed{8}"
ID_PQPU74MQQ4_4,"The serving cell (PCI 650) shares PCI mod 30 with neighbor PCI(s) [433], causing reference-signal collision and interference that suppresses throughput.
\boxed{8}"
ID_H9MY2HZPZI_1,"The serving cell (PCI 650) shares PCI mod 30 with neighbor PCI(s) [990], causing reference-signal collision and interference that suppresses throughput.
\boxed{5}"
ID_H9MY2HZPZI_2,"The serving cell (PCI 650) shares PCI mod 30 with neighbor PCI(s) [990], causing reference-signal collision and interference that suppresses throughput.
\boxed{5}"
ID_H9MY2HZPZI_3,"The serving cell (PCI 650) shares PCI mod 30 with neighbor PCI(s) [990], causing reference-signal collision and interference that suppresses throughput.
\boxed{5}"
ID_H9MY2HZPZI_4,"The serving cell (PCI 650) shares PCI mod 30 with neighbor PCI(s) [990], causing reference-signal collision and interference that suppresses throughput.
\boxed{5}"
ID_OQ0291L5V4_1,"The average scheduled RB count is about 155.2, below the 160-RB threshold needed to sustain high throughput, directly explaining the low observed data rate.
\boxed{5}"
ID_OQ0291L5V4_2,"The average scheduled RB count is about 155.7, below the 160-RB threshold needed to sustain high throughput, directly explaining the low observed data rate.
\boxed{5}"
ID_OQ0291L5V4_3,"The average scheduled RB count is about 155.9, below the 160-RB threshold needed to sustain high throughput, directly explaining the low observed data rate.
\boxed{5}"
ID_OQ0291L5V4_4,"The average scheduled RB count is about 155.2, below the 160-RB threshold needed to sustain high throughput, directly explaining the low observed data rate.
\boxed{5}"
ID_8ZZNHA4DET_1,"The serving cell (PCI 650) shares PCI mod 30 with neighbor PCI(s) [770], causing reference-signal collision and interference that suppresses throughput.
\boxed{Z8}"
ID_8ZZNHA4DET_2,"The serving cell (PCI 650) shares PCI mod 30 with neighbor PCI(s) [770], causing reference-signal collision and interference that suppresses throughput.
\boxed{Z8}"
ID_8ZZNHA4DET_3,"The serving cell (PCI 650) shares PCI mod 30 with neighbor PCI(s) [770], causing reference-signal collision and interference that suppresses throughput.
\boxed{Z8}"
ID_8ZZNHA4DET_4,"Neighbor cell(s) [818] arrive at comparable signal strength to the serving cell but originate from a different, non-colocated site, producing severe overlapping coverage that degrades throughput.
\boxed{Z6}"
ID_MDLL3IIB98_1,"The average scheduled RB count is about 159.7, below the 160-RB threshold needed to sustain high throughput, directly explaining the low observed data rate.
\boxed{F4}"
ID_MDLL3IIB98_2,"The average scheduled RB count is about 159.7, below the 160-RB threshold needed to sustain high throughput, directly explaining the low observed data rate.
\boxed{F4}"
ID_MDLL3IIB98_3,"The average scheduled RB count is about 159.9, below the 160-RB threshold needed to sustain high throughput, directly explaining the low observed data rate.
\boxed{F4}"
ID_MDLL3IIB98_4,"The average scheduled RB count is about 159.7, below the 160-RB threshold needed to sustain high throughput, directly explaining the low observed data rate.
\boxed{F4}"
ID_914DQFWW5C_1,"The serving PCI changes 3 times across this short drive-test window, indicating frequent handovers that interrupt scheduling and degrade sustained throughput.
\boxed{P8}"
ID_914DQFWW5C_2,"The serving PCI changes 3 times across this short drive-test window, indicating frequent handovers that interrupt scheduling and degrade sustained throughput.
\boxed{P8}"
ID_914DQFWW5C_3,"The serving PCI changes 3 times across this short drive-test window, indicating frequent handovers that interrupt scheduling and degrade sustained throughput.
\boxed{P8}"
ID_914DQFWW5C_4,"The serving PCI changes 3 times across this short drive-test window, indicating frequent handovers that interrupt scheduling and degrade sustained throughput.
\boxed{P8}"
ID_S61Y0Y93VZ_1,"Neighbor cell(s) [218] arrive at comparable signal strength to the serving cell but originate from a different, non-colocated site, producing severe overlapping coverage that degrades throughput.
\boxed{5}"
ID_S61Y0Y93VZ_2,"Neighbor cell(s) [218] arrive at comparable signal strength to the serving cell but originate from a different, non-colocated site, producing severe overlapping coverage that degrades throughput.
\boxed{5}"
ID_S61Y0Y93VZ_3,"Neighbor cell(s) [218] arrive at comparable signal strength to the serving cell but originate from a different, non-colocated site, producing severe overlapping coverage that degrades throughput.
\boxed{5}"
ID_S61Y0Y93VZ_4,"Neighbor cell(s) [218] arrive at comparable signal strength to the serving cell but originate from a different, non-colocated site, producing severe overlapping coverage that degrades throughput.
\boxed{5}"
ID_GHT998HB35_1,"Neighbor cell(s) [818] share PCI with serving cell and match neighbor filter settings, producing severe overlapping coverage that degrades throughput.
\boxed{6}"
ID_GHT998HB35_2,"Neighbor cell(s) [818] share PCI with serving cell and match neighbor filter settings, producing severe overlapping coverage that degrades throughput.
\boxed{6}"
ID_GHT998HB35_3,"Neighbor cell(s) [818] share PCI with serving cell and match neighbor filter settings, producing severe overlapping coverage that degrades throughput.
\boxed{6}"
ID_GHT998HB35_4,"Neighbor cell(s) [818] share PCI with serving cell and match neighbor cell filter settings, producing severe overlapping coverage that degrades throughput.
\boxed{6}"
ID_C0GTHSVFUR_1,"The serving cell's total downtilt of about 15.0° is shallow relative to its vertical beamwidth of 25.0°, extending the main beam's reach well beyond the intended ~1km coverage radius, indicating the cell is over-shooting its intended coverage area rather than being properly contained.
\boxed{J1}"
ID_C0GTHSVFUR_2,"The serving cell's total downtilt of about 26.0° is shallow relative to its vertical beamwidth of 12.0°, extending the main beam's reach well beyond the intended ~1km coverage radius, indicating the cell is over-shooting its intended coverage area rather than being properly contained.
\boxed{J1}"
ID_C0GTHSVFUR_3,"The serving cell's total downtilt is about 26.0° against a vertical beamwidth of 12.0° at a mounting height of 63.0m, which narrows the effective coverage radius and pulls the main beam toward the ground close to the site. The serving SS-RSRP averages -69.7 dBm, consistent with weak far-end coverage caused by excessive downtilt.
\boxed{J2}"
ID_C0GTHSVFUR_4,"The serving cell's total downtilt of about 26.0° is shallow relative to its vertical beamwidth of 12.0°, extending the main beam's reach well beyond the intended ~1km coverage radius, indicating the cell is over-shooting its intended coverage area rather than being properly contained.
\boxed{J1}"
ID_4B5RAX7XV5_1,"The serving PCI changes 3 times across this short drive-test window, indicating frequent handovers that interrupt scheduling and degrade sustained throughput.
\boxed{1}"
ID_4B5RAX7XV5_2,"The serving PCI changes 3 times across this short drive-test window, indicating frequent handovers that interrupt scheduling and degrade sustained throughput.
\boxed{1}"
ID_4B5RAX7XV5_3,"The serving PCI changes 3 times across this short drive-test window, indicating frequent handovers that interrupt scheduling and degrade sustained throughput.
\boxed{1}"
ID_4B5RAX7XV5_4,"The serving PCI changes 3 times across this short drive-test window, indicating frequent handovers that interrupt scheduling and degrade sustained throughput.
\boxed{1}"
ID_H39YJ4CJ5Y_1,"The serving cell's total downtilt is about 11.0° against a vertical beamwidth of 6.0° at a mounting height of 14.7m, which narrows the effective coverage radius and pulls the main beam toward the ground close to the site. The serving SS-RSRP averages -84.2 dBm, consistent with weak far-end coverage caused by excessive downtilt.
\boxed{1}"
ID_H39YJ4CJ5Y_2,"The serving cell's total downtilt is about 11.0° against a vertical beamwidth of 6.0° at a mounting height of 14.7m, which narrows the effective coverage radius and pulls the main beam toward the ground close to the site. The serving SS-RSRP averages -84.1 dBm, consistent with weak far-end coverage caused by excessive downtilt.
\boxed{1}"
ID_H39YJ4CJ5Y_3,"The serving cell's total downtilt is about 11.0° against a vertical beamwidth of 6.0° at a mounting height of 14.7m, which narrows the effective coverage radius and pulls the main beam toward the ground close to the site. The serving SS-RSRP averages -84.2 dBm, consistent with weak far-end coverage caused by excessive downtilt.
\boxed{1}"
ID_H39YJ4CJ5Y_4,"The serving cell (PCI 374) shares PCI mod 30 with neighbor PCI(s) [298, 430], causing reference-signal collision and interference that suppresses throughput.
\boxed{8}"
ID_7MPUSJCBE1_1,"The serving PCI changes 3 times across this short drive-test window, indicating frequent handovers that interrupt scheduling and degrade sustained throughput.
\boxed{W1}"
ID_7MPUSJCBE1_2,"The serving PCI changes 3 times across this short drive-test window, indicating frequent handovers that interrupt scheduling and degrade sustained throughput.
\boxed{W1}"
ID_7MPUSJCBE1_3,"The serving PCI changes 3 times across this short drive-test window, indicating frequent handovers that interrupt scheduling and degrade sustained throughput.
\boxed{W1}"
ID_7MPUSJCBE1_4,"The serving PCI changes 3 times across this short drive-test window, indicating frequent handovers that interrupt scheduling and degrade sustained throughput.
\boxed{W1}"
ID_MMX4XEFVXO_1,"The average scheduled RB count is about 157.9, below the 160-RB threshold needed to sustain high throughput, directly explaining the low observed data rate.
\boxed{7}"
ID_MMX4XEFVXO_2,"The average scheduled RB count is about 156.7, below the 160-RB threshold needed to sustain high throughput, directly explaining the low observed data rate.
\boxed{7}"
ID_MMX4XEFVXO_3,"The average scheduled RB count is about 157.9, below the 160-RB threshold needed to sustain high throughput, directly explaining the low observed data rate.
\boxed{7}"
ID_MMX4XEFVXO_4,"The average scheduled RB count is about 155.4, below the 160-RB threshold needed to sustain high throughput, directly explaining the low observed data rate.
\boxed{7}"
ID_9LCYMLO119_1,"The serving cell's total downtilt of about 25.0° is shallow relative to its vertical beamwidth of 6.0°, which narrows the effective coverage radius and pulls the main beam toward the ground close to the site. This causes strong reference-signal collision with nearby neighbors, suppressing channel separation and reducing signal strength at the far end of the coverage area.
\boxed{X3}"
ID_9LCYMLO119_2,"The serving cell's total downtilt of about 15.0° is shallow relative to its vertical beamwidth of 6.0°, which narrows the effective coverage radius and pulls the main beam toward the ground close to the site. This causes strong reference-signal collision with nearby neighbors, suppressing channel separation and degradation of throughput.
\boxed{X3}"
ID_9LCYMLO119_3,"The serving cell's total downtilt of about 15.0° is shallow relative to its vertical beamwidth of 6.0°, which narrows the effective coverage radius and pulls the main beam toward the ground close to the site. This causes strong reference-signal collision with nearby neighbors, suppressing channel separation and reducing throughput.
\boxed{X3}"
ID_9LCYMLO119_4,"The serving cell's total downtilt of about 15.0° is shallow relative to its vertical beamwidth of 6.0°, which narrows the effective coverage radius and pulls the main beam toward the ground close to the site. This causes strong reference-signal collision with nearby neighbors, suppressing channel separation and reducing throughput.
\boxed{X3}"
ID_Z1B42XR16F_1,"The serving PCI changes 3 times across this short window of data, indicating frequent handovers that interrupt scheduling and degrade sustained throughput.
\boxed{E}"
ID_Z1B42XR16F_2,"The serving PCI changes 3 times across this short window of data, indicating frequent handovers that interrupt scheduling and degrade sustained throughput.
\boxed{E}"
ID_Z1B42XR16F_3,"The serving cell (PCI 766) shares PCI with neighbor PCI(s) 160 and 432, causing reference-signal collision and interference that suppresses throughput.
\boxed{F}"
ID_Z1B42XR16F_4,"The serving cell's total RSSI declines to -82.3 dBm, comparable to noise level, suggesting weak coverage caused by excessive interference or obstruction.
\boxed{D}"
ID_7QY1F8G28N_1,"The average scheduled RB count is about 157.8, below the 160-RB threshold needed to sustain high throughput, directly explaining the low observed data rate.
\boxed{5}"
ID_7QY1F8G28N_2,"The average scheduled RB count is about 158.6, below the 160-RB threshold needed to sustain high throughput, directly explaining the low observed data rate.
\boxed{5}"
ID_7QY1F8G28N_3,"The average scheduled RB count is about 159.8, below the 160-RB threshold needed to sustain high throughput, directly explaining the low observed data rate.
\boxed{5}"
ID_7QY1F8G28N_4,"The average scheduled RB count is about 158.8, below the 160-RB threshold needed to sustain high throughput, directly explaining the low observed data rate.
\boxed{5}"
ID_M2HBH6HXS6_1,"The serving PCI changes 3 times across this short drive-test window, indicating frequent handovers that interrupt scheduling and degrade sustained throughput.
\boxed{2}"
ID_M2HBH6HXS6_2,"The serving cell (PCI 440) shares PCI mod 30 with neighbor PCI(s) [650, 871], causing reference-signal collision and interference that suppresses throughput.
\boxed{1}"
ID_M2HBH6HXS6_3,"The serving PCI changes 3 times across this short drive-test window, indicating frequent handovers that interrupt scheduling and degrade sustained throughput.
\boxed{2}"
ID_M2HBH6HXS6_4,"The serving cell (PCI 440) shares PCI mod 30 with neighbor PCI(s) [650, 871], causing reference-signal collision and interference that suppresses throughput.
\boxed{1}"
ID_QULFPNE5RF_1,"The average scheduled RB count is about 150.8, below the 160-RB threshold needed to sustain high throughput, directly explaining the low observed data rate.
\boxed{Q2}"
ID_QULFPNE5RF_2,"The serving cell (PCI 440) shares PCI mod 30 with neighbor PCI(s) [650, 871], causing reference-signal collision and interference that suppresses throughput.
\boxed{Q4}"
ID_QULFPNE5RF_3,"The average scheduled RB count is about 149.5, below the 160-RB threshold needed to sustain high throughput, directly explaining the low observed data rate.
\boxed{Q2}"
ID_QULFPNE5RF_4,"The serving cell (PCI 440) shares PCI mod 30 with neighbor PCI(s) [650, 871], causing reference-signal collision and interference that suppresses throughput.
\boxed{Q4}"
ID_F1TG29V3TY_1,"The average scheduled RB count is about 159.9, below the 160-RB threshold needed to sustain high throughput, directly explaining the low observed data rate.
\boxed{A1}"
ID_F1TG29V3TY_2,"The average scheduled RB count is about 159.4, below the 160-RB threshold needed to sustain high throughput, directly explaining the low observed data rate.
\boxed{A1}"
ID_F1TG29V3TY_3,"The average scheduled RB count is about 159.2, below the 160-RB threshold needed to sustain high throughput, directly explaining the low observed data rate.
\boxed{A1}"
ID_F1TG29V3TY_4,"The average scheduled RB count is about 159.2, below the 160-RB threshold needed to sustain high throughput, directly explaining the low observed data rate.
\boxed{A1}"
ID_V9XI57YSC3_1,"The serving cell's total downtilt is about 15.0° against a vertical beamwidth of 6.0° at a mounting height of 35.0m, which narrows the effective coverage radius and pulls the main beam toward the ground close to the site. The serving SS-RSRP averages -79.4 dBm, consistent with weak far-end coverage caused by excessive downtilt.
\boxed{4}"
ID_V9XI57YSC3_2,"The serving cell's total downtilt is about 15.0° against a vertical beamwidth of 6.0° at a mounting height of 35.0m, which narrows the effective coverage radius and pulls the main beam toward the ground close to the site. The serving SS-RSRP averages -79.4 dBm, consistent with weak far-end coverage caused by excessive downtilt.
\boxed{4}"
ID_V9XI57YSC3_3,"The serving cell's total downtilt is about 15.0° against a vertical beamwidth of 6.0° at a mounting height of 35.0m, which narrows the effective coverage radius and pulls the main beam toward the ground close to the site. The serving SS-RSRP averages -79.4 dBm, consistent with weak far-end coverage caused by excessive downtilt.
\boxed{4}"
ID_V9XI57YSC3_4,"The serving cell's total downtilt is about 15.0° against a vertical beamwidth of 6.0° at a mounting height of 35.0m, which narrows the effective coverage radius and pulls the main beam toward the ground close to the site. The serving SS-RSRP averages -79.4 dBm, consistent with weak far-end coverage caused by excessive downtilt.
\boxed{4}"
ID_R5081J9Y9Y_1,"The average scheduled RB count is about 159.9, below the 160-RB threshold needed to sustain high throughput, directly explaining the low observed data rate.
\boxed{T7}"
ID_R5081J9Y9Y_2,"The average scheduled RB count is about 159.9, below the 160-RB threshold needed to sustain high throughput, directly explaining the low observed data rate.
\boxed{T7}"
ID_R5081J9Y9Y_3,"The average scheduled RB count is about 159.9, below the 160-RB threshold needed to sustain high throughput, directly explaining the low observed data rate.
\boxed{T7}"
ID_R5081J9Y9Y_4,"The average scheduled RB count is about 159.6, below the 160-RB threshold needed to sustain high throughput, directly explaining the low observed data rate.
\boxed{T7}"
ID_43CDS9NV4N_1,"The serving cell's total downtilt is about 25.0° against a vertical beamwidth of 12.0° at a mounting height of 49.1m, which narrows the effective coverage radius and pulls the main beam toward the ground close to the site. The serving SS-RSRP averages -83.3 dBm, consistent with weak far-end coverage caused by excessive downtilt.
\boxed{3}"
ID_43CDS9NV4N_2,"The serving cell's total downtilt is about 25.0° against a vertical beamwidth of 6.0° at a mounting height of 49.1m, which narrows the effective coverage radius and pulls the main beam toward the ground close to the site. This pulls the main signal toward the ground close to the site, shading off neighbors that would otherwise occupy this land region.
\boxed{3}"
ID_43CDS9NV4N_3,"The serving cell's total downtilt of about 25.0° is shallow relative to its vertical beamwidth of 10.0°, which narrows the effective coverage radius and pulls the main beam toward the ground close to the site. This pulls the main signal toward the ground close to the site, shading off weaker signals compared to stronger ones, particularly from neighboring cells.
\boxed{3}"
ID_43CDS9NV4N_4,"The serving cell's total downtilt of about 25.0° is shallow relative to its vertical beamwidth of 6.0°, which pulls the main beam toward the ground close to the site. This causes strong reference-signal collision with adjacent cells near the site's location, producing severe overlapping coverage that degrades throughput.
\boxed{2}"
ID_YE3T7GCV86_1,"The serving cell's total downtilt is about 31.0° against a vertical beamwidth of 6.0° at a mounting height of 29.1m, which narrows the effective coverage radius and pulls the main beam toward the ground close to the site. The serving SS-RSRP averages -79.9 dBm, consistent with weak signal strength due to poor coverage.
\boxed{3}"
ID_YE3T7GCV86_2,"The serving cell's total downtilt of about 27.0° is shallow relative to its vertical beamwidth of 6.0°, which narrows the effective coverage radius and pulls the main beam toward the ground close to the site. The serving SS-RSRP averages -79.9 dBm, consistent with weak signal strength caused by poor coverage.
\boxed{3}"
ID_YE3T7GCV86_3,"The serving cell's total downtilt of about 26.0° is shallow relative to its vertical beamwidth of 6.0°, which narrows the effective coverage radius and pulls the main beam toward the ground close to the site. This pulls the main signal toward the ground close to the site, toward neighbor cell(s) like PCI 591, causing weak reference-signal strength and excessive interference that suppresses throughput.
\boxed{4}"
ID_YE3T7GCV86_4,"The serving cell's total downtilt of about 27.0° is shallow relative to its vertical beamwidth of 6.0°, which narrows the effective coverage radius and pulls the main beam toward the ground close to the site. The serving SS-RSRP averages -79.9 dBm, consistent with weak signal strength due to poor coverage.
\boxed{3}"
ID_A5B354WVPJ_1,"Neighbor cell(s) [919] arrive at comparable signal strength to the serving cell but originate from a different, non-colocated site, producing severe overlapping coverage that degrades throughput.
\boxed{I4}"
ID_A5B354WVPJ_2,"Neighbor cell(s) [919] arrive at comparable signal strength to the serving cell but originate from a different, non-colocated site, producing severe overlapping coverage that degrades throughput.
\boxed{I4}"
ID_A5B354WVPJ_3,"Neighbor cell(s) [919] arrive at comparable signal strength to the serving cell but originate from a different, non-colocated site, producing severe overlapping coverage that degrades throughput.
\boxed{I4}"
ID_A5B354WVPJ_4,"Neighbor cell(s) [919] arrive at comparable signal strength to the serving cell but originate from a different, non-colocated site, producing severe overlapping coverage that degrades throughput.
\boxed{I4}"
ID_374USFVD5M_1,"The serving PCI changes 3 times across this short window of test data, indicating frequent handovers that interrupt scheduling and degrade sustained throughput.
\boxed{E}"
ID_374USFVD5M_2,"The serving PCI changes 3 times across this short window of test data, indicating frequent handovers that interrupt scheduling and degrade sustained throughput.
\boxed{E}"
ID_374USFVD5M_3,"The serving PCI changes 3 times across this short window of test data, indicating frequent handovers that interrupt scheduling and degrade sustained throughput.
\boxed{E}"
ID_374USFVD5M_4,"The serving PCI changes 3 times across this short window of test data, indicating frequent handovers that interrupt scheduling and degrade sustained throughput.
\boxed{E}"
ID_QF86TWC47G_1,"The average scheduled RB count is about 163.0, below the 160-RB threshold needed to sustain high throughput, directly explaining the low observed data rate.
\boxed{3}"
ID_QF86TWC47G_2,"The average scheduled RB count is about 163.1, below the 160-RB threshold needed to sustain high throughput, directly explaining the low observed data rate.
\boxed{3}"
ID_QF86TWC47G_3,"The average scheduled RB count is about 164.0, below the 160-RB threshold needed to sustain high throughput, directly explaining the low observed data rate.
\boxed{3}"
ID_QF86TWC47G_4,"The average scheduled RB count is about 163.0, below the 160-RB threshold needed to sustain high throughput, directly explaining the low observed data rate.
\boxed{3}"
ID_YE4AXHMEOY_1,"The serving cell's total downtilt of about 10.0° is shallow relative to its vertical beamwidth of 6.0°, which narrows the effective coverage radius and pulls the main beam toward the ground close to the site. This pulls the main signal toward the ground close to the site, shading off weaker signals far from the site, especially against neighbor cell(s) that arrive at comparable signal strength to the serving cell but in a different direction.
\boxed{F2}"
ID_YE4AXHMEOY_2,"The serving cell's total downtilt of about 10.0° is shallow relative to its vertical beamwidth of 6.0°, which narrows the effective coverage radius and pulls the main beam toward the ground close to the site. This pulls the main signal toward the ground close to the site, weakening coverage on far-end nodes.
\boxed{F2}"
ID_YE4AXHMEOY_3,"The serving cell's total downtilt of about 10.0° is shallow relative to its vertical beamwidth of 6.0°, which narrows the effective coverage radius and pulls the main beam toward the ground close to the site. This pulls the main signal toward the ground close to the site, toward neighbor cells, weakening coverage on far-end sites.
\boxed{F2}"
ID_YE4AXHMEOY_4,"The serving cell's total downtilt of about 10.0° is shallow relative to its vertical beamwidth of 6.0°, which narrows the effective coverage radius and pulls the main beam toward the ground close to the site. This pulls the main signal toward the ground close to the site, weakening coverage on far-end nodes.
\boxed{F2}"
ID_9I4HF3BCZ3_1,"Neighbor cell(s) [287] arrive at comparable signal strength to the serving cell but originate from a different, non-similar network, producing severe overlapping coverage that degrades throughput.
\boxed{I}"
ID_9I4HF3BCZ3_2,"The serving cell's total RSRP drops below -90.0 dBm, indicating severe weak coverage caused by excessive noise or obstruction.
\boxed{B}"
ID_9I4HF3BCZ3_3,"Neighbor cell(s) [287] arrive at comparable signal strength to the serving cell but originate from a different, non-similar network, producing severe overlapping coverage that degrades throughput.
\boxed{I}"
ID_9I4HF3BCZ3_4,"Neighbor cell(s) [287] arrive at comparable signal strength to the serving cell but originate from a different, non-similar network, causing reference-signal collision and interference that suppresses throughput.
\boxed{G}"
ID_PG300SM9BI_1,"The serving PCI changes 3 times across this short window of data, indicating frequent handovers that interrupt scheduling and degrade sustained throughput.
\boxed{C}"
ID_PG300SM9BI_2,"The serving PCI changes 3 times across this short window of data, indicating frequent handovers that interrupt scheduling and degrade sustained throughput.
\boxed{C}"
ID_PG300SM9BI_3,"The serving PCI changes 3 times across this short window of data, indicating frequent handovers that interrupt scheduling and degrade sustained throughput.
\boxed{C}"
ID_PG300SM9BI_4,"The serving PCI changes 3 times across this short window of data, indicating frequent handovers that interrupt scheduling and degrade sustained throughput.
\boxed{C}"
ID_E7G0DXNAGO_1,"The average scheduled RB count is about 159.8, below the 160-RB threshold needed to sustain high throughput, directly explaining the low observed data rate.
\boxed{R4}"
ID_E7G0DXNAGO_2,"The average scheduled RB count is about 158.1, below the 160-RB threshold needed to sustain high throughput, directly explaining the low observed data rate.
\boxed{R4}"
ID_E7G0DXNAGO_3,"The serving cell's total downtilt is about 21.0° against a vertical beamwidth of 12.0° at a mounting height of 63.0m, which narrows the effective coverage radius and pulls the main beam toward the ground close to the site. The serving SS-RSRP averages -79.2 dBm, consistent with weak signal strength due to poor coverage.
\boxed{R1}"
ID_E7G0DXNAGO_4,"The average scheduled RB count is about 157.8, below the 160-RB threshold needed to sustain high throughput, directly explaining the low observed data rate.
\boxed{R4}"
ID_OZM1POX1PC_1,"The serving cell (PCI 189) shares PCI mod 30 with neighbor PCI(s) [298, 359], causing reference-signal collision and interference that suppresses throughput.
\boxed{3}"
ID_OZM1POX1PC_2,"Neighbor cell(s) [298] arrive at comparable signal strength to the serving cell but originate from a different, non-colocated site, producing severe overlapping coverage that degrades throughput.
\boxed{4}"
ID_OZM1POX1PC_3,"Neighbor cell(s) [298] arrive at comparable signal strength to the serving cell but originate from a different, non-colocated site, producing severe overlapping coverage that degrades throughput.
\boxed{4}"
ID_OZM1POX1PC_4,"Neighbor cell(s) [298] arrive at comparable signal strength to the serving cell but originate from a different, non-colocated site, producing severe overlapping coverage that degrades throughput.
\boxed{4}"
ID_G69KZG50N8_1,"The serving PCI changes 3 times across this short drive-test window, indicating frequent handovers that interrupt scheduling and degrade sustained throughput.
\boxed{4}"
ID_G69KZG50N8_2,"The serving PCI changes 3 times across this short drive-test window, indicating frequent handovers that interrupt scheduling and degrade sustained throughput.
\boxed{4}"
ID_G69KZG50N8_3,"The serving PCI changes 3 times across this short drive-test window, indicating frequent handovers that interrupt scheduling and degrade sustained throughput.
\boxed{4}"
ID_G69KZG50N8_4,"The serving PCI changes 3 times across this short drive-test window, indicating frequent handovers that interrupt scheduling and degrade sustained throughput.
\boxed{4}"
ID_2MWTHQZKAN_1,"The serving cell (PCI 697) shares PCI mod 30 with neighbor PCI(s) [591], causing reference-signal collision and interference that suppresses throughput.
\boxed{1}"
ID_2MWTHQZKAN_2,"The serving cell (PCI 697) shares PCI mod 30 with neighbor PCI(s) [591], causing reference-signal collision and interference that suppresses throughput.
\boxed{1}"
ID_2MWTHQZKAN_3,"Neighbor cell(s) [240] arrive at comparable signal strength to the serving cell but originate from a different, non-colocated site, producing severe overlapping coverage that degrades throughput.
\boxed{8}"
ID_2MWTHQZKAN_4,"Neighbor cell(s) [240] arrive at comparable signal strength to the serving cell but originate from a different, non-colocated site, producing severe overlapping coverage that degrades throughput.
\boxed{8}"
ID_0VZIFIRPY6_1,"The average scheduled RB count is about 159.9, below the 160-RB threshold needed to sustain high throughput, directly explaining the low observed data rate.
\boxed{3}"
ID_0VZIFIRPY6_2,"The average scheduled RB count is about 159.6, below the 160-RB threshold needed to sustain high throughput, directly explaining the low observed data rate.
\boxed{3}"
ID_0VZIFIRPY6_3,"The average scheduled RB count is about 159.2, below the 160-RB threshold needed to sustain high throughput, directly explaining the low observed data rate.
\boxed{3}"
ID_0VZIFIRPY6_4,"The average scheduled RB count is about 159.9, below the 160-RB threshold needed to sustain high throughput, directly explaining the low observed data rate.
\boxed{3}"
ID_1ZW5A31XTG_1,"Neighbor cell(s) [980] arrive at comparable signal strength to the serving cell but originate from a different, non-colocated site, producing severe overlapping coverage that degrades throughput.
\boxed{Q4}"
ID_1ZW5A31XTG_2,"Neighbor cell(s) [980] arrive at comparable signal strength to the serving cell but originate from a different, non-colocated site, producing severe overlapping coverage that degrades throughput.
\boxed{Q4}"
ID_1ZW5A31XTG_3,"Neighbor cell(s) [980] arrive at comparable signal strength to the serving cell but originate from a different, non-colocated site, producing severe overlapping coverage that degrades throughput.
\boxed{Q4}"
ID_1ZW5A31XTG_4,"Neighbor cell(s) [980] arrive at comparable signal strength to the serving cell but originate from a different, non-colocated site, producing severe overlapping coverage that degrades throughput.
\boxed{Q4}"
ID_JTCCOUOQ4N_1,"The average scheduled RB count is about 157.9, below the 160-RB threshold needed to sustain high throughput, directly explaining the low observed data rate.
\boxed{1}"
ID_JTCCOUOQ4N_2,"The average scheduled RB count is about 158.6, below the 160-RB threshold needed to sustain high throughput, directly explaining the low observed data rate.
\boxed{1}"
ID_JTCCOUOQ4N_3,"The average scheduled RB count is about 158.9, below the 160-RB threshold needed to sustain high throughput, directly explaining the low observed data rate.
\boxed{1}"
ID_JTCCOUOQ4N_4,"The average scheduled RB count is about 158.6, below the 160-RB threshold needed to sustain high throughput, directly explaining the low observed data rate.
\boxed{1}"
ID_4VRXW3B50C_1,"The serving cell's total downtilt of about 15.0° is shallow relative to its vertical beamwidth of 12.0°, extending the main beam's reach well beyond the intended ~1km coverage radius, indicating the cell is over-shooting its intended coverage area rather than being properly contained.
\boxed{Q8}"
ID_4VRXW3B50C_2,"The serving cell's total downtilt is about 24.0° against a vertical beamwidth of 6.0° at a mounting height of 49.1m, which narrows the effective coverage radius and pulls the main beam toward the ground close to the site. The serving SS-RSRP averages -79.1 dBm, consistent with weak far-end coverage caused by excessive downtilt.
\boxed{Q7}"
ID_4VRXW3B50C_3,"The serving cell's total downtilt is about 24.0° against a vertical beamwidth of 6.0° at a mounting height of 49.1m, which narrows the effective coverage radius and pulls the main beam toward the ground close to the site. The serving SS-RSRP averages -79.4 dBm, consistent with weak far-end coverage caused by excessive downtilt.
\boxed{Q7}"
ID_4VRXW3B50C_4,"The serving cell's total downtilt is about 24.0° against a vertical beamwidth of 6.0° at a mounting height of 49.1m, which narrows the effective coverage radius and pulls the main beam toward the ground close to the site. The serving SS-RSRP averages -79.4 dBm, consistent with weak far-end coverage caused by excessive downtilt.
\boxed{Q7}"
ID_ARKY8ZVCLN_1,"The serving cell's total downtilt of about 26.0° is shallow relative to its vertical beamwidth of 6.0°, extending the main beam's reach well beyond the intended ~1km coverage radius, indicating the cell is over-shooting its intended coverage area rather than being properly contained.
\boxed{G2}"
ID_ARKY8ZVCLN_2,"Neighbor cell(s) [354] arrive at comparable signal strength to the serving cell but originate from a different, non-colocated site, producing severe overlapping coverage that degrades throughput.
\boxed{G1}"
ID_ARKY8ZVCLN_3,"Neighbor cell(s) [354] arrive at comparable signal strength to the serving cell but originate from a different, non-colocated site, producing severe overlapping coverage that degrades throughput.
\boxed{G1}"
ID_ARKY8ZVCLN_4,"Neighbor cell(s) [354] arrive at comparable signal strength to the serving cell but originate from a different, non-colocated site, producing severe overlapping coverage that degrades throughput.
\boxed{G1}"
ID_JAMECOU5TC_1,"The average scheduled RB count is about 156.6, below the 160-RB threshold needed to sustain high throughput, directly explaining the low observed data rate.
\boxed{1}"
ID_JAMECOU5TC_2,"The average scheduled RB count is about 158.8, below the 160-RB threshold needed to sustain high throughput, directly explaining the low observed data rate.
\boxed{1}"
ID_JAMECOU5TC_3,"The average scheduled RB count is about 156.7, below the 160-RB threshold needed to sustain high throughput, directly explaining the low observed data rate.
\boxed{1}"
ID_JAMECOU5TC_4,"The average scheduled RB count is about 156.6, below the 160-RB threshold needed to sustain high throughput, directly explaining the low observed data rate.
\boxed{1}"
ID_GNCOOXQZM3_1,"The serving cell (PCI 501) shares PCI mod 30 with neighbor PCI(s) [621], causing reference-signal collision and interference that suppresses throughput.
\boxed{6}"
ID_GNCOOXQZM3_2,"The serving cell (PCI 501) shares PCI mod 30 with neighbor PCI(s) [621], causing reference-signal collision and interference that suppresses throughput.
\boxed{6}"
ID_GNCOOXQZM3_3,"The serving cell (PCI 501) shares PCI mod 30 with neighbor PCI(s) [621], causing reference-signal collision and interference that suppresses throughput.
\boxed{6}"
ID_GNCOOXQZM3_4,"The serving cell (PCI 501) shares PCI mod 30 with neighbor PCI(s) [621], causing reference-signal collision and interference that suppresses throughput.
\boxed{6}"
ID_E7UE4R1HE4_1,"The average scheduled RB count is about 159.6, below the 160-RB threshold needed to sustain high throughput, directly explaining the low observed data rate.
\boxed{6}"
ID_E7UE4R1HE4_2,"The average scheduled RB count is about 159.4, below the 160-RB threshold needed to sustain high throughput, directly explaining the low observed data rate.
\boxed{6}"
ID_E7UE4R1HE4_3,"The average scheduled RB count is about 159.1, below the 160-RB threshold needed to sustain high throughput, directly explaining the low observed data rate.
\boxed{6}"
ID_E7UE4R1HE4_4,"The average scheduled RB count is about 159.4, below the 160-RB threshold needed to sustain high throughput, directly explaining the low observed data rate.
\boxed{6}"
ID_J8FYWHE4BJ_1,"Neighbor cell(s) [745] arrive at comparable signal strength to the serving cell but originate from a different, non-colocated site, producing severe overlapping coverage that degrades throughput.
\boxed{8}"
ID_J8FYWHE4BJ_2,"Neighbor cell(s) [745] arrive at comparable signal strength to the serving cell but originate from a different, non-colocated site, producing severe overlapping coverage that degrades throughput.
\boxed{8}"
ID_J8FYWHE4BJ_3,"Neighbor cell(s) [745] arrive at comparable signal strength to the serving cell but originate from a different, non-colocated site, producing severe overlapping coverage that degrades throughput.
\boxed{8}"
ID_J8FYWHE4BJ_4,"Neighbor cell(s) [745] arrive at comparable signal strength to the serving cell but originate from a different, non-colocated site, producing severe overlapping coverage that degrades throughput.
\boxed{8}"
ID_6Q7Z2N6V4M_1,"Neighbor cell(s) [240] arrive at comparable signal strength to the serving cell but originate from a different, non-colocated site, producing severe overlapping coverage that degrades throughput.
\boxed{8}"
ID_6Q7Z2N6V4M_2,"Neighbor cell(s) [240] arrive at comparable signal strength to the serving cell but originate from a different, non-colocated site, producing severe overlapping coverage that degrades throughput.
\boxed{8}"
ID_6Q7Z2N6V4M_3,"Neighbor cell(s) [240] arrive at comparable signal strength to the serving cell but originate from a different, non-colocated site, producing severe overlapping coverage that degrades throughput.
\boxed{8}"
ID_6Q7Z2N6V4M_4,"Neighbor cell(s) [240] arrive at comparable signal strength to the serving cell but originate from a different, non-colocated site, producing severe overlapping coverage that degrades throughput.
\boxed{8}"
ID_3EMDSPFY33_1,"The serving PCI changes 3 times across this short window of data, indicating frequent handovers that interrupt scheduling and degrade sustained throughput.
\boxed{E}"
ID_3EMDSPFY33_2,"The serving PCI changes 3 times across this short window of data, indicating frequent handovers that interrupt scheduling and degrade sustained throughput.
\boxed{C}"
ID_3EMDSPFY33_3,"The serving PCI changes 3 times across this short window of data, indicating frequent handovers that interrupt scheduling and degrade sustained throughput.
\boxed{E}"
ID_3EMDSPFY33_4,"The serving PCI changes 3 times across this short window of data, indicating frequent handovers that interrupt scheduling and degrade sustained throughput.
\boxed{C}"
ID_MLN9KSOJ8Y_1,"Neighbor cell(s) [240] arrive at comparable signal strength to the serving cell but originate from a different, non-colocated site, producing severe overlapping coverage that degrades throughput.
\boxed{8}"
ID_MLN9KSOJ8Y_2,"Neighbor cell(s) [240] arrive at comparable signal strength to the serving cell but originate from a different, non-colocated site, producing severe overlapping coverage that degrades throughput.
\boxed{8}"
ID_MLN9KSOJ8Y_3,"Neighbor cell(s) [240] arrive at comparable signal strength to the serving cell but originate from a different, non-colocated site, producing severe overlapping coverage that degrades throughput.
\boxed{8}"
ID_MLN9KSOJ8Y_4,"Neighbor cell(s) [240] arrive at comparable signal strength to the serving cell but originate from a different, non-colocated site, producing severe overlapping coverage that degrades throughput.
\boxed{8}"
ID_Q1GWRS92KQ_1,"The average scheduled RB count is about 161.2, below the 160-RB threshold needed to sustain high throughput, directly explaining the low observed data rate.
\boxed{7}"
ID_Q1GWRS92KQ_2,"The average scheduled RB count is about 159.8, below the 160-RB threshold needed to sustain high throughput, directly explaining the low observed data rate.
\boxed{7}"
ID_Q1GWRS92KQ_3,"The average scheduled RB count is about 161.6, below the 160-RB threshold needed to sustain high throughput, directly explaining the low observed data rate.
\boxed{7}"
ID_Q1GWRS92KQ_4,"The average scheduled RB count is about 159.9, below the 160-RB threshold needed to sustain high throughput, directly explaining the low observed data rate.
\boxed{7}"
ID_YGFHXLG85E_1,"Neighbor cell(s) [980] arrive at comparable signal strength to the serving cell but originate from a different, non-colocated site, producing severe overlapping coverage that degrades throughput.
\boxed{E2}"
ID_YGFHXLG85E_2,"The serving cell (PCI 745) shares PCI mod 30 with neighbor PCI(s) [218, 440], causing reference-signal collision and interference that suppresses throughput.
\boxed{E8}"
ID_YGFHXLG85E_3,"The serving cell (PCI 745) shares PCI mod 30 with neighbor PCI(s) [218, 440], causing reference-signal collision and interference that suppresses throughput.
\boxed{E8}"
ID_YGFHXLG85E_4,"Neighbor cell(s) [980] arrive at comparable signal strength to the serving cell but originate from a different, non-colocated site, producing severe overlapping coverage that degrades throughput.
\boxed{E2}"
ID_RY6FYL2GLR_1,"The serving cell (PCI 90) shares PCI with neighbor PCI(s) 432, causing reference-signal collision and interference that suppresses throughput.
\boxed{C}"
ID_RY6FYL2GLR_2,"The serving cell (PCI 90) shares PCI with neighbor PCI(s) 432, causing reference-signal collision and interference that suppresses throughput.
\boxed{C}"
ID_RY6FYL2GLR_3,"The serving cell's total RSRP drops to -90.4 dBm, below the average of -91.0 dBm observed across this short window, suggesting weak overall coverage.
\boxed{C}"
ID_RY6FYL2GLR_4,"The serving cell's total RSSI drops to about -90.4 dBm, comparable to severe interference, suggesting strong outside noise suppressing signal strength.
\boxed{C}"
ID_11GA6Y35II_1,"The serving cell's total downtilt of about 13.0° is shallow relative to its vertical beamwidth of 6.0°, extending the main beam's reach well beyond the intended ~1km coverage radius, indicating the cell is over-shooting its intended coverage area rather than being properly contained.
\boxed{Q3}"
ID_11GA6Y35II_2,"The serving cell's total downtilt of about 13.0° is shallow relative to its vertical beamwidth of 6.0°, extending the main beam's reach well beyond the intended ~1km coverage radius, indicating the cell is over-shooting its intended coverage area rather than being properly contained.
\boxed{Q3}"
ID_11GA6Y35II_3,"The serving cell's total downtilt of about 10.0° is shallow relative to its vertical beamwidth of 6.0°, extending the main beam's reach well beyond the intended ~1km coverage radius, indicating the cell is over-shooting its intended coverage area rather than being properly contained.
\boxed{Q3}"
ID_11GA6Y35II_4,"The serving cell's total downtilt of about 13.0° is shallow relative to its vertical beamwidth of 6.0°, extending the main beam's reach well beyond the intended ~1km coverage radius, indicating the cell is over-shooting its intended coverage area rather than being properly contained.
\boxed{Q3}"
ID_3VQLW6VX88_1,"The serving PCI changes 3 times across this short window of data, indicating frequent handovers that interrupt scheduling and degrade sustained throughput.
\boxed{2}"
ID_3VQLW6VX88_2,"The serving PCI changes 3 times across this short window of data, indicating frequent handovers that interrupt scheduling and degrade sustained throughput.
\boxed{2}"
ID_3VQLW6VX88_3,"The serving PCI changes 3 times across this short window of data, indicating frequent handovers that interrupt scheduling and degrade sustained throughput.
\boxed{2}"
ID_3VQLW6VX88_4,"The serving PCI changes 3 times across this short window of data, indicating frequent handovers that interrupt scheduling and degrade sustained throughput.
\boxed{2}"
ID_87TXVV5GHD_1,"The serving cell's total downtilt is about 15.0° against a vertical beamwidth of 6.0° at a mounting height of 30.1m, which narrows the effective coverage radius and pulls the main beam toward the ground close to the site. The serving SS-RSRP averages -80.7 dBm, consistent with weak far-end coverage caused by excessive downtilt.
\boxed{4}"
ID_87TXVV5GHD_2,"The serving cell's total downtilt is about 15.0° against a vertical beamwidth of 6.0° at a mounting height of 30.1m, which narrows the effective coverage radius and pulls the main beam toward the ground close to the site. The serving SS-RSRP averages -80.7 dBm, consistent with weak far-end coverage caused by excessive downtilt.
\boxed{4}"
ID_87TXVV5GHD_3,"The serving cell's total downtilt is about 15.0° against a vertical beamwidth of 6.0° at a mounting height of 30.1m, which narrows the effective coverage radius and pulls the main beam toward the ground close to the site. The serving SS-RSRP averages -80.9 dBm, consistent with weak far-end coverage caused by excessive downtilt.
\boxed{4}"
ID_87TXVV5GHD_4,"The serving cell's total downtilt is about 15.0° against a vertical beamwidth of 6.0° at a mounting height of 30.1m, which narrows the effective coverage radius and pulls the main beam toward the ground close to the site. The serving SS-RSRP averages -80.9 dBm, consistent with weak far-end coverage caused by excessive downtilt.
\boxed{4}"
ID_8946WWU0GD_1,"The average scheduled RB count is about 158.7, below the 160-RB threshold needed to sustain high throughput, directly explaining the low observed data rate.
\boxed{2}"
ID_8946WWU0GD_2,"The average scheduled RB count is about 158.6, below the 160-RB threshold needed to sustain high throughput, directly explaining the low observed data rate.
\boxed{2}"
ID_8946WWU0GD_3,"The average scheduled RB count is about 157.6, below the 160-RB threshold needed to sustain high throughput, directly explaining the low observed data rate.
\boxed{2}"
ID_8946WWU0GD_4,"The average scheduled RB count is about 158.8, below the 160-RB threshold needed to sustain high throughput, directly explaining the low observed data rate.
\boxed{2}"
ID_4A0SQHJC7F_1,"The serving PCI changes 3 times across this short drive-test window, indicating frequent handovers that interrupt scheduling and degrade sustained throughput.
\boxed{6}"
ID_4A0SQHJC7F_2,"The serving PCI changes 3 times across this short drive-test window, indicating frequent handovers that interrupt scheduling and degrade sustained throughput.
\boxed{6}"
ID_4A0SQHJC7F_3,"The serving PCI changes 3 times across this short drive-test window, indicating frequent handovers that interrupt scheduling and degrade sustained throughput.
\boxed{6}"
ID_4A0SQHJC7F_4,"The serving PCI changes 3 times across this short drive-test window, indicating frequent handovers that interrupt scheduling and degrade sustained throughput.
\boxed{6}"
ID_KA67LOXG07_1,"The serving cell (PCI 210) shares PCI mod 30 with neighbor PCI(s) [990], causing reference-signal collision and interference that suppresses throughput.
\boxed{X1}"
ID_KA67LOXG07_2,"The serving cell (PCI 210) shares PCI mod 30 with neighbor PCI(s) [990], causing reference-signal collision and interference that suppresses throughput.
\boxed{X1}"
ID_KA67LOXG07_3,"The serving cell (PCI 210) shares PCI mod 30 with neighbor PCI(s) [990], causing reference-signal collision and interference that suppresses throughput.
\boxed{X1}"
ID_KA67LOXG07_4,"The serving cell (PCI 210) shares PCI mod 30 with neighbor PCI(s) [990], causing reference-signal collision and interference that suppresses throughput.
\boxed{X1}"
ID_O0HP0Z9FRS_1,"The serving cell (PCI 298) shares PCI mod 30 with neighbor PCI(s) [418], causing reference-signal collision and interference that suppresses throughput.
\boxed{F8}"
ID_O0HP0Z9FRS_2,"The serving cell (PCI 298) shares PCI mod 30 with neighbor PCI(s) [418], causing reference-signal collision and interference that suppresses throughput.
\boxed{F8}"
ID_O0HP0Z9FRS_3,"The serving cell (PCI 298) shares PCI mod 30 with neighbor PCI(s) [418], causing reference-signal collision and interference that suppresses throughput.
\boxed{F8}"
ID_O0HP0Z9FRS_4,"The serving cell (PCI 298) shares PCI mod 30 with neighbor PCI(s) [418], causing reference-signal collision and interference that suppresses throughput.
\boxed{F8}"
ID_O6WFN2QH2K_1,"A neighboring cell reaches this location with a filtered Tx BRSRP of about -85.7 dBm, comparable to or stronger than the serving cell's average SS-RSRP of -83.5 dBm, suggesting a neighbor would deliver higher throughput than the current serving cell.
\boxed{2}"
ID_O6WFN2QH2K_2,"The average scheduled RB count is about 157.9, below the 160-RB threshold needed to sustain high throughput, directly explaining the low observed data rate.
\boxed{7}"
ID_O6WFN2QH2K_3,"The average scheduled RB count is about 156.7, below the 160-RB threshold needed to sustain high throughput, directly explaining the low observed data rate.
\boxed{7}"
ID_O6WFN2QH2K_4,"The average scheduled RB count is about 156.9, below the 160-RB threshold needed to sustain high throughput, directly explaining the low observed data rate.
\boxed{7}"
ID_ASFSM6DOP0_1,"The serving cell's total downtilt of about 10.0° is shallow relative to its vertical beamwidth of 6.0°, extending the main beam's reach well beyond the intended ~1km coverage radius, indicating the cell is over-shooting its intended coverage area rather than being properly contained.
\boxed{W5}"
ID_ASFSM6DOP0_2,"The serving cell's total downtilt of about 10.0° is shallow relative to its vertical beamwidth of 6.0°, extending the main beam's reach well beyond the intended ~1km coverage radius, indicating the cell is over-shooting its intended coverage area rather than being properly contained.
\boxed{W5}"
ID_ASFSM6DOP0_3,"The serving cell's total downtilt of about 10.0° is shallow relative to its vertical beamwidth of 6.0°, extending the main beam's reach well beyond the intended ~1km coverage radius, indicating the cell is over-shooting its intended coverage area rather than being properly contained.
\boxed{W5}"
ID_ASFSM6DOP0_4,"The serving cell's total downtilt of about 10.0° is shallow relative to its vertical beamwidth of 6.0°, extending the main beam's reach well beyond the intended ~1km coverage radius, indicating the cell is over-shooting its intended coverage area rather than being properly contained.
\boxed{W5}"
ID_M6EGAC2YMK_1,"Neighbor cell(s) [189] arrive at comparable signal strength to the serving cell but originate from a different, non-colocated site, producing severe overlapping coverage that degrades throughput.
\boxed{V6}"
ID_M6EGAC2YMK_2,"Neighbor cell(s) [189] arrive at comparable signal strength to the serving cell but originate from a different, non-colocated site, producing severe overlapping coverage that degrades throughput.
\boxed{V6}"
ID_M6EGAC2YMK_3,"The serving cell (PCI 650) shares PCI mod 30 with neighbor PCI(s) [770], causing reference-signal collision and interference that suppresses throughput.
\boxed{V3}"
ID_M6EGAC2YMK_4,"The serving cell (PCI 650) shares PCI mod 30 with neighbor PCI(s) [770], causing reference-signal collision and interference that suppresses throughput.
\boxed{V3}"
ID_OYL39JRSN6_1,"The average scheduled RB count is about 161.0, below the 160-RB threshold needed to sustain high throughput, directly explaining the low observed data rate.
\boxed{X7}"
ID_OYL39JRSN6_2,"The average scheduled RB count is about 161.1, below the 160-RB threshold needed to sustain high throughput, directly explaining the low observed data rate.
\boxed{X7}"
ID_OYL39JRSN6_3,"The average scheduled RB count is about 161.3, below the 160-RB threshold needed to sustain high throughput, directly explaining the low observed data rate.
\boxed{X7}"
ID_OYL39JRSN6_4,"The average scheduled RB count is about 161.2, below the 160-RB threshold needed to sustain high throughput, directly explaining the low observed data rate.
\boxed{X7}"
ID_Z2B7KR10NB_1,"Neighbor cell(s) [240] arrive at comparable signal strength to the serving cell but originate from a different, non-colocated site, producing severe overlapping coverage that degrades throughput.
\boxed{5}"
ID_Z2B7KR10NB_2,"Neighbor cell(s) [240] arrive at comparable signal strength to the serving cell but originate from a different, non-colocated site, producing severe overlapping coverage that degrades throughput.
\boxed{5}"
ID_Z2B7KR10NB_3,"Neighbor cell(s) [240] arrive at comparable signal strength to the serving cell but originate from a different, non-colocated site, producing severe overlapping coverage that degrades throughput.
\boxed{5}"
ID_Z2B7KR10NB_4,"Neighbor cell(s) [240] arrive at comparable signal strength to the serving cell but originate from a different, non-colocated site, producing severe overlapping coverage that degrades throughput.
\boxed{5}"
ID_F1P3WATND0_1,"The serving PCI changes 3 times across this short window of data, indicating frequent handovers that interrupt scheduling and degrade sustained throughput.
\boxed{H}"
ID_F1P3WATND0_2,"The serving PCI changes 3 times across this short window of data, indicating frequent handovers that interrupt scheduling and degrade sustained throughput.
\boxed{H}"
ID_F1P3WATND0_3,"The serving PCI changes 3 times across this short window of data, indicating frequent handovers that interrupt scheduling and degrade sustained throughput.
\boxed{H}"
ID_F1P3WATND0_4,"The serving PCI changes 3 times across this short window of data, indicating frequent handovers that interrupt scheduling and degrade sustained throughput.
\boxed{H}"
ID_WKKD4ALWO1_1,"The serving cell (PCI 455) shares PCI mod 30 with neighbor PCI(s) [575], causing reference-signal collision and interference that suppresses throughput.
\boxed{C8}"
ID_WKKD4ALWO1_2,"The serving cell (PCI 455) shares PCI mod 30 with neighbor PCI(s) [575], causing reference-signal collision and interference that suppresses throughput.
\boxed{C8}"
ID_WKKD4ALWO1_3,"The serving cell (PCI 455) shares PCI mod 30 with neighbor PCI(s) [575], causing reference-signal collision and interference that suppresses throughput.
\boxed{C8}"
ID_WKKD4ALWO1_4,"The serving cell (PCI 455) shares PCI mod 30 with neighbor PCI(s) [575], causing reference-signal collision and interference that suppresses throughput.
\boxed{C8}"
ID_N1HU49KBZ9_1,"The serving cell (PCI 525) shares PCI mod 30 with neighbor PCI(s) [405], causing reference-signal collision and interference that suppresses throughput.
\boxed{5}"
ID_N1HU49KBZ9_2,"The serving cell (PCI 525) shares PCI mod 30 with neighbor PCI(s) [405], causing reference-signal collision and interference that suppresses throughput.
\boxed{5}"
ID_N1HU49KBZ9_3,"The serving cell (PCI 525) shares PCI mod 30 with neighbor PCI(s) [405], causing reference-signal collision and interference that suppresses throughput.
\boxed{5}"
ID_N1HU49KBZ9_4,"The serving cell (PCI 525) shares PCI mod 30 with neighbor PCI(s) [405], causing reference-signal collision and interference that suppresses throughput.
\boxed{5}"
ID_6G2H7XTA3C_1,"The serving PCI changes 3 times across this short drive-test window, indicating frequent handovers that interrupt scheduling and degrade sustained throughput.
\boxed{2}"
ID_6G2H7XTA3C_2,"The serving PCI changes 3 times across this short drive-test window, indicating frequent handovers that interrupt scheduling and degrade sustained throughput.
\boxed{2}"
ID_6G2H7XTA3C_3,"The serving PCI changes 3 times across this short drive-test window, indicating frequent handovers that interrupt scheduling and degrade sustained throughput.
\boxed{2}"
ID_6G2H7XTA3C_4,"The serving PCI changes 3 times across this short drive-test window, indicating frequent handovers that interrupt scheduling and degrade sustained throughput.
\boxed{2}"
ID_MGRLGW5YM6_1,"The serving cell's total downtilt of about 10.0° is shallow relative to its vertical beamwidth of 6.0°, extending the main beam's reach well beyond the intended ~1km coverage radius, indicating the cell is over-shooting its intended coverage area rather than being properly contained.
\boxed{Z1}"
ID_MGRLGW5YM6_2,"The serving cell's total downtilt of about 10.0° is shallow relative to its vertical beamwidth of 6.0°, extending the main beam's reach well beyond the intended ~1km coverage radius, indicating the cell is over-shooting its intended coverage area rather than being properly contained.
\boxed{Z1}"
ID_MGRLGW5YM6_3,"The serving cell's total downtilt of about 10.0° is shallow relative to its vertical beamwidth of 6.0°, extending the main beam's reach well beyond the intended ~1km coverage radius, indicating the cell is over-shooting its intended coverage area rather than being properly contained.
\boxed{Z1}"
ID_MGRLGW5YM6_4,"The serving cell's total downtilt of about 10.0° is shallow relative to its vertical beamwidth of 6.0°, extending the main beam's reach well beyond the intended ~1km coverage radius, indicating the cell is over-shooting its intended coverage area rather than being properly contained.
\boxed{Z1}"
ID_PDV36CYSWV_1,"The serving cell's total downtilt of about 25.0° is shallow relative to its vertical beamwidth of 6.0°, extending the main beam's reach well beyond the intended ~1km coverage radius, indicating the cell is over-shooting its intended coverage area rather than being properly contained.
\boxed{1}"
ID_PDV36CYSWV_2,"The serving cell's total downtilt of about 25.0° is shallow relative to its vertical beamwidth of 6.0°, extending the main beam's reach well beyond the intended ~1km coverage radius, indicating the cell is over-shooting its intended coverage area rather than being properly contained.
\boxed{1}"
ID_PDV36CYSWV_3,"The serving cell's total downtilt of about 25.0° is shallow relative to its vertical beamwidth of 6.0°, extending the main beam's reach well beyond the intended ~1km coverage radius, indicating the cell is over-shooting its intended coverage area rather than being properly contained.
\boxed{1}"
ID_PDV36CYSWV_4,"The serving cell's total downtilt of about 25.0° is shallow relative to its vertical beamwidth of 6.0°, extending the main beam's reach well beyond the intended ~1km coverage radius, indicating the cell is over-shooting its intended coverage area rather than being properly contained.
\boxed{1}"
ID_V0MNFI0E2T_1,"Neighbor cell(s) [189] arrive at comparable signal strength to the serving cell but originate from a different, non-colocated site, producing severe overlapping coverage that degrades throughput.
\boxed{S1}"
ID_V0MNFI0E2T_2,"Neighbor cell(s) [189] arrive at comparable signal strength to the serving cell but originate from a different, non-colocated site, producing severe overlapping coverage that degrades throughput.
\boxed{S1}"
ID_V0MNFI0E2T_3,"Neighbor cell(s) [189] arrive at comparable signal strength to the serving cell but originate from a different, non-colocated site, producing severe overlapping coverage that degrades throughput.
\boxed{S1}"
ID_V0MNFI0E2T_4,"Neighbor cell(s) [189] arrive at comparable signal strength to the serving cell but originate from a different, non-colocated site, producing severe overlapping coverage that degrades throughput.
\boxed{S1}"
ID_HXUBJDK8IZ_1,"The average scheduled RB count is about 151.6, below the 160-RB threshold needed to sustain high throughput, directly explaining the low observed data rate.
\boxed{2}"
ID_HXUBJDK8IZ_2,"The average scheduled RB count is about 151.6, below the 160-RB threshold needed to sustain high throughput, directly explaining the low observed data rate.
\boxed{2}"
ID_HXUBJDK8IZ_3,"The average scheduled RB count is about 149.5, below the 160-RB threshold needed to sustain high throughput, directly explaining the low observed data rate.
\boxed{2}"
ID_HXUBJDK8IZ_4,"The average scheduled RB count is about 151.7, below the 160-RB threshold needed to sustain high throughput, directly explaining the low observed data rate.
\boxed{2}"
ID_TRT5BGP57H_1,"The average scheduled RB count is about 165.2, below the 160-RB threshold needed to sustain high throughput, directly explaining the low observed data rate.
\boxed{6}"
ID_TRT5BGP57H_2,"The average scheduled RB count is about 165.1, below the 160-RB threshold needed to sustain high throughput, directly explaining the low observed data rate.
\boxed{6}"
ID_TRT5BGP57H_3,"The average scheduled RB count is about 165.3, below the 160-RB threshold needed to sustain high throughput, directly explaining the low observed data rate.
\boxed{6}"
ID_TRT5BGP57H_4,"The average scheduled RB count is about 166.1, below the 160-RB threshold needed to sustain high throughput, directly explaining the low observed data rate.
\boxed{6}"
ID_K8A66ESYBF_1,"The serving cell's total downtilt of about 10.0° is shallow relative to its vertical beamwidth of 6.0°, which narrows the effective coverage radius and pulls the main beam toward the ground close to the site. This pulls the main signal toward the ground close to the site, shading off weaker signals far from the site, particularly damaging weak neighbors far from the site.
\boxed{O5}"
ID_K8A66ESYBF_2,"The serving cell's total downtilt of about 10.0° is shallow relative to its vertical beamwidth of 6.0°, which narrows the effective coverage radius and pulls the main beam toward the ground close to the site. This causes strong reference-signal collision with nearby neighbors, suppressing channel separation and degrading throughput.
\boxed{O5}"
ID_K8A66ESYBF_3,"The serving cell's total downtilt of about 10.0° is shallow relative to its vertical beamwidth of 6.0°, which narrows the effective coverage radius and pulls the main beam toward the ground close to the site. This causes strong reference-signal collision with nearby neighbors, suppressing channel separation and degrading throughput.
\boxed{O5}"
ID_K8A66ESYBF_4,"The serving cell's total downtilt of about 10.0° is shallow relative to its vertical beamwidth of 6.0°, which narrows the effective coverage radius and pulls the main beam toward the ground close to the site. This causes strong reference-signal collision with nearby neighbors, suppressing channel separation and degrading throughput.
\boxed{O5}"
ID_MLVB29WRRR_1,"The serving cell (PCI 433) shares PCI mod 30 with neighbor PCI(s) [553], causing reference-signal collision and interference that suppresses throughput.
\boxed{7}"
ID_MLVB29WRRR_2,"The serving cell (PCI 433) shares PCI mod 30 with neighbor PCI(s) [553], causing reference-signal collision and interference that suppresses throughput.
\boxed{7}"
ID_MLVB29WRRR_3,"The serving cell (PCI 433) shares PCI mod 30 with neighbor PCI(s) [553], causing reference-signal collision and interference that suppresses throughput.
\boxed{7}"
ID_MLVB29WRRR_4,"The serving cell (PCI 433) shares PCI mod 30 with neighbor PCI(s) [553], causing reference-signal collision and interference that suppresses throughput.
\boxed{7}"
ID_WDFPHT7QY0_1,"Neighbor cell(s) [405] arrive at comparable signal strength to the serving cell but originate from a different, non-colocated site, producing severe overlapping coverage that degrades throughput.
\boxed{B4}"
ID_WDFPHT7QY0_2,"Neighbor cell(s) [405] arrive at comparable signal strength to the serving cell but originate from a different, non-colocated site, producing severe overlapping coverage that degrades throughput.
\boxed{B4}"
ID_WDFPHT7QY0_3,"Neighbor cell(s) [405] arrive at comparable signal strength to the serving cell but originate from a different, non-colocated site, producing severe overlapping coverage that degrades throughput.
\boxed{B4}"
ID_WDFPHT7QY0_4,"Neighbor cell(s) [405] arrive at comparable signal strength to the serving cell but originate from a different, non-colocated site, producing severe overlapping coverage that degrades throughput.
\boxed{B4}"
ID_UIVGRZL6QC_1,"Neighbor cell(s) [240] arrive at comparable signal strength to the serving cell but originate from a different, non-colocated site, producing severe overlapping coverage that degrades throughput.
\boxed{4}"
ID_UIVGRZL6QC_2,"The serving cell's total downtilt is about 25.0° against a vertical beamwidth of 12.0° at a mounting height of 63.0m, which narrows the effective coverage radius and pulls the main beam toward the ground close to the site. The serving SS-RSRP averages -80.9 dBm, consistent with weak far-end coverage caused by excessive downtilt.
\boxed{2}"
ID_UIVGRZL6QC_3,"Neighbor cell(s) [240] arrive at comparable signal strength to the serving cell but originate from a different, non-colocated site, producing severe overlapping coverage that degrades throughput.
\boxed{4}"
ID_UIVGRZL6QC_4,"Neighbor cell(s) [240] arrive at comparable signal strength to the serving cell but originate from a different, non-colocated site, producing severe overlapping coverage that degrades throughput.
\boxed{4}"
ID_7PYFABM86Q_1,"The serving cell's total downtilt of about 23.0° is shallow relative to its vertical beamwidth of 6.0°, extending the main beam's reach well beyond the intended ~1km coverage radius, indicating the cell is over-shooting its intended coverage area rather than being properly contained.
\boxed{6}"
ID_7PYFABM86Q_2,"The serving cell's total downtilt of about 17.0° is shallow relative to its vertical beamwidth of 12.0°, extending the main beam's reach well beyond the intended ~1km coverage radius, indicating the cell is over-shooting its intended coverage area rather than being properly contained.
\boxed{6}"
ID_7PYFABM86Q_3,"The serving cell's total downtilt of about 10.0° is shallow relative to its vertical beamwidth of 6.0°, extending the main beam's reach well beyond the intended ~1km coverage radius, indicating the cell is over-shooting its intended coverage area rather than being properly contained.
\boxed{6}"
ID_7PYFABM86Q_4,"The serving cell's total downtilt of about 13.0° is shallow relative to its vertical beamwidth of 12.0°, extending the main beam's reach well beyond the intended ~1km coverage radius, indicating the cell is over-shooting its intended coverage area rather than being properly contained.
\boxed{6}"
ID_7R68UZEUQ3_1,"The serving cell's total downtilt of about 14.0° is shallow relative to its vertical beamwidth of 6.0°, extending the main beam's reach well beyond the intended ~1km coverage radius, indicating the cell is over-shooting its intended coverage area rather than being properly contained.
\boxed{8}"
ID_7R68UZEUQ3_2,"The serving cell's total downtilt of about 11.0° is shallow relative to its vertical beamwidth of 6.0°, extending the main beam's reach well beyond the intended ~1km coverage radius, indicating the cell is over-shooting its intended coverage area rather than being properly contained.
\boxed{8}"
ID_7R68UZEUQ3_3,"The serving cell's total downtilt of about 23.0° is shallow relative to its vertical beamwidth of 6.0°, extending the main beam's reach well beyond the intended ~1km coverage radius, indicating the cell is over-shooting its intended coverage area rather than being properly contained.
\boxed{8}"
ID_7R68UZEUQ3_4,"The serving cell's total downtilt of about 14.0° is shallow relative to its vertical beamwidth of 6.0°, extending the main beam's reach well beyond the intended ~1km coverage radius, indicating the cell is over-shooting its intended coverage area rather than being properly contained.
\boxed{8}"
ID_AGZYH02KRR_1,"The average scheduled RB count is about 148.5, below the 160-RB threshold needed to sustain high throughput, directly explaining the low observed data rate.
\boxed{Z4}"
ID_AGZYH02KRR_2,"The average scheduled RB count is about 149.7, below the 160-RB threshold needed to sustain high throughput, directly explaining the low observed data rate.
\boxed{Z4}"
ID_AGZYH02KRR_3,"The average scheduled RB count is about 148.4, below the 160-RB threshold needed to sustain high throughput, directly explaining the low observed data rate.
\boxed{Z4}"
ID_AGZYH02KRR_4,"The average scheduled RB count is about 151.0, below the 160-RB threshold needed to sustain high throughput, directly explaining the low observed data rate.
\boxed{Z4}"
ID_F7QOEC5D2Y_1,"The serving PCI changes 3 times across this short window of data, indicating frequent handovers that interrupt scheduling and degrade sustained throughput.
\boxed{D}"
ID_F7QOEC5D2Y_2,"The serving PCI changes 3 times across this short window of data, indicating frequent handovers that interrupt scheduling and degrade sustained throughput.
\boxed{E}"
ID_F7QOEC5D2Y_3,"The serving PCI changes 3 times across this short window of data, indicating frequent handovers that interrupt scheduling and degrade sustained throughput.
\boxed{E}"
ID_F7QOEC5D2Y_4,"The serving PCI changes 3 times across this short window of data, indicating frequent handovers that interrupt scheduling and degrade sustained throughput.
\boxed{E}"
ID_J91BZU9Z99_1,"The test vehicle's GPS speed averages 35.9 km/h and peaks at 76 km/h, with the peak exceeding the 40km/h mobility threshold at which scheduling and channel estimation degrade, impacting throughput.
\boxed{5}"
ID_J91BZU9Z99_2,"The serving cell's total downtilt is about 15.0° against a vertical beamwidth of 6.0° at a mounting height of 10.0m, which narrows the effective coverage radius and pulls the main beam toward the ground close to the site. The serving SS-RSRP averages -86.5 dBm, consistent with weak signal strength due to poor coverage.
\boxed{3}"
ID_J91BZU9Z99_3,"The serving cell's total downtilt is about 15.0° against a vertical beamwidth of 12.0° at a mounting height of 10.0m, which narrows the effective coverage radius and pulls the main beam toward the ground close to the site. The serving SS-RSRP averages -86.5 dBm, consistent with weak signal strength due to poor coverage.
\boxed{3}"
ID_J91BZU9Z99_4,"The test vehicle's GPS speed averages 35.7 km/h and peaks at 76 km/h, with the peak exceeding the 40km/h mobility threshold at which scheduling and channel estimation degrade, impacting throughput.
\boxed{5}"
ID_7EE2UHRFTQ_1,"The average scheduled RB count is about 156.1, below the 160-RB threshold needed to sustain high throughput, directly explaining the low observed data rate.
\boxed{S6}"
ID_7EE2UHRFTQ_2,"The average scheduled RB count is about 158.0, below the 160-RB threshold needed to sustain high throughput, directly explaining the low observed data rate.
\boxed{S6}"
ID_7EE2UHRFTQ_3,"The average scheduled RB count is about 155.8, below the 160-RB threshold needed to sustain high throughput, directly explaining the low observed data rate.
\boxed{S6}"
ID_7EE2UHRFTQ_4,"The average scheduled RB count is about 157.8, below the 160-RB threshold needed to sustain high throughput, directly explaining the low observed data rate.
\boxed{S6}"
ID_IKCI42IALP_1,"Neighbor cell(s) [374] arrive at comparable signal strength to the serving cell but originate from a different, non-colocated site, producing severe overlapping coverage that degrades throughput.
\boxed{O3}"
ID_IKCI42IALP_2,"Neighbor cell(s) [374] arrive at comparable signal strength to the serving cell but originate from a different, non-colocated site, producing severe overlapping coverage that degrades throughput.
\boxed{O3}"
ID_IKCI42IALP_3,"Neighbor cell(s) [374] arrive at comparable signal strength to the serving cell but originate from a different, non-colocated site, producing severe overlapping coverage that degrades throughput.
\boxed{O3}"
ID_IKCI42IALP_4,"Neighbor cell(s) [374] arrive at comparable signal strength to the serving cell but originate from a different, non-colocated site, producing severe overlapping coverage that degrades throughput.
\boxed{O3}"
ID_DC5BME0P5N_1,"The average scheduled RB count is about 165.1, below the 160-RB threshold needed to sustain high throughput, directly explaining the low observed data rate.
\boxed{4}"
ID_DC5BME0P5N_2,"The average scheduled RB count is about 165.1, below the 160-RB threshold needed to sustain high throughput, directly explaining the low observed data rate.
\boxed{4}"
ID_DC5BME0P5N_3,"The average scheduled RB count is about 165.0, below the 160-RB threshold needed to sustain high throughput, directly explaining the low observed data rate.
\boxed{4}"
ID_DC5BME0P5N_4,"The average scheduled RB count is about 165.0, below the 160-RB threshold needed to sustain high throughput, directly explaining the low observed data rate.
\boxed{4}"
ID_0SNGYI4T5F_1,"The serving PCI changes 3 times across this short window of data, indicating frequent handovers that interrupt scheduling and degrade sustained throughput.
\boxed{E}"
ID_0SNGYI4T5F_2,"The serving PCI changes 3 times across this short window of data, indicating frequent handovers that interrupt scheduling and degrade sustained throughput.
\boxed{C}"
ID_0SNGYI4T5F_3,"The serving PCI changes 3 times across this short window of data, indicating frequent handovers that interrupt scheduling and degrade sustained throughput.
\boxed{E}"
ID_0SNGYI4T5F_4,"The serving PCI changes 3 times across this short window of data, indicating frequent handovers that interrupt scheduling and degrade sustained throughput.
\boxed{E}"
ID_MB0ZWMJBGE_1,"The serving PCI changes 3 times across this short window of test data, indicating frequent handovers that interrupt scheduling and degrade sustained throughput.
\boxed{E}"
ID_MB0ZWMJBGE_2,"The serving PCI changes 3 times across this short window of data, indicating frequent handovers that interrupt scheduling and degrade sustained throughput.
\boxed{C}"
ID_MB0ZWMJBGE_3,"The serving PCI changes 3 times across this short window of test data, indicating frequent handovers that interrupt scheduling and degrade sustained throughput.
\boxed{E}"
ID_MB0ZWMJBGE_4,"The serving PCI changes 3 times across this short window of test data, indicating frequent handovers that interrupt scheduling and degrade sustained throughput.
\boxed{E}"
ID_VV3MGHSHQK_1,"The serving cell's total downtilt is about 23.0° against a vertical beamwidth of 15.0° at a mounting height of 61.0m, which narrows the effective coverage radius and pulls the main beam toward the ground close to the site. The serving SS-RSRP averages -86.7 dBm, consistent with weak far-end coverage caused by excessive downtilt.
\boxed{3}"
ID_VV3MGHSHQK_2,"The serving cell (PCI 824) shares PCI mod 30 with neighbor PCI(s) 65, causing reference-signal collision and interference that suppresses throughput.
\boxed{6}"
ID_VV3MGHSHQK_3,"The serving cell (PCI 824) shares PCI mod 30 with neighbor PCI(s) 65, causing reference-signal collision and interference that suppresses throughput.
\boxed{6}"
ID_VV3MGHSHQK_4,"The serving cell (PCI 824) shares PCI mod 30 with neighbor PCI(s) 65, causing reference-signal collision and interference that suppresses throughput.
\boxed{6}"
ID_3JA6GS2RD9_1,"The average scheduled RB count is about 157.7, below the 160-RB threshold needed to sustain high throughput, directly explaining the low observed data rate.
\boxed{R6}"
ID_3JA6GS2RD9_2,"The average scheduled RB count is about 156.7, below the 160-RB threshold needed to sustain high throughput, directly explaining the low observed data rate.
\boxed{R6}"
ID_3JA6GS2RD9_3,"The average scheduled RB count is about 156.7, below the 160-RB threshold needed to sustain high throughput, directly explaining the low observed data rate.
\boxed{R6}"
ID_3JA6GS2RD9_4,"The average scheduled RB count is about 157.6, below the 160-RB threshold needed to sustain high throughput, directly explaining the low observed data rate.
\boxed{R6}"
ID_6S2PXJZO93_1,"The serving PCI changes 3 times across this short drive-test window, indicating frequent handovers that interrupt scheduling and degrade sustained throughput.
\boxed{Z1}"
ID_6S2PXJZO93_2,"The serving PCI changes 3 times across this short drive-test window, indicating frequent handovers that interrupt scheduling and degrade sustained throughput.
\boxed{Z1}"
ID_6S2PXJZO93_3,"The serving PCI changes 3 times across this short drive-test window, indicating frequent handovers that interrupt scheduling and degrade sustained throughput.
\boxed{Z1}"
ID_6S2PXJZO93_4,"The serving PCI changes 3 times across this short drive-test window, indicating frequent handovers that interrupt scheduling and degrade sustained throughput.
\boxed{Z1}"
ID_VIE5NYG3TO_1,"The average scheduled RB count is about 166.7, below the 160-RB threshold needed to sustain high throughput, directly explaining the low observed data rate.
\boxed{V7}"
ID_VIE5NYG3TO_2,"The average scheduled RB count is about 166.7, below the 160-RB threshold needed to sustain high throughput, directly explaining the low observed data rate.
\boxed{V7}"
ID_VIE5NYG3TO_3,"The average scheduled RB count is about 166.9, below the 160-RB threshold needed to sustain high throughput, directly explaining the low observed data rate.
\boxed{V7}"
ID_VIE5NYG3TO_4,"The average scheduled RB count is about 166.7, below the 160-RB threshold needed to sustain high throughput, directly explaining the low observed data rate.
\boxed{V7}"
ID_BJW9QV2AUC_1,"The serving cell's total downtilt is about 11.0° against a vertical beamwidth of 6.0° at a mounting height of 14.7m, which narrows the effective coverage radius and pulls the main beam toward the ground close to the site. The serving SS-RSRP averages -86.5 dBm, consistent with weak far-end coverage caused by excessive downtilt.
\boxed{5}"
ID_BJW9QV2AUC_2,"The serving cell's total downtilt is about 11.0° against a vertical beamwidth of 6.0° at a mounting height of 14.7m, which narrows the effective coverage radius and pulls the main beam toward the ground close to the site. The serving SS-RSRP averages -86.7 dBm, consistent with weak far-end coverage caused by excessive downtilt.
\boxed{5}"
ID_BJW9QV2AUC_3,"The serving cell's total downtilt is about 11.0° against a vertical beamwidth of 6.0° at a mounting height of 14.7m, which narrows the effective coverage radius and pulls the main beam toward the ground close to the site. The serving SS-RSRP averages -86.5 dBm, consistent with weak far-end coverage caused by excessive downtilt.
\boxed{5}"
ID_BJW9QV2AUC_4,"The serving cell's total downtilt is about 11.0° against a vertical beamwidth of 6.0° at a mounting height of 14.7m, which narrows the effective coverage radius and pulls the main beam toward the ground close to the site. The serving SS-RSRP averages -86.9 dBm, consistent with weak far-end coverage caused by excessive downtilt.
\boxed{5}"
ID_SW7GYUU89N_1,"The serving PCI changes 3 times across this short drive-test window, indicating frequent handovers that interrupt scheduling and degrade sustained throughput.
\boxed{P5}"
ID_SW7GYUU89N_2,"The serving cell (PCI 405) shares PCI mod 30 with neighbor PCI(s) [650, 818], causing reference-signal collision and interference that suppresses throughput.
\boxed{P4}"
ID_SW7GYUU89N_3,"The serving cell (PCI 405) shares PCI mod 30 with neighbor PCI(s) [650, 818], causing reference-signal collision and interference that suppresses throughput.
\boxed{P4}"
ID_SW7GYUU89N_4,"The serving PCI changes 3 times across this short drive-test window, indicating frequent handovers that interrupt scheduling and degrade sustained throughput.
\boxed{P5}"
ID_KAULQ3QTTK_1,"The serving PCI changes 3 times across this short drive-test window, indicating frequent handovers that interrupt scheduling and degrade sustained throughput.
\boxed{2}"
ID_KAULQ3QTTK_2,"The serving PCI changes 3 times across this short drive-test window, indicating frequent handovers that interrupt scheduling and degrade sustained throughput.
\boxed{2}"
ID_KAULQ3QTTK_3,"The serving PCI changes 3 times across this short drive-test window, indicating frequent handovers that interrupt scheduling and degrade sustained throughput.
\boxed{2}"
ID_KAULQ3QTTK_4,"The serving PCI changes 3 times across this short drive-test window, indicating frequent handovers that interrupt scheduling and degrade sustained throughput.
\boxed{2}"
ID_BT320TKWJF_1,"Neighbor cell(s) [440] arrive at comparable signal strength to the serving cell but originate from a different, non-colocated site, producing severe overlapping coverage that degrades throughput.
\boxed{O4}"
ID_BT320TKWJF_2,"Neighbor cell(s) [440] arrive at comparable signal strength to the serving cell but originate from a different, non-colocated site, producing severe overlapping coverage that degrades throughput.
\boxed{O4}"
ID_BT320TKWJF_3,"Neighbor cell(s) [440] arrive at comparable signal strength to the serving cell but originate from a different, non-colocated site, producing severe overlapping coverage that degrades throughput.
\boxed{O4}"
ID_BT320TKWJF_4,"Neighbor cell(s) [440] arrive at comparable signal strength to the serving cell but originate from a different, non-colocated site, producing severe overlapping coverage that degrades throughput.
\boxed{O4}"
ID_MSI3DIC4CV_1,"The serving cell (PCI 420) shares PCI mod 30 with neighbor PCI(s) [374], causing reference-signal collision and interference that suppresses throughput.
\boxed{V4}"
ID_MSI3DIC4CV_2,"The serving cell (PCI 420) shares PCI mod 30 with neighbor PCI(s) [374], causing reference-signal collision and interference that suppresses throughput.
\boxed{V4}"
ID_MSI3DIC4CV_3,"The serving cell (PCI 420) shares PCI mod 30 with neighbor PCI(s) [374], causing reference-signal collision and interference that suppresses throughput.
\boxed{V4}"
ID_MSI3DIC4CV_4,"The serving cell (PCI 420) shares PCI mod 30 with neighbor PCI(s) [374], causing reference-signal collision and interference that suppresses throughput.
\boxed{V4}"
ID_SO47W19SDF_1,"The serving cell (PCI 745) shares PCI mod 30 with neighbor PCI(s) [980], causing reference-signal collision and interference that suppresses throughput.
\boxed{R5}"
ID_SO47W19SDF_2,"The serving cell (PCI 745) shares PCI mod 30 with neighbor PCI(s) [980], causing reference-signal collision and interference that suppresses throughput.
\boxed{R5}"
ID_SO47W19SDF_3,"The serving cell (PCI 745) shares PCI mod 30 with neighbor PCI(s) [980], causing reference-signal collision and interference that suppresses throughput.
\boxed{R5}"
ID_SO47W19SDF_4,"The serving cell (PCI 745) shares PCI mod 30 with neighbor PCI(s) [980], causing reference-signal collision and interference that suppresses throughput.
\boxed{R5}"
ID_8CQSBFUJH9_1,"Neighbor cell(s) [650] arrive at comparable signal strength to the serving cell but originate from a different, non-colocated site, producing severe overlapping coverage that degrades throughput.
\boxed{V5}"
ID_8CQSBFUJH9_2,"Neighbor cell(s) [650] arrive at comparable signal strength to the serving cell but originate from a different, non-colocated site, producing severe overlapping coverage that degrades throughput.
\boxed{V5}"
ID_8CQSBFUJH9_3,"Neighbor cell(s) [650] arrive at comparable signal strength to the serving cell but originate from a different, non-colocated site, producing severe overlapping coverage that degrades throughput.
\boxed{V5}"
ID_8CQSBFUJH9_4,"Neighbor cell(s) [650] arrive at comparable signal strength to the serving cell but originate from a different, non-colocated site, producing severe overlapping coverage that degrades throughput.
\boxed{V5}"
ID_2EMEPBEGY3_1,"Neighbor cell(s) [420] arrive at comparable signal strength to the serving cell but originate from a different, non-colocated site, producing severe overlapping coverage that degrades throughput.
\boxed{5}"
ID_2EMEPBEGY3_2,"Neighbor cell(s) [420] arrive at comparable signal strength to the serving cell but originate from a different, non-colocated site, producing severe overlapping coverage that degrades throughput.
\boxed{5}"
ID_2EMEPBEGY3_3,"Neighbor cell(s) [420] arrive at comparable signal strength to the serving cell but originate from a different, non-colocated site, producing severe overlapping coverage that degrades throughput.
\boxed{5}"
ID_2EMEPBEGY3_4,"Neighbor cell(s) [420] arrive at comparable signal strength to the serving cell but originate from a different, non-colocated site, producing severe overlapping coverage that degrades throughput.
\boxed{5}"
ID_JY6TTN3OTI_1,"Neighbor cell(s) [240] arrive at comparable signal strength to the serving cell but originate from a different, non-colocated site, producing severe overlapping coverage that degrades throughput.
\boxed{U5}"
ID_JY6TTN3OTI_2,"Neighbor cell(s) [240] arrive at comparable signal strength to the serving cell but originate from a different, non-colocated site, producing severe overlapping coverage that degrades throughput.
\boxed{U5}"
ID_JY6TTN3OTI_3,"The serving cell (PCI 434) shares PCI mod 30 with neighbor PCI(s) [591], causing reference-signal collision and interference that suppresses throughput.
\boxed{U4}"
ID_JY6TTN3OTI_4,"The average scheduled RB count is about 159.6, below the 160-RB threshold needed to sustain high throughput, directly explaining the low observed data rate.
\boxed{U2}"
ID_QCEURIU67H_1,"The average scheduled RB count is about 166.5, below the 160-RB threshold needed to sustain high throughput, directly explaining the low observed data rate.
\boxed{N4}"
ID_QCEURIU67H_2,"The average scheduled RB count is about 166.9, below the 160-RB threshold needed to sustain high throughput, directly explaining the low observed data rate.
\boxed{N4}"
ID_QCEURIU67H_3,"The average scheduled RB count is about 167.1, below the 160-RB threshold needed to sustain high throughput, directly explaining the low observed data rate.
\boxed{N4}"
ID_QCEURIU67H_4,"The average scheduled RB count is about 167.2, below the 160-RB threshold needed to sustain high throughput, directly explaining the low observed data rate.
\boxed{N4}"
ID_B4Y7IW06IG_1,"The serving cell's total downtilt is about 15.0° against a vertical beamwidth of 10.0° at a mounting height of 30.1m, which narrows the effective coverage radius and pulls the main beam toward the ground close to the site. This pulls the main beam toward the ground close to the site, shading adjacent sites and reducing coverage reach.
\boxed{P4}"
ID_B4Y7IW06IG_2,"The serving cell's total downtilt is about 15.0° against a vertical beamwidth of 10.0° at a mounting height of 30.1m, which narrows the effective coverage radius and pulls the main beam toward the ground close to the site. This pulls the main beam toward the ground close to the site, shading neighbors that would otherwise be reachable.
\boxed{P4}"
ID_B4Y7IW06IG_3,"The serving cell's total downtilt is about 15.0° against a vertical beamwidth of 10.0° at a mounting height of 30.1m, which narrows the effective coverage radius and pulls the main beam toward the ground close to the site. The serving SS-RSRP averages -76.9 dBm, consistent with weak far-end coverage caused by excessive downtilt.
\boxed{P4}"
ID_B4Y7IW06IG_4,"The serving cell's total downtilt is about 15.0° against a vertical beamwidth of 10.0° at a mounting height of 30.1m, which narrows the effective coverage radius and pulls the main beam toward the ground close to the site. This pulls the main beam toward the ground close to the site, shading adjacent sites and reducing coverage diversity.
\boxed{P4}"
ID_IJHQCORNRC_1,"Neighbor cell(s) [405] arrive at comparable signal strength to the serving cell but originate from a different, non-colocated site, producing severe overlapping coverage that degrades throughput.
\boxed{8}"
ID_IJHQCORNRC_2,"The average scheduled RB count is about 165.1, below the 160-RB threshold needed to sustain high throughput, directly explaining the low observed data rate.
\boxed{2}"
ID_IJHQCORNRC_3,"The serving cell (PCI 865) shares PCI mod 30 with neighbor PCI(s) [745], causing reference-signal collision and interference that suppresses throughput.
\boxed{6}"
ID_IJHQCORNRC_4,"Neighbor cell(s) [405] arrive at comparable signal strength to the serving cell but originate from a different, non-colocated site, producing severe overlapping coverage that degrades throughput.
\boxed{8}"
ID_0KB0GN9UD0_1,"The serving cell's total downtilt of about 25.0° is shallow relative to its vertical beamwidth of 6.0°, extending the main beam's reach well beyond the intended ~1km coverage radius, indicating the cell is over-shooting its intended coverage area rather than being properly contained.
\boxed{Z1}"
ID_0KB0GN9UD0_2,"The serving cell's total downtilt of about 25.0° is shallow relative to its vertical beamwidth of 6.0°, extending the main beam's reach well beyond the intended ~1km coverage radius, indicating the cell is over-shooting its intended coverage area rather than being properly contained.
\boxed{Z1}"
ID_0KB0GN9UD0_3,"The serving cell's total downtilt of about 26.0° is shallow relative to its vertical beamwidth of 6.0°, extending the main beam's reach well beyond the intended ~1km coverage radius, indicating the cell is over-shooting its intended coverage area rather than being properly contained.
\boxed{Z1}"
ID_0KB0GN9UD0_4,"The serving cell's total downtilt of about 25.0° is shallow relative to its vertical beamwidth of 6.0°, extending the main beam's reach well beyond the intended ~1km coverage radius, indicating the cell is over-shooting its intended coverage area rather than being properly contained.
\boxed{Z1}"
ID_53CVXSB2RX_1,"Neighbor cell(s) [405] arrive at comparable signal strength to the serving cell but originate from a different, non-colocated site, producing severe overlapping coverage that degrades throughput.
\boxed{P7}"
ID_53CVXSB2RX_2,"Neighbor cell(s) [405] arrive at comparable signal strength to the serving cell but originate from a different, non-colocated site, producing severe overlapping coverage that degrades throughput.
\boxed{P7}"
ID_53CVXSB2RX_3,"Neighbor cell(s) [405] arrive at comparable signal strength to the serving cell but originate from a different, non-colocated site, producing severe overlapping coverage that degrades throughput.
\boxed{P7}"
ID_53CVXSB2RX_4,"Neighbor cell(s) [405] arrive at comparable signal strength to the serving cell but originate from a different, non-colocated site, producing severe overlapping coverage that degrades throughput.
\boxed{P7}"
ID_JKKFLXRJPY_1,"Neighbor cell(s) [189] arrive at comparable signal strength to the serving cell but originate from a different, non-colocated site, producing severe overlapping coverage that degrades throughput.
\boxed{3}"
ID_JKKFLXRJPY_2,"Neighbor cell(s) [189] arrive at comparable signal strength to the serving cell but originate from a different, non-colocated site, producing severe overlapping coverage that degrades throughput.
\boxed{3}"
ID_JKKFLXRJPY_3,"Neighbor cell(s) [189] arrive at comparable signal strength to the serving cell but originate from a different, non-colocated site, producing severe overlapping coverage that degrades throughput.
\boxed{3}"
ID_JKKFLXRJPY_4,"Neighbor cell(s) [189] arrive at comparable signal strength to the serving cell but originate from a different, non-colocated site, producing severe overlapping coverage that degrades throughput.
\boxed{3}"
ID_YIBJFABQZN_1,"The serving cell's total RSSI drops to about -90.3 dBm, consistent with weak coverage caused by excessive noise.
\boxed{F}"
ID_YIBJFABQZN_2,"The serving RSRP averages -90.4 dBm, which is below the average of all measured RSRPs (-91.0 dBm), suggesting weak overall coverage.
\boxed{F}"
ID_YIBJFABQZN_3,"The serving cell's total signal strength declines to -90.3 dBm, comparable to noise level, suggesting weak overall coverage.
\boxed{F}"
ID_YIBJFABQZN_4,"The serving RSRP averages -90.4 dBm, consistent with weak coverage caused by excessive noise or signal depletion.
\boxed{F}"
ID_6RRXV4MZV1_1,"The average scheduled RB count is about 164.1, below the 160-RB threshold needed to sustain high throughput, directly explaining the low observed data rate.
\boxed{8}"
ID_6RRXV4MZV1_2,"The average scheduled RB count is about 164.1, below the 160-RB threshold needed to sustain high throughput, directly explaining the low observed data rate.
\boxed{8}"
ID_6RRXV4MZV1_3,"The average scheduled RB count is about 164.1, below the 160-RB threshold needed to sustain high throughput, directly explaining the low observed data rate.
\boxed{8}"
ID_6RRXV4MZV1_4,"The average scheduled RB count is about 164.3, below the 160-RB threshold needed to sustain high throughput, directly explaining the low observed data rate.
\boxed{8}"
ID_DFD7HQM70Z_1,"Neighbor cell(s) [189] arrive at comparable signal strength to the serving cell but originate from a different, non-colocated site, producing severe overlapping coverage that degrades throughput.
\boxed{6}"
ID_DFD7HQM70Z_2,"Neighbor cell(s) [189] arrive at comparable signal strength to the serving cell but originate from a different, non-colocated site, producing severe overlapping coverage that degrades throughput.
\boxed{6}"
ID_DFD7HQM70Z_3,"Neighbor cell(s) [650] arrive at comparable signal strength to the serving cell but originate from a different, non-colocated site, producing severe overlapping coverage that degrades throughput.
\boxed{6}"
ID_DFD7HQM70Z_4,"Neighbor cell(s) [189] arrive at comparable signal strength to the serving cell but originate from a different, non-colocated site, producing severe overlapping coverage that degrades throughput.
\boxed{6}"
ID_5YDEQYFA2L_1,"The serving cell's total downtilt is about 15.0° against a vertical beamwidth of 6.0° at a mounting height of 35.0m, which narrows the effective coverage radius and pulls the main beam toward the ground close to the site. The serving SS-RSRP averages -80.2 dBm, consistent with weak far-end coverage caused by excessive downtilt.
\boxed{3}"
ID_5YDEQYFA2L_2,"The serving cell's total downtilt is about 15.0° against a vertical beamwidth of 6.0° at a mounting height of 35.0m, which narrows the effective coverage radius and pulls the main beam toward the ground close to the site. The serving SS-RSRP averages -80.4 dBm, consistent with weak signal strength due to excessive downtilt.
\boxed{3}"
ID_5YDEQYFA2L_3,"The serving cell's total downtilt is about 15.0° against a vertical beamwidth of 6.0° at a mounting height of 35.0m, which narrows the effective coverage radius and pulls the main beam toward the ground close to the site. The serving SS-RSRP averages -80.2 dBm, consistent with weak far-end coverage caused by excessive downtilt.
\boxed{3}"
ID_5YDEQYFA2L_4,"The serving cell's total downtilt is about 15.0° against a vertical beamwidth of 6.0° at a mounting height of 35.0m, which narrows the effective coverage radius and pulls the main beam toward the ground close to the site. The serving SS-RSRP averages -80.2 dBm, consistent with weak far-end coverage caused by excessive downtilt.
\boxed{3}"
ID_HGFQV6I174_1,"The serving cell's total throughput is about 117.2 Mbps against a peak capacity of 160.0 Mbps, indicating excessive traffic that degrades performance.
\boxed{A}"
ID_HGFQV6I174_2,"Neighbor cell(s) [873] arrive at comparable signal strength to the serving cell but originate from a different, non-similar network, producing severe reference-signal collision interference that degrades throughput.
\boxed{G}"
ID_HGFQV6I174_3,"Neighbor cell(s) [873] arrive at comparable signal strength to the serving cell but originate from a different, non-similar network, producing severe reference-signal collision interference that degrades throughput.
\boxed{G}"
ID_HGFQV6I174_4,"Neighbor cell(s) [691] arrive at comparable signal strength to the serving cell but originate from a different, non-similar network, producing severe reference-signal collision interference that degrades throughput.
\boxed{G}"
ID_JWG552Y001_1,"The serving cell (PCI 818) shares PCI mod 30 with neighbor PCI(s) [38], causing reference-signal collision and interference that suppresses throughput.
\boxed{4}"
ID_JWG552Y001_2,"The serving cell (PCI 818) shares PCI mod 30 with neighbor PCI(s) [38], causing reference-signal collision and interference that suppresses throughput.
\boxed{4}"
ID_JWG552Y001_3,"The serving cell (PCI 818) shares PCI mod 30 with neighbor PCI(s) [38], causing reference-signal collision and interference that suppresses throughput.
\boxed{4}"
ID_JWG552Y001_4,"The serving cell (PCI 818) shares PCI mod 30 with neighbor PCI(s) [38], causing reference-signal collision and interference that suppresses throughput.
\boxed{4}"
ID_360OSKMMUR_1,"The serving PCI changes 3 times across this short window of data, indicating frequent handovers that interrupt scheduling and degrade sustained throughput.
\boxed{C}"
ID_360OSKMMUR_2,"The serving PCI changes 3 times across this short window of data, indicating frequent handovers that interrupt scheduling and degrade sustained throughput.
\boxed{C}"
ID_360OSKMMUR_3,"The serving PCI changes 3 times across this short window of data, indicating frequent handovers that interrupt scheduling and degrade sustained throughput.
\boxed{C}"
ID_360OSKMMUR_4,"The serving PCI changes 3 times across this short window of data, indicating frequent handovers that interrupt scheduling and degrade sustained throughput.
\boxed{C}"
ID_MUCQGEKB5G_1,"The average scheduled RB count is about 159.6, below the 160-RB threshold needed to sustain high throughput, directly explaining the low observed data rate.
\boxed{C2}"
ID_MUCQGEKB5G_2,"The average scheduled RB count is about 159.6, below the 160-RB threshold needed to sustain high throughput, directly explaining the low observed data rate.
\boxed{C2}"
ID_MUCQGEKB5G_3,"The average scheduled RB count is about 159.6, below the 160-RB threshold needed to sustain high throughput, directly explaining the low observed data rate.
\boxed{C2}"
ID_MUCQGEKB5G_4,"The average scheduled RB count is about 159.3, below the 160-RB threshold needed to sustain high throughput, directly explaining the low observed data rate.
\boxed{C2}"
ID_EJL3OXKENW_1,"The serving PCI changes 3 times across this short window of data, indicating frequent handovers that interrupt scheduling and degrade sustained throughput.
\boxed{E}"
ID_EJL3OXKENW_2,"The serving PCI changes 3 times across this short window of data, indicating frequent handovers that interrupt scheduling and degrade sustained throughput.
\boxed{E}"
ID_EJL3OXKENW_3,"The serving PCI changes 3 times across this short window of data, indicating frequent handovers that interrupt scheduling and degrade sustained throughput.
\boxed{E}"
ID_EJL3OXKENW_4,"The serving PCI changes 3 times across this short window of data, indicating frequent handovers that interrupt scheduling and degrade sustained throughput.
\boxed{E}"
ID_493CTFRMSE_1,"The average scheduled RB count is about 164.6, below the 160-RB threshold needed to sustain high throughput, directly explaining the low observed data rate.
\boxed{3}"
ID_493CTFRMSE_2,"The average scheduled RB count is about 164.3, below the 160-RB threshold needed to sustain high throughput, directly explaining the low observed data rate.
\boxed{3}"
ID_493CTFRMSE_3,"The average scheduled RB count is about 165.1, below the 160-RB threshold needed to sustain high throughput, directly explaining the low observed data rate.
\boxed{3}"
ID_493CTFRMSE_4,"The average scheduled RB count is about 165.0, below the 160-RB threshold needed to sustain high throughput, directly explaining the low observed data rate.
\boxed{3}"
ID_SX8J2Q0OAX_1,"The serving PCI changes 3 times across this short window of data, indicating frequent handovers that interrupt scheduling and degrade sustained throughput.
\boxed{E}"
ID_SX8J2Q0OAX_2,"The serving PCI changes 3 times across this short window of data, indicating frequent handovers that interrupt scheduling and degrade sustained throughput.
\boxed{E}"
ID_SX8J2Q0OAX_3,"The serving PCI changes 3 times across this short window of data, indicating frequent handovers that interrupt scheduling and degrade sustained throughput.
\boxed{E}"
ID_SX8J2Q0OAX_4,"The serving PCI changes 3 times across this short window of data, indicating frequent handovers that interrupt scheduling and degrade sustained throughput.
\boxed{E}"
ID_23BEB4XSOM_1,"The average scheduled RB count is about 166.5, below the 160-RB threshold needed to sustain high throughput, directly explaining the low observed data rate.
\boxed{R3}"
ID_23BEB4XSOM_2,"The average scheduled RB count is about 166.6, below the 160-RB threshold needed to sustain high throughput, directly explaining the low observed data rate.
\boxed{R3}"
ID_23BEB4XSOM_3,"The average scheduled RB count is about 166.1, below the 160-RB threshold needed to sustain high throughput, directly explaining the low observed data rate.
\boxed{R3}"
ID_23BEB4XSOM_4,"The average scheduled RB count is about 166.7, below the 160-RB threshold needed to sustain high throughput, directly explaining the low observed data rate.
\boxed{R3}"
ID_F1VP6JUKKX_1,"The serving cell (PCI 990) shares PCI mod 30 with neighbor PCI(s) [210], causing reference-signal collision and interference that suppresses throughput.
\boxed{4}"
ID_F1VP6JUKKX_2,"The serving cell (PCI 990) shares PCI mod 30 with neighbor PCI(s) [210], causing reference-signal collision and interference that suppresses throughput.
\boxed{4}"
ID_F1VP6JUKKX_3,"The serving cell (PCI 990) shares PCI mod 30 with neighbor PCI(s) [210], causing reference-signal collision and interference that suppresses throughput.
\boxed{4}"
ID_F1VP6JUKKX_4,"The serving cell (PCI 990) shares PCI mod 30 with neighbor PCI(s) [210], causing reference-signal collision and interference that suppresses throughput.
\boxed{4}"
ID_5XUOSSRRE5_1,"A neighboring cell reaches this location with a filtered Tx BRSRP of about -82.6 dBm, comparable to or stronger than the serving cell's average SS-RSRP of -79.1 dBm, suggesting a neighbor would deliver higher throughput than the current serving cell.
\boxed{3}"
ID_5XUOSSRRE5_2,"The average scheduled RB count is about 159.0, below the 160-RB threshold needed to sustain high throughput, directly explaining the low observed data rate.
\boxed{5}"
ID_5XUOSSRRE5_3,"The average scheduled RB count is about 159.1, below the 160-RB threshold needed to sustain high throughput, directly explaining the low observed data rate.
\boxed{5}"
ID_5XUOSSRRE5_4,"The average scheduled RB count is about 159.8, below the 160-RB threshold needed to sustain high throughput, directly explaining the low observed data rate.
\boxed{5}"
ID_CZV2TY3482_1,"The average scheduled RB count is about 156.3, below the 160-RB threshold needed to sustain high throughput, directly explaining the low observed data rate.
\boxed{4}"
ID_CZV2TY3482_2,"The average scheduled RB count is about 157.4, below the 160-RB threshold needed to sustain high throughput, directly explaining the low observed data rate.
\boxed{4}"
ID_CZV2TY3482_3,"The average scheduled RB count is about 155.8, below the 160-RB threshold needed to sustain high throughput, directly explaining the low observed data rate.
\boxed{4}"
ID_CZV2TY3482_4,"The average scheduled RB count is about 157.3, below the 160-RB threshold needed to sustain high throughput, directly explaining the low observed data rate.
\boxed{4}"
ID_TUQSSZCSWZ_1,"The average scheduled RB count is about 166.6, below the 160-RB threshold needed to sustain high throughput, directly explaining the low observed data rate.
\boxed{H8}"
ID_TUQSSZCSWZ_2,"The average scheduled RB count is about 166.6, below the 160-RB threshold needed to sustain high throughput, directly explaining the low observed data rate.
\boxed{H8}"
ID_TUQSSZCSWZ_3,"The average scheduled RB count is about 165.2, below the 160-RB threshold needed to sustain high throughput, directly explaining the low observed data rate.
\boxed{H8}"
ID_TUQSSZCSWZ_4,"The average scheduled RB count is about 166.6, below the 160-RB threshold needed to sustain high throughput, directly explaining the low observed data rate.
\boxed{H8}"
ID_U5G02CIL5D_1,"The average scheduled RB count is about 162.0, below the 160-RB threshold needed to sustain high throughput, directly explaining the low observed data rate.
\boxed{T4}"
ID_U5G02CIL5D_2,"The average scheduled RB count is about 162.0, below the 160-RB threshold needed to sustain high throughput, directly explaining the low observed data rate.
\boxed{T4}"
ID_U5G02CIL5D_3,"The average scheduled RB count is about 162.0, below the 160-RB threshold needed to sustain high throughput, directly explaining the low observed data rate.
\boxed{T4}"
ID_U5G02CIL5D_4,"The average scheduled RB count is about 163.0, below the 160-RB threshold needed to sustain high throughput, directly explaining the low observed data rate.
\boxed{T4}"
ID_9M8EKQRITJ_1,"The serving cell's total downtilt is about 25.0° against a vertical beamwidth of 15.0° at a mounting height of 30.1 m, which narrows the effective coverage radius and pulls the main beam toward the ground close to the site. The serving SS-RSRP averages -79.1 dBm, consistent with weak far-end coverage caused by excessive downtilt.
\boxed{C}"
ID_9M8EKQRITJ_2,"The serving cell's total downtilt is about 25.0° against a vertical beamwidth of 15.0° at a mounting height of 63.0m, which narrows the effective coverage radius and pulls the main beam toward the ground close to the site. The serving SS-RSRP averages -79.0 dBm, consistent with weak far-end coverage caused by excessive downtilt.
\boxed{C}"
ID_9M8EKQRITJ_3,"The serving cell's total downtilt is about 25.0° against a vertical beamwidth of 15.0° at a mounting height of 63.0m, which narrows the effective coverage radius and pulls the main beam toward the ground close to the site. The serving SS-RSRP averages -79.0 dBm, consistent with weak far-end coverage caused by excessive downtilt.
\boxed{C}"
ID_9M8EKQRITJ_4,"The serving cell (PCI 189) shares PCI mod 30 with neighbor PCI(s) [818], causing reference-signal collision and interference that suppresses throughput.
\boxed{R2}"
ID_65WHNPJC41_1,"The average scheduled RB count is about 155.9, below the 160-RB threshold needed to sustain high throughput, directly explaining the low observed data rate.
\boxed{X8}"
ID_65WHNPJC41_2,"The average scheduled RB count is about 155.4, below the 160-RB threshold needed to sustain high throughput, directly explaining the low observed data rate.
\boxed{X8}"
ID_65WHNPJC41_3,"The average scheduled RB count is about 155.9, below the 160-RB threshold needed to sustain high throughput, directly explaining the low observed data rate.
\boxed{X8}"
ID_65WHNPJC41_4,"The average scheduled RB count is about 155.9, below the 160-RB threshold needed to sustain high throughput, directly explaining the low observed data rate.
\boxed{X8}"
ID_3ZY67E37JW_1,"The serving cell's total downtilt is about 16.0° against a vertical beamwidth of 12.0° at a mounting height of 30.1 m, which narrows the effective coverage radius and pulls the main signal toward the ground close to the site. The serving SS-RSRP averages -82.4 dBm, consistent with weak far-end coverage caused by excessive downtilt.
\boxed{4}"
ID_3ZY67E37JW_2,"The serving cell's total downtilt is about 26.0° against a vertical beamwidth of 12.0° at a mounting height of 30.1 m, which narrows the effective coverage radius and pulls the main beam toward the ground close to the site. The serving SS-RSRP averages -82.6 dBm, consistent with weak far-end coverage caused by excessive downtilt.
\boxed{4}"
ID_3ZY67E37JW_3,"The serving cell's total downtilt is about 16.0° against a vertical beamwidth of 12.0° at a mounting height of 30.1 m, which narrows the effective coverage radius and pulls the main beam toward the ground close to the site. The serving SS-RSRP averages -82.5 dBm, consistent with weak far-end coverage caused by excessive downtilt.
\boxed{4}"
ID_3ZY67E37JW_4,"The serving cell's total downtilt is about 26.0° against a vertical beamwidth of 12.0° at a mounting height of 30.1 m, which narrows the effective coverage radius and pulls the main signal toward the ground close to the site. The serving SS-RSRP averages -82.4 dBm, consistent with weak far-end coverage caused by excessive downtilt.
\boxed{4}"
ID_4F91TYW66H_1,"The serving PCI changes 3 times across this short window of data, indicating frequent handovers that interrupt scheduling and degrade sustained throughput.
\boxed{E}"
ID_4F91TYW66H_2,"The serving PCI changes 3 times across this short window of data, indicating frequent handovers that interrupt scheduling and degrade sustained throughput.
\boxed{C}"
ID_4F91TYW66H_3,"The serving PCI changes 3 times across this short window of data, indicating frequent handovers that interrupt scheduling and degrade sustained throughput.
\boxed{E}"
ID_4F91TYW66H_4,"The serving PCI changes 3 times across this short window of data, indicating frequent handovers that interrupt scheduling and degrade sustained throughput.
\boxed{E}"
ID_02W83YG4H1_1,"The serving PCI changes 3 times across this short drive-test window, indicating frequent handovers that interrupt scheduling and degrade sustained throughput.
\boxed{2}"
ID_02W83YG4H1_2,"The serving PCI changes 3 times across this short drive-test window, indicating frequent handovers that interrupt scheduling and degrade sustained throughput.
\boxed{2}"
ID_02W83YG4H1_3,"The serving PCI changes 3 times across this short period, indicating frequent handovers that interrupt scheduling and degrade sustained throughput.
\boxed{2}"
ID_02W83YG4H1_4,"The serving PCI changes 3 times across this short period, indicating frequent handovers that interrupt scheduling and degrade sustained throughput.
\boxed{2}"
ID_WT5QK4WLI3_1,"The serving cell's total downtilt is about 24.0° against a vertical beamwidth of 6.0° at a mounting height of 49.1m, which narrows the effective coverage radius and pulls the main beam toward the ground close to the site. The serving SS-RSRP averages -79.3 dBm, consistent with weak far-end coverage caused by excessive downtilt.
\boxed{3}"
ID_WT5QK4WLI3_2,"The serving cell's total downtilt of about 24.0° is shallow relative to its vertical beamwidth of 6.0°, extending the main beam's reach well beyond the intended ~1km coverage radius, indicating the cell is over-shooting its intended coverage area rather than being properly contained.
\boxed{5}"
ID_WT5QK4WLI3_3,"The serving cell's total downtilt is about 24.0° against a vertical beamwidth of 12.0° at a mounting height of 49.1m, which narrows the effective coverage radius and pulls the main beam toward the ground close to the site. The serving SS-RSRP averages -79.5 dBm, consistent with weak signal strength due to excessive downtilt.
\boxed{3}"
ID_WT5QK4WLI3_4,"The serving cell's total downtilt of about 24.0° is shallow relative to its vertical beamwidth of 12.0°, which narrows the effective coverage radius and pulls the main beam toward the ground close to the site. This pulls the main signal toward the ground close to the site, shading off weaker signals compared to stronger ones, especially from neighbors.
\boxed{3}"
ID_BI5XGTG7YA_1,"Neighbor cell(s) [189] arrive at comparable signal strength to the serving cell but originate from a different, non-colocated site, producing severe overlapping coverage that degrades throughput.
\boxed{U1}"
ID_BI5XGTG7YA_2,"Neighbor cell(s) [189] arrive at comparable signal strength to the serving cell but originate from a different, non-colocated site, producing severe overlapping coverage that degrades throughput.
\boxed{U1}"
ID_BI5XGTG7YA_3,"Neighbor cell(s) [189] arrive at comparable signal strength to the serving cell but originate from a different, non-colocated site, producing severe overlapping coverage that degrades throughput.
\boxed{U1}"
ID_BI5XGTG7YA_4,"Neighbor cell(s) [189] arrive at comparable signal strength to the serving cell but originate from a different, non-colocated site, producing severe overlapping coverage that degrades throughput.
\boxed{U1}"
ID_NO19W3LLVF_1,"The serving cell (PCI 501) shares its spectrum with neighbor PCI(s) 133, which share similar channel characteristics. This strong reference signal collision suppresses throughput.
\boxed{W4}"
ID_NO19W3LLVF_2,"The serving cell's total downtilt is about 13.0° against a vertical beamwidth of 6.0° at a mounting height of 20.0m, which narrows the effective coverage radius and pulls the main beam toward the ground close to the site. The serving SS-RSRP averages -82.5 dBm, consistent with weak far-end coverage caused by excessive downtilt.
\boxed{W2}"
ID_NO19W3LLVF_3,"The serving cell (PCI 501) shares its spectrum with neighbor PCI(s) 133, which share similar channel characteristics. This strong reference signal collision suppresses relative channel estimation and scheduling, impacting throughput.
\boxed{W4}"
ID_NO19W3LLVF_4,"The serving cell's total downtilt is about 13.0° against a vertical beamwidth of 6.0° at a mounting height of 20.0m, which narrows the effective coverage radius and pulls the main beam toward the ground close to the site. The serving SS-RSRP averages -82.5 dBm, consistent with weak far-end coverage caused by excessive downtilt.
\boxed{W2}"
ID_8V97HBCVXA_1,"The serving PCI changes 3 times across this short window of data, indicating frequent handovers that interrupt scheduling and degrade sustained throughput.
\boxed{H}"
ID_8V97HBCVXA_2,"The serving PCI changes 3 times across this short window of data, indicating frequent handovers that interrupt scheduling and degrade sustained throughput.
\boxed{H}"
ID_8V97HBCVXA_3,"The serving PCI changes 3 times across this short window of data, indicating frequent handovers that interrupt scheduling and degrade sustained throughput.
\boxed{H}"
ID_8V97HBCVXA_4,"The serving PCI changes 3 times across this short window of data, indicating frequent handovers that interrupt scheduling and degrade sustained throughput.
\boxed{H}"
ID_W1CHTB9SZQ_1,"The serving cell's total downtilt of about 13.0° is shallow relative to its vertical beamwidth of 6.0°, which narrows the effective coverage radius and pulls the main signal toward the ground close to the site. This pulls the main signal toward the ground close to the site, weakening far-end suppression and causing excessive overlapping with neighbor cells.
\boxed{A1}"
ID_W1CHTB9SZQ_2,"Neighbor cell(s) [189] arrive at comparable signal strength to the serving cell but originate from a different, non-colocated site, producing severe overlapping coverage that degrades throughput.
\boxed{A1}"
ID_W1CHTB9SZQ_3,"Neighbor cell(s) [189] arrive at comparable signal strength to the serving cell but originate from a different, non-colocated site, producing severe overlapping coverage that degrades throughput.
\boxed{A1}"
ID_W1CHTB9SZQ_4,"The serving cell's total downtilt is about 11.0° against a vertical beamwidth of 6.0° at a mounting height of 30.1 m, which narrows the effective coverage radius and pulls the main signal toward the ground close to the site. The serving SS-RSRP averages -80.4 dBm, consistent with weak far-end coverage caused by excessive downtilt.
\boxed{A1}"
ID_N8UB58YDKO_1,"Neighbor cell(s) [990] arrive at comparable signal strength to the serving cell but originate from a different, non-colocated site, producing severe overlapping coverage that degrades throughput.
\boxed{N1}"
ID_N8UB58YDKO_2,"Neighbor cell(s) [990] arrive at comparable signal strength to the serving cell but originate from a different, non-colocated site, producing severe overlapping coverage that degrades throughput.
\boxed{N1}"
ID_N8UB58YDKO_3,"Neighbor cell(s) [990] arrive at comparable signal strength to the serving cell but originate from a different, non-colocated site, producing severe overlapping coverage that degrades throughput.
\boxed{N1}"
ID_N8UB58YDKO_4,"Neighbor cell(s) [990] arrive at comparable signal strength to the serving cell but originate from a different, non-colocated site, producing severe overlapping coverage that degrades throughput.
\boxed{N1}"
ID_25WXBCZC5P_1,"The average scheduled RB count is about 160.8, below the 160-RB threshold needed to sustain high throughput, directly explaining the low observed data rate.
\boxed{O5}"
ID_25WXBCZC5P_2,"The average scheduled RB count is about 161.0, below the 160-RB threshold needed to sustain high throughput, directly explaining the low observed data rate.
\boxed{O5}"
ID_25WXBCZC5P_3,"The average scheduled RB count is about 160.8, below the 160-RB threshold needed to sustain high throughput, directly explaining the low observed data rate.
\boxed{O5}"
ID_25WXBCZC5P_4,"The average scheduled RB count is about 160.8, below the 160-RB threshold needed to sustain high throughput, directly explaining the low observed data rate.
\boxed{O5}"
ID_YHJ5SHA1DW_1,"The average scheduled RB count is about 167.7, below the 160-RB threshold needed to sustain high throughput, directly explaining the low observed data rate.
\boxed{W8}"
ID_YHJ5SHA1DW_2,"The average scheduled RB count is about 167.4, below the 160-RB threshold needed to sustain high throughput, directly explaining the low observed data rate.
\boxed{W8}"
ID_YHJ5SHA1DW_3,"The average scheduled RB count is about 167.7, below the 160-RB threshold needed to sustain high throughput, directly explaining the low observed data rate.
\boxed{W8}"
ID_YHJ5SHA1DW_4,"The average scheduled RB count is about 167.8, below the 160-RB threshold needed to sustain high throughput, directly explaining the low observed data rate.
\boxed{W8}"
ID_1V11W6JD5O_1,"The serving PCI changes 3 times across this short drive-test window, indicating frequent handovers that interrupt scheduling and degrade sustained throughput.
\boxed{3}"
ID_1V11W6JD5O_2,"The serving PCI changes 3 times across this short drive-test window, indicating frequent handovers that interrupt scheduling and degrade sustained throughput.
\boxed{3}"
ID_1V11W6JD5O_3,"The serving PCI changes 3 times across this short window of data, indicating frequent handovers that interrupt scheduling and degrade sustained throughput.
\boxed{3}"
ID_1V11W6JD5O_4,"The serving PCI changes 3 times across this short drive-test window, indicating frequent handovers that interrupt scheduling and degrade sustained throughput.
\boxed{3}"
ID_QB4YE1898O_1,"Neighbor cell(s) [433] arrive at comparable signal strength to the serving cell but originate from a different, non-colocated site, producing severe overlapping coverage that degrades throughput.
\boxed{S4}"
ID_QB4YE1898O_2,"Neighbor cell(s) [433] arrive at comparable signal strength to the serving cell but originate from a different, non-colocated site, producing severe overlapping coverage that degrades throughput.
\boxed{S4}"
ID_QB4YE1898O_3,"Neighbor cell(s) [433] arrive at comparable signal strength to the serving cell but originate from a different, non-colocated site, producing severe overlapping coverage that degrades throughput.
\boxed{S4}"
ID_QB4YE1898O_4,"Neighbor cell(s) [433] arrive at comparable signal strength to the serving cell but originate from a different, non-colocated site, producing severe overlapping coverage that degrades throughput.
\boxed{S4}"
ID_87FI5BZQ2J_1,"The serving cell's total downtilt of about 13.0° is shallow relative to its vertical beamwidth of 6.0°, which narrows the effective coverage radius and pulls the main beam toward the ground close to the site. This causes strong interference with nearby neighbors and weak coverage at the far end of the field of view, directly explaining the poor throughput observed.
\boxed{6}"
ID_87FI5BZQ2J_2,"The serving cell's total downtilt of about 13.0° is shallow relative to its vertical beamwidth of 6.0°, which narrows the effective coverage radius and pulls the main signal toward the ground close to the site. This pulls the main signal weakly against nearby neighbors, causing them to overlap severely and degrade throughput.
\boxed{6}"
ID_87FI5BZQ2J_3,"The serving cell's total downtilt of about 13.0° is shallow relative to its vertical beamwidth of 6.0°, which narrows the effective coverage radius and pulls the main beam toward the ground close to the site. This causes strong signal collision with nearby neighbors, producing severe overlapping coverage that degrades throughput.
\boxed{4}"
ID_87FI5BZQ2J_4,"The serving cell's total downtilt of about 14.0° is shallow relative to its vertical beamwidth of 6.0°, which narrows the effective coverage radius and pulls the main beam toward the ground close to the site. This causes strong signal collision with nearby neighbors, producing severe overlapping coverage that degrades throughput.
\boxed{4}"
ID_JI36BONX3P_1,"The serving PCI changes 3 times across this short drive-test window, indicating frequent handovers that interrupt scheduling and degrade sustained throughput.
\boxed{2}"
ID_JI36BONX3P_2,"The serving PCI changes 3 times across this short drive-test window, indicating frequent handovers that interrupt scheduling and degrade sustained throughput.
\boxed{2}"
ID_JI36BONX3P_3,"The serving PCI changes 3 times across this short drive-test window, indicating frequent handovers that interrupt scheduling and degrade sustained throughput.
\boxed{2}"
ID_JI36BONX3P_4,"The serving PCI changes 3 times across this short drive-test window, indicating frequent handovers that interrupt scheduling and degrade sustained throughput.
\boxed{2}"
ID_4EVHO9THVT_1,"The serving cell (PCI 455) shares PCI mod 30 with neighbor PCI(s) [530, 575], causing reference-signal collision and interference that suppresses throughput.
\boxed{L5}"
ID_4EVHO9THVT_2,"The serving cell (PCI 455) shares PCI mod 30 with neighbor PCI(s) [530, 575], causing reference-signal collision and interference that suppresses throughput.
\boxed{L5}"
ID_4EVHO9THVT_3,"The serving cell (PCI 455) shares PCI mod 30 with neighbor PCI(s) [530, 575], causing reference-signal collision and interference that suppresses throughput.
\boxed{L5}"
ID_4EVHO9THVT_4,"The serving cell (PCI 455) shares PCI mod 30 with neighbor PCI(s) [530, 575], causing reference-signal collision and interference that suppresses throughput.
\boxed{L5}"
ID_W1Q6W4FVUW_1,"The test vehicle's GPS speed averages 35.9 km/h and peaks at 72 km/h, with the peak exceeding the 40km/h mobility threshold at which scheduling and channel estimation degrade, impacting throughput.
\boxed{1}"
ID_W1Q6W4FVUW_2,"The test vehicle's GPS speed averages 35.7 km/h and peaks at 72 km/h, with the peak exceeding the 40km/h mobility threshold at which scheduling and channel estimation degrade, impacting throughput.
\boxed{1}"
ID_W1Q6W4FVUW_3,"The test vehicle's GPS speed averages 35.4 km/h and peaks at 72 km/h, with the peak exceeding the 40km/h mobility threshold at which scheduling and channel estimation degrade, impacting throughput.
\boxed{1}"
ID_W1Q6W4FVUW_4,"The serving cell's total downtilt is about 26.0° against a vertical beamwidth of 12.0° at a mounting height of 63.5m, which narrows the effective coverage radius and pulls the main beam toward the ground close to the site. The serving SS-RSRP averages -77.6 dBm, consistent with weak far-end coverage caused by excessive downtilt.
\boxed{5}"
ID_1YBWOQPVF4_1,"Neighbor cell(s) [405] arrive at comparable signal strength to the serving cell but originate from a different, non-colocated site, producing severe overlapping coverage that degrades throughput.
\boxed{4}"
ID_1YBWOQPVF4_2,"Neighbor cell(s) [405] arrive at comparable signal strength to the serving cell but originate from a different, non-colocated site, producing severe overlapping coverage that degrades throughput.
\boxed{4}"
ID_1YBWOQPVF4_3,"Neighbor cell(s) [405] arrive at comparable signal strength to the serving cell but originate from a different, non-colocated site, producing severe overlapping coverage that degrades throughput.
\boxed{4}"
ID_1YBWOQPVF4_4,"The serving cell's total downtilt is about 15.0° against a vertical beamwidth of 6.0° at a mounting height of 30.1m, which narrows the effective coverage radius and pulls the main beam toward the ground close to the site. The serving SS-RSRP averages -86.6 dBm, consistent with weak far-end coverage caused by excessive downtilt.
\boxed{5}"
ID_P0GAR4TMA0_1,"The average scheduled RB count is about 163.0, below the 160-RB threshold needed to sustain high throughput, directly explaining the low observed data rate.
\boxed{T3}"
ID_P0GAR4TMA0_2,"The average scheduled RB count is about 163.0, below the 160-RB threshold needed to sustain high throughput, directly explaining the low observed data rate.
\boxed{T3}"
ID_P0GAR4TMA0_3,"The average scheduled RB count is about 163.0, below the 160-RB threshold needed to sustain high throughput, directly explaining the low observed data rate.
\boxed{T3}"
ID_P0GAR4TMA0_4,"The average scheduled RB count is about 163.0, below the 160-RB threshold needed to sustain high throughput, directly explaining the low observed data rate.
\boxed{T3}"
ID_N1MEY94CEK_1,"The serving cell's total downtilt is about 35.0° against a vertical beamwidth of 6.0° at a mounting height of 30.1m, which narrows the effective coverage radius and pulls the main beam toward the ground close to the site. The serving SS-RSRP averages -82.6 dBm, consistent with weak far-end coverage caused by excessive downtilt.
\boxed{C1}"
ID_N1MEY94CEK_2,"The serving cell's total downtilt is about 35.0° against a vertical beamwidth of 6.0° at a mounting height of 30.1m, which narrows the effective coverage radius and pulls the main beam toward the ground close to the site. The serving SS-RSRP averages -82.5 dBm, consistent with weak far-end coverage caused by excessive downtilt.
\boxed{C1}"
ID_N1MEY94CEK_3,"The serving cell's total downtilt is about 35.0° against a vertical beamwidth of 6.0° at a mounting height of 30.1m, which narrows the effective coverage radius and pulls the main beam toward the ground close to the site. The serving SS-RSRP averages -82.5 dBm, consistent with weak far-end coverage caused by excessive downtilt.
\boxed{C1}"
ID_N1MEY94CEK_4,"The serving cell's total downtilt is about 35.0° against a vertical beamwidth of 6.0° at a mounting height of 30.1m, which narrows the effective coverage radius and pulls the main beam toward the ground close to the site. The serving SS-RSRP averages -82.5 dBm, consistent with weak far-end coverage caused by excessive downtilt.
\boxed{C1}"
ID_CJXNHM19NC_1,"The serving PCI changes 3 times across this short drive-test window, indicating frequent handovers that interrupt scheduling and degrade sustained throughput.
\boxed{S4}"
ID_CJXNHM19NC_2,"The serving PCI changes 3 times across this short drive-test window, indicating frequent handovers that interrupt scheduling and degrade sustained throughput.
\boxed{S4}"
ID_CJXNHM19NC_3,"The serving PCI changes 3 times across this short drive-test window, indicating frequent handovers that interrupt scheduling and degrade sustained throughput.
\boxed{S4}"
ID_CJXNHM19NC_4,"The serving PCI changes 3 times across this short drive-test window, indicating frequent handovers that interrupt scheduling and degrade sustained throughput.
\boxed{S4}"
ID_W0XVW9OZ42_1,"Neighbor cell(s) [818] arrive at comparable signal strength to the serving cell but originate from a different, non-colocated site, producing severe overlapping coverage that degrades throughput.
\boxed{8}"
ID_W0XVW9OZ42_2,"Neighbor cell(s) [818] arrive at comparable signal strength to the serving cell but originate from a different, non-colocated site, producing severe overlapping coverage that degrades throughput.
\boxed{8}"
ID_W0XVW9OZ42_3,"Neighbor cell(s) [818] arrive at comparable signal strength to the serving cell but originate from a different, non-colocated site, producing severe overlapping coverage that degrades throughput.
\boxed{8}"
ID_W0XVW9OZ42_4,"Neighbor cell(s) [818] arrive at comparable signal strength to the serving cell but originate from a different, non-colocated site, producing severe overlapping coverage that degrades throughput.
\boxed{8}"
ID_JZGDFAEN08_1,"The serving cell's total RSSI drops to about -90.1 dBm, comparable to noise level, suggesting weak overall signal strength against noise.
\boxed{H}"
ID_JZGDFAEN08_2,"Neighbor cell(s) [3236525_504990_385] arrive at comparable signal strength to the serving cell but originate from a different, non-similar network, producing severe overlapping coverage that degrades throughput.
\boxed{G}"
ID_JZGDFAEN08_3,"The serving RSRP averages -91.0 dBm, consistent with weak coverage caused by excessive noise or signal attenuation.
\boxed{H}"
ID_JZGDFAEN08_4,"The serving RSRP averages -91.0 dBm, consistent with weak coverage caused by poor signal strength.
\boxed{H}"
ID_I0YEFNJD8E_1,"The serving PCI changes 3 times across this short window of data, indicating frequent handovers that interrupt scheduling and degrade sustained throughput.
\boxed{H}"
ID_I0YEFNJD8E_2,"The serving PCI changes 3 times across this short window of data, indicating frequent handovers that interrupt scheduling and degrade sustained throughput.
\boxed{H}"
ID_I0YEFNJD8E_3,"Serving PCI changes 4 times across this short window of test data, indicating frequent handovers that interrupt scheduling and degrade sustained throughput.
\boxed{A}"
ID_I0YEFNJD8E_4,"The serving PCI changes 3 times across this short window of data, indicating frequent handovers that interrupt scheduling and degrade sustained throughput.
\boxed{H}"
ID_V5GN3C0FXI_1,"The average scheduled RB count is about 162.0, below the 160-RB threshold needed to sustain high throughput, directly explaining the low observed data rate.
\boxed{5}"
ID_V5GN3C0FXI_2,"The average scheduled RB count is about 162.0, below the 160-RB threshold needed to sustain high throughput, directly explaining the low observed data rate.
\boxed{5}"
ID_V5GN3C0FXI_3,"The average scheduled RB count is about 162.0, below the 160-RB threshold needed to sustain high throughput, directly explaining the low observed data rate.
\boxed{5}"
ID_V5GN3C0FXI_4,"The average scheduled RB count is about 162.0, below the 160-RB threshold needed to sustain high throughput, directly explaining the low observed data rate.
\boxed{5}"
ID_33Z9R1DK1Y_1,"The serving PCI changes 3 times across this short drive-test window, indicating frequent handovers that interrupt scheduling and degrade sustained throughput.
\boxed{4}"
ID_33Z9R1DK1Y_2,"The serving PCI changes 3 times across this short drive-test window, indicating frequent handovers that interrupt scheduling and degrade sustained throughput.
\boxed{4}"
ID_33Z9R1DK1Y_3,"The serving PCI changes 3 times across this short drive-test window, indicating frequent handovers that interrupt scheduling and degrade sustained throughput.
\boxed{4}"
ID_33Z9R1DK1Y_4,"The serving PCI changes 3 times across this short drive-test window, indicating frequent handovers that interrupt scheduling and degrade sustained throughput.
\boxed{4}"
ID_K7BSNBLBJI_1,"The serving PCI changes 3 times across this short window of data, indicating frequent handovers that interrupt scheduling and degrade sustained throughput.
\boxed{H}"
ID_K7BSNBLBJI_2,"The serving PCI changes 3 times across this short window of data, indicating frequent handovers that interrupt scheduling and degrade sustained throughput.
\boxed{H}"
ID_K7BSNBLBJI_3,"The serving PCI changes 3 times across this short window of data, indicating frequent handovers that interrupt scheduling and degrade sustained throughput.
\boxed{H}"
ID_K7BSNBLBJI_4,"The serving PCI changes 3 times across this short window of data, indicating frequent handovers that interrupt scheduling and degrade sustained throughput.
\boxed{H}"
ID_WGM71JMDQV_1,"The serving PCI changes 3 times across this short drive-test window, indicating frequent handovers that interrupt scheduling and degrade sustained throughput.
\boxed{O2}"
ID_WGM71JMDQV_2,"The serving PCI changes 3 times across this short drive-test window, indicating frequent handovers that interrupt scheduling and degrade sustained throughput.
\boxed{O2}"
ID_WGM71JMDQV_3,"The serving PCI changes 3 times across this short drive-test window, indicating frequent handovers that interrupt scheduling and degrade sustained throughput.
\boxed{O2}"
ID_WGM71JMDQV_4,"The serving PCI changes 3 times across this short drive-test window, indicating frequent handovers that interrupt scheduling and degrade sustained throughput.
\boxed{O2}"
ID_VXMM3XGPG7_1,"The serving cell's total downtilt of about 10.0° is shallow relative to its vertical beamwidth of 6.0°, extending the main beam's reach well beyond the intended ~1km coverage radius, indicating the cell is over-shooting its intended coverage area rather than being properly contained.
\boxed{1}"
ID_VXMM3XGPG7_2,"The serving cell's total downtilt of about 10.0° is shallow relative to its vertical beamwidth of 6.0°, extending the main beam's reach well beyond the intended ~1km coverage radius, indicating the cell is over-shooting its intended coverage area rather than being properly contained.
\boxed{1}"
ID_VXMM3XGPG7_3,"The serving cell's total downtilt of about 10.0° is shallow relative to its vertical beamwidth of 6.0°, extending the main beam's reach well beyond the intended ~1km coverage radius, indicating the cell is over-shooting its intended coverage area rather than being properly contained.
\boxed{1}"
ID_VXMM3XGPG7_4,"The serving cell's total downtilt of about 10.0° is shallow relative to its vertical beamwidth of 6.0°, extending the main beam's reach well beyond the intended ~1km coverage radius, indicating the cell is over-shooting its intended coverage area rather than being properly contained.
\boxed{1}"
ID_A3UZCCZGSI_1,"The serving cell's total downtilt of about 10.0° is shallow relative to its vertical beamwidth of 6.0°, extending the main beam's reach well beyond the intended ~1km coverage radius, indicating the cell is over-shooting its intended coverage area rather than being properly contained.
\boxed{L8}"
ID_A3UZCCZGSI_2,"The serving cell's total downtilt of about 10.0° is shallow relative to its vertical beamwidth of 6.0°, extending the main beam's reach well beyond the intended ~1km coverage radius, indicating the cell is over-shooting its intended coverage area rather than being properly contained.
\boxed{L8}"
ID_A3UZCCZGSI_3,"The serving cell's total downtilt of about 10.0° is shallow relative to its vertical beamwidth of 6.0°, extending the main beam's reach well beyond the intended ~1km coverage radius, indicating the cell is over-shooting its intended coverage area rather than being properly contained.
\boxed{L8}"
ID_A3UZCCZGSI_4,"The serving cell's total downtilt of about 10.0° is shallow relative to its vertical beamwidth of 6.0°, extending the main beam's reach well beyond the intended ~1km coverage radius, indicating the cell is over-shooting its intended coverage area rather than being properly contained.
\boxed{L8}"
ID_0TINJT432G_1,"The serving cell (PCI 697) shares PCI mod 30 with neighbor PCI(s) [817], causing reference-signal collision and interference that suppresses throughput.
\boxed{T1}"
ID_0TINJT432G_2,"The serving cell (PCI 697) shares PCI mod 30 with neighbor PCI(s) [817], causing reference-signal collision and interference that suppresses throughput.
\boxed{T1}"
ID_0TINJT432G_3,"The serving cell (PCI 697) shares PCI mod 30 with neighbor PCI(s) [817], causing reference-signal collision and interference that suppresses throughput.
\boxed{T1}"
ID_0TINJT432G_4,"The serving cell (PCI 697) shares PCI mod 30 with neighbor PCI(s) [817], causing reference-signal collision and interference that suppresses throughput.
\boxed{T1}"
ID_T2G5JBG512_1,"The serving PCI changes 3 times across this short drive-test window, indicating frequent handovers that interrupt scheduling and degrade sustained throughput.
\boxed{M2}"
ID_T2G5JBG512_2,"The serving PCI changes 3 times across this short drive-test window, indicating frequent handovers that interrupt scheduling and degrade sustained throughput.
\boxed{M2}"
ID_T2G5JBG512_3,"The serving PCI changes 3 times across this short drive-test window, indicating frequent handovers that interrupt scheduling and degrade sustained throughput.
\boxed{M2}"
ID_T2G5JBG512_4,"The serving PCI changes 3 times across this short drive-test window, indicating frequent handovers that interrupt scheduling and degrade sustained throughput.
\boxed{M2}"
ID_WHMRTKDYMM_1,"The average scheduled RB count is about 164.2, below the 160-RB threshold needed to sustain high throughput, directly explaining the low observed data rate.
\boxed{5}"
ID_WHMRTKDYMM_2,"The average scheduled RB count is about 164.3, below the 160-RB threshold needed to sustain high throughput, directly explaining the low observed data rate.
\boxed{5}"
ID_WHMRTKDYMM_3,"The average scheduled RB count is about 164.2, below the 160-RB threshold needed to sustain high throughput, directly explaining the low observed data rate.
\boxed{5}"
ID_WHMRTKDYMM_4,"The average scheduled RB count is about 164.4, below the 160-RB threshold needed to sustain high throughput, directly explaining the low observed data rate.
\boxed{5}"
ID_6EWO1TAZM4_1,"The serving cell (PCI 140) shares PCI with neighbor PCI(s) 514 and 547, causing reference-signal collision and interference that suppresses throughput.
\boxed{G}"
ID_6EWO1TAZM4_2,"The serving cell (PCI 140) shares PCI with neighbor PCI(s) 514 and 547, causing reference-signal collision and interference that suppresses throughput.
\boxed{D}"
ID_6EWO1TAZM4_3,"The serving cell (PCI 140) shares PCI with neighbor PCI(s) 514 and 547, causing reference-signal collision and interference that suppresses throughput.
\boxed{G}"
ID_6EWO1TAZM4_4,"The serving cell (PCI 140) shares PCI with neighbor PCI(s) 514 and 547, causing reference-signal collision and interference that suppresses throughput.
\boxed{G}"
ID_FCD690ZIRZ_1,"The serving cell's total downtilt is about 15.0° against a vertical beamwidth of 12.0° at a mounting height of 35.0m, which narrows the effective coverage radius and pulls the main beam toward the ground close to the site. The serving SS-RSRP averages -80.7 dBm, consistent with weak far-end coverage caused by excessive downtilt.
\boxed{O7}"
ID_FCD690ZIRZ_2,"The serving cell's total downtilt is about 15.0° against a vertical beamwidth of 12.0° at a mounting height of 35.0m, which narrows the effective coverage radius and pulls the main beam toward the ground close to the site. The serving SS-RSRP averages -80.7 dBm, consistent with weak far-end coverage caused by excessive downtilt.
\boxed{O7}"
ID_FCD690ZIRZ_3,"The serving cell's total downtilt is about 15.0° against a vertical beamwidth of 12.0° at a mounting height of 35.0m, which narrows the effective coverage radius and pulls the main beam toward the ground close to the site. The serving SS-RSRP averages -80.7 dBm, consistent with weak far-end coverage caused by excessive downtilt.
\boxed{O7}"
ID_FCD690ZIRZ_4,"The serving cell's total downtilt is about 15.0° against a vertical beamwidth of 12.0° at a mounting height of 35.0m, which narrows the effective coverage radius and pulls the main beam toward the ground close to the site. The serving SS-RSRP averages -80.7 dBm, consistent with weak far-end coverage caused by excessive downtilt.
\boxed{O7}"
ID_JAD46QXD9Y_1,"The serving cell's total downtilt is about 11° against a vertical beamwidth of 6° at a mounting height of 14.7m, which narrows the effective coverage radius and pulls the main signal toward the ground close to the site. The serving SS-RSRP averages -79.9 dBm, consistent with weak far-end coverage caused by excessive downtilt.
\boxed{Y4}"
ID_JAD46QXD9Y_2,"The serving cell's total downtilt is about 11.0° against a vertical beamwidth of 6.0° at a mounting height of 14.7m, which narrows the effective coverage radius and pulls the main signal toward the site. The serving SS-RSRP averages -79.9 dBm, consistent with weak far-end coverage caused by excessive downtilt.
\boxed{Y4}"
ID_JAD46QXD9Y_3,"The serving cell's total downtilt is about 11.0° against a vertical beamwidth of 6.0° at a mounting height of 14.7m, which narrows the effective coverage radius and pulls the main signal toward the ground close to the site. The serving SS-RSRP averages -79.9 dBm, consistent with weak far-end coverage caused by excessive downtilt.
\boxed{Y4}"
ID_JAD46QXD9Y_4,"The serving cell's total downtilt is about 11.0° against a vertical beamwidth of 6.0° at a mounting height of 14.7m, which narrows the effective coverage radius and pulls the main beam toward the ground close to the site. The serving SS-RSRP averages -79.9 dBm, consistent with weak far-end coverage caused by excessive downtilt.
\boxed{Y4}"
ID_C3FWDIVNL7_1,"The serving cell (PCI 650) shares PCI mod 30 with neighbor PCI(s) [770], causing reference-signal collision and interference that suppresses throughput.
\boxed{4}"
ID_C3FWDIVNL7_2,"The serving cell (PCI 650) shares PCI mod 30 with neighbor PCI(s) [770], causing reference-signal collision and interference that suppresses throughput.
\boxed{4}"
ID_C3FWDIVNL7_3,"The serving cell (PCI 650) shares PCI mod 30 with neighbor PCI(s) [770], causing reference-signal collision and interference that suppresses throughput.
\boxed{4}"
ID_C3FWDIVNL7_4,"The serving cell (PCI 650) shares PCI mod 30 with neighbor PCI(s) [770], causing reference-signal collision and interference that suppresses throughput.
\boxed{4}"
ID_YHI6B1HCA3_1,"The serving PCI changes 3 times across this short drive-test window, indicating frequent handovers that interrupt scheduling and degrade sustained throughput.
\boxed{1}"
ID_YHI6B1HCA3_2,"The serving PCI changes 3 times across this short drive-test window, indicating frequent handovers that interrupt scheduling and degrade sustained throughput.
\boxed{1}"
ID_YHI6B1HCA3_3,"The serving PCI changes 3 times across this short drive-test window, indicating frequent handovers that interrupt scheduling and degrade sustained throughput.
\boxed{1}"
ID_YHI6B1HCA3_4,"The serving PCI changes 3 times across this short drive-test window, indicating frequent handovers that interrupt scheduling and degrade sustained throughput.
\boxed{1}"
ID_6848EVPKDJ_1,"The serving cell (PCI 919) shares PCI mod 30 with neighbor PCI(s) [737], causing reference-signal collision and interference that suppresses throughput.
\boxed{Y3}"
ID_6848EVPKDJ_2,"The serving cell (PCI 919) shares PCI mod 30 with neighbor PCI(s) [737], causing reference-signal collision and interference that suppresses throughput.
\boxed{Y3}"
ID_6848EVPKDJ_3,"The serving cell (PCI 919) shares PCI mod 30 with neighbor PCI(s) [737], causing reference-signal collision and interference that suppresses throughput.
\boxed{Y3}"
ID_6848EVPKDJ_4,"The serving cell's total downtilt is about 10.0° against a vertical beamwidth of 6.0° at a mounting height of 9.0m, which narrows the effective coverage radius and pulls the main beam toward the ground close to the site. The serving SS-RSRP averages -82.2 dBm, consistent with weak signal strength caused by excessive downtilt.
\boxed{Y1}"
ID_QIN07SNUU0_1,"Neighbor cell(s) [240] arrive at comparable signal strength to the serving cell but originate from a different, non-colocated site, producing severe overlapping coverage that degrades throughput.
\boxed{N7}"
ID_QIN07SNUU0_2,"Neighbor cell(s) [240] arrive at comparable signal strength to the serving cell but originate from a different, non-colocated site, producing severe overlapping coverage that degrades throughput.
\boxed{N7}"
ID_QIN07SNUU0_3,"Neighbor cell(s) [240] arrive at comparable signal strength to the serving cell but originate from a different, non-colocated site, producing severe overlapping coverage that degrades throughput.
\boxed{N7}"
ID_QIN07SNUU0_4,"Neighbor cell(s) [240] arrive at comparable signal strength to the serving cell but originate from a different, non-colocated site, producing severe overlapping coverage that degrades throughput.
\boxed{N7}"
ID_JOPV5NESVW_1,"The serving cell's total downtilt is about 20.0° against a vertical beamwidth of 6.0° at a mounting height of 21.0m, which narrows the effective coverage radius and pulls the main beam toward the ground close to the site. The serving SS-RSRP averages -75.9 dBm, consistent with weak signal strength due to poor coverage.
\boxed{5}"
ID_JOPV5NESVW_2,"The test vehicle's GPS speed averages 18.0 km/h and peaks at 29 km/h, with the peak exceeding the 40km/h mobility threshold at which scheduling and channel estimation degrade, impacting throughput.
\boxed{3}"
ID_JOPV5NESVW_3,"The test vehicle's GPS speed averages 18.0 km/h and peaks at 29 km/h, with the peak exceeding the 40km/h mobility threshold at which scheduling and channel estimation degrade, impacting throughput.
\boxed{3}"
ID_JOPV5NESVW_4,"The test vehicle's GPS speed averages 18.3 km/h and peaks at 29 km/h, with the peak exceeding the 40km/h mobility threshold at which scheduling and channel estimation degrade, impacting throughput.
\boxed{3}"
ID_DWZLLESZH4_1,"The average scheduled RB count is about 149.9, below the 160-RB threshold needed to sustain high throughput, directly explaining the low observed data rate.
\boxed{G7}"
ID_DWZLLESZH4_2,"The average scheduled RB count is about 151.0, below the 160-RB threshold needed to sustain high throughput, directly explaining the low observed data rate.
\boxed{G7}"
ID_DWZLLESZH4_3,"The average scheduled RB count is about 152.7, below the 160-RB threshold needed to sustain high throughput, directly explaining the low observed data rate.
\boxed{G7}"
ID_DWZLLESZH4_4,"The average scheduled RB count is about 149.5, below the 160-RB threshold needed to sustain high throughput, directly explaining the low observed data rate.
\boxed{G7}"
ID_GR77VWLQXP_1,"The serving cell's total downtilt is about 25.0° against a vertical beamwidth of 6.0° at a mounting height of 16.0m, which narrows the effective coverage radius and pulls the main beam toward the ground close to the site. The serving SS-RSRP averages -83.4 dBm, consistent with weak far-end coverage caused by excessive downtilt.
\boxed{C5}"
ID_GR77VWLQXP_2,"The serving cell's total downtilt is about 25.0° against a vertical beamwidth of 6.0° at a mounting height of 16.0m, which narrows the effective coverage radius and pulls the main beam toward the ground close to the site. The serving SS-RSRP averages -83.4 dBm, consistent with weak far-end coverage caused by excessive downtilt.
\boxed{C5}"
ID_GR77VWLQXP_3,"The serving cell's total downtilt is about 25.0° against a vertical beamwidth of 6.0° at a mounting height of 16.0m, which narrows the effective coverage radius and pulls the main beam toward the ground close to the site. The serving SS-RSRP averages -83.4 dBm, consistent with weak far-end coverage caused by excessive downtilt.
\boxed{C5}"
ID_GR77VWLQXP_4,"The serving cell's total downtilt is about 25.0° against a vertical beamwidth of 6.0° at a mounting height of 16.0m, which narrows the effective coverage radius and pulls the main beam toward the ground close to the site. The serving SS-RSRP averages -83.4 dBm, consistent with weak far-end coverage caused by excessive downtilt.
\boxed{C5}"
ID_V4046CLT2M_1,"Neighbor cell(s) [240] arrive at comparable signal strength to the serving cell but originate from a different, non-colocated site, producing severe overlapping coverage that degrades throughput.
\boxed{H8}"
ID_V4046CLT2M_2,"Neighbor cell(s) [240] arrive at comparable signal strength to the serving cell but originate from a different, non-colocated site, producing severe overlapping coverage that degrades throughput.
\boxed{H8}"
ID_V4046CLT2M_3,"Neighbor cell(s) [240] arrive at comparable signal strength to the serving cell but originate from a different, non-colocated site, producing severe overlapping coverage that degrades throughput.
\boxed{H8}"
ID_V4046CLT2M_4,"Neighbor cell(s) [240] arrive at comparable signal strength to the serving cell but originate from a different, non-colocated site, producing severe overlapping coverage that degrades throughput.
\boxed{H8}"
ID_C4677CRG7O_1,"The serving cell (PCI 990) shares PCI mod 30 with neighbor PCI(s) [650], causing reference-signal collision and interference that suppresses throughput.
\boxed{W2}"
ID_C4677CRG7O_2,"The serving cell (PCI 990) shares PCI mod 30 with neighbor PCI(s) [650], causing reference-signal collision and interference that suppresses throughput.
\boxed{W2}"
ID_C4677CRG7O_3,"The serving cell (PCI 990) shares PCI mod 30 with neighbor PCI(s) [650], causing reference-signal collision and interference that suppresses throughput.
\boxed{W2}"
ID_C4677CRG7O_4,"The serving cell (PCI 990) shares PCI mod 30 with neighbor PCI(s) [650], causing reference-signal collision and interference that suppresses throughput.
\boxed{W2}"
ID_BQLC3IFKOY_1,"The serving cell's total throughput is about 114.0 Mbps against a peak capacity of 149.0 Mbps, indicating severe congestion.
\boxed{F}"
ID_BQLC3IFKOY_2,"The serving cell's total throughput is about 114.0 Mbps against a peak capacity of 136.0 Mbps, indicating severe congestion.
\boxed{E}"
ID_BQLC3IFKOY_3,"Neighbor cell(s) [219] arrive at comparable signal strength to the serving cell but originate from a different, non-adjacent cell site, producing severe reference-signal collision and interference that degrades throughput.
\boxed{D}"
ID_BQLC3IFKOY_4,"The serving cell's total signal strength declines to -81.2 dBm, comparable to noise level, suggesting severe weak coverage caused by excessive interference or lack of strong reference signals.
\boxed{E}"
ID_2BOPI81SK7_1,"The serving cell's total downtilt of about 15.0° is shallow relative to its vertical beamwidth of 6.0°, extending the main beam's reach well beyond the intended ~1km coverage radius, indicating the cell is over-shooting its intended coverage area rather than being properly contained.
\boxed{Q5}"
ID_2BOPI81SK7_2,"The serving cell's total downtilt of about 15.0° is shallow relative to its vertical beamwidth of 6.0°, extending the main beam's reach well beyond the intended ~1km coverage radius, indicating the cell is over-shooting its intended coverage area rather than being properly contained.
\boxed{Q5}"
ID_2BOPI81SK7_3,"The serving cell's total downtilt of about 15.0° is shallow relative to its vertical beamwidth of 6.0°, extending the main beam's reach well beyond the intended ~1km coverage radius, indicating the cell is over-shooting its intended coverage area rather than being properly contained.
\boxed{Q5}"
ID_2BOPI81SK7_4,"The serving cell's total downtilt of about 15.0° is shallow relative to its vertical beamwidth of 6.0°, extending the main beam's reach well beyond the intended ~1km coverage radius, indicating the cell is over-shooting its intended coverage area rather than being properly contained.
\boxed{Q5}"
ID_G5C1FHS0QH_1,"The serving cell (PCI 980) shares PCI mod 30 with neighbor PCI(s) [440, 745], causing reference-signal collision and interference that suppresses throughput.
\boxed{2}"
ID_G5C1FHS0QH_2,"The serving cell (PCI 980) shares PCI mod 30 with neighbor PCI(s) [440, 745], causing reference-signal collision and interference that suppresses throughput.
\boxed{2}"
ID_G5C1FHS0QH_3,"The serving cell (PCI 980) shares PCI mod 30 with neighbor PCI(s) [440, 745], causing reference-signal collision and interference that suppresses throughput.
\boxed{2}"
ID_G5C1FHS0QH_4,"The serving cell (PCI 980) shares PCI mod 30 with neighbor PCI(s) [440, 745], causing reference-signal collision and interference that suppresses throughput.
\boxed{2}"
ID_2W3GDHRZO6_1,"The serving PCI changes 3 times across this short drive-test window, indicating frequent handovers that interrupt scheduling and degrade sustained throughput.
\boxed{D3}"
ID_2W3GDHRZO6_2,"The serving PCI changes 3 times across this short drive-test window, indicating frequent handovers that interrupt scheduling and degrade sustained throughput.
\boxed{D3}"
ID_2W3GDHRZO6_3,"The serving PCI changes 3 times across this short drive-test window, indicating frequent handovers that interrupt scheduling and degrade sustained throughput.
\boxed{D3}"
ID_2W3GDHRZO6_4,"The serving PCI changes 3 times across this short drive-test window, indicating frequent handovers that interrupt scheduling and degrade sustained throughput.
\boxed{D3}"
ID_WVJ9BB977I_1,"The serving cell (PCI 980) shares PCI mod 30 with neighbor PCI(s) [745], causing reference-signal collision and interference that suppresses throughput.
\boxed{O1}"
ID_WVJ9BB977I_2,"The serving cell (PCI 980) shares PCI mod 30 with neighbor PCI(s) [745], causing reference-signal collision and interference that suppresses throughput.
\boxed{O1}"
ID_WVJ9BB977I_3,"The serving cell (PCI 980) shares PCI mod 30 with neighbor PCI(s) [745], causing reference-signal collision and interference that suppresses throughput.
\boxed{O1}"
ID_WVJ9BB977I_4,"The serving cell (PCI 980) shares PCI mod 30 with neighbor PCI(s) [745], causing reference-signal collision and interference that suppresses throughput.
\boxed{O1}"
ID_DJ8W4VOEA6_1,"The serving cell's total downtilt is about 16.0° against a vertical beamwidth of 12.0° at a mounting height of 17.0m, which narrows the effective coverage radius and pulls the main beam toward the ground close to the site. The serving SS-RSRP averages -83.6 dBm, consistent with weak far-end coverage caused by excessive downtilt.
\boxed{5}"
ID_DJ8W4VOEA6_2,"The serving cell's total downtilt is about 16.0° against a vertical beamwidth of 12.0° at a mounting height of 17.0m, which narrows the effective coverage radius and pulls the main beam toward the ground close to the site. The serving SS-RSRP averages -83.7 dBm, consistent with weak far-end coverage caused by excessive downtilt.
\boxed{5}"
ID_DJ8W4VOEA6_3,"The serving cell's total downtilt is about 16.0° against a vertical beamwidth of 12.0° at a mounting height of 17.0m, which narrows the effective coverage radius and pulls the main beam toward the ground close to the site. The serving SS-RSRP averages -83.6 dBm, consistent with weak far-end coverage caused by excessive downtilt.
\boxed{5}"
ID_DJ8W4VOEA6_4,"The serving cell's total downtilt is about 16.0° against a vertical beamwidth of 12.0° at a mounting height of 17.0m, which narrows the effective coverage radius and pulls the main beam toward the ground close to the site. The serving SS-RSRP averages -83.4 dBm, consistent with weak far-end coverage caused by excessive downtilt.
\boxed{5}"
ID_XU2BUSN35W_1,"The serving cell's total downtilt of about 13.0° is shallow relative to its vertical beamwidth of 6.0°, extending the main beam's reach well beyond the intended ~1km coverage radius, indicating the cell is over-shooting its intended coverage area rather than being properly contained.
\boxed{3}"
ID_XU2BUSN35W_2,"The serving cell's total downtilt of about 13.0° is shallow relative to its vertical beamwidth of 12.0°, extending the main beam's reach well beyond the intended ~1km coverage radius, indicating the cell is over-shooting its intended coverage area rather than being properly contained.
\boxed{3}"
ID_XU2BUSN35W_3,"The serving cell's total downtilt of about 13.0° is shallow relative to its vertical beamwidth of 6.0°, extending the main beam's reach well beyond the intended ~1km coverage radius, indicating the cell is over-shooting its intended coverage area rather than being properly contained.
\boxed{3}"
ID_XU2BUSN35W_4,"The serving cell's total downtilt of about 12.0° is shallow relative to its vertical beamwidth of 12.0°, extending the main beam's reach well beyond the intended ~1km coverage radius, indicating the cell is over-shooting its intended coverage area rather than being properly contained.
\boxed{3}"
ID_WYTPDW9MMT_1,"The average scheduled RB count is about 165.0, below the 160-RB threshold needed to sustain high throughput, directly explaining the low observed data rate.
\boxed{H4}"
ID_WYTPDW9MMT_2,"The average scheduled RB count is about 165.1, below the 160-RB threshold needed to sustain high throughput, directly explaining the low observed data rate.
\boxed{H4}"
ID_WYTPDW9MMT_3,"The average scheduled RB count is about 165.3, below the 160-RB threshold needed to sustain high throughput, directly explaining the low observed data rate.
\boxed{H4}"
ID_WYTPDW9MMT_4,"The average scheduled RB count is about 165.2, below the 160-RB threshold needed to sustain high throughput, directly explaining the low observed data rate.
\boxed{H4}"
ID_864J4MLR9W_1,"Neighbor cell(s) [737] arrive at comparable signal strength to the serving cell but originate from a different, non-colocated site, producing severe overlapping coverage that degrades throughput.
\boxed{A5}"
ID_864J4MLR9W_2,"Neighbor cell(s) [737] arrive at comparable signal strength to the serving cell but originate from a different, non-colocated site, producing severe overlapping coverage that degrades throughput.
\boxed{A5}"
ID_864J4MLR9W_3,"Neighbor cell(s) [737] arrive at comparable signal strength to the serving cell but originate from a different, non-colocated site, producing severe overlapping coverage that degrades throughput.
\boxed{A5}"
ID_864J4MLR9W_4,"Neighbor cell(s) [737] arrive at comparable signal strength to the serving cell but originate from a different, non-colocated site, producing severe overlapping coverage that degrades throughput.
\boxed{A5}"
ID_D6AMGWY01D_1,"Neighbor cell(s) [298] arrive at comparable signal strength to the serving cell but originate from a different, non-colocated site, producing severe overlapping coverage that degrades throughput.
\boxed{K8}"
ID_D6AMGWY01D_2,"Neighbor cell(s) [298] arrive at comparable signal strength to the serving cell but originate from a different, non-colocated site, producing severe overlapping coverage that degrades throughput.
\boxed{K8}"
ID_D6AMGWY01D_3,"Neighbor cell(s) [298] arrive at comparable signal strength to the serving cell but originate from a different, non-colocated site, producing severe overlapping coverage that degrades throughput.
\boxed{K8}"
ID_D6AMGWY01D_4,"Neighbor cell(s) [298] arrive at comparable signal strength to the serving cell but originate from a different, non-colocated site, producing severe overlapping coverage that degrades throughput.
\boxed{K8}"
ID_U1S35GGC89_1,"The serving cell's total throughput is about 115.4 Mbps, below the network's capacity of about 149.0 Mbps, suggesting the network is overloaded.
\boxed{F}"
ID_U1S35GGC89_2,"The serving PCI changes 3 times across this short window of data, indicating frequent handovers that interrupt scheduling and degrade sustained throughput.
\boxed{H}"
ID_U1S35GGC89_3,"The serving cell (PCI 325) shares PCI with neighbor PCI(s) 857, which causes reference-signal collision and interference that suppresses throughput.
\boxed{A}"
ID_U1S35GGC89_4,"The serving cell (PCI 325) shares PCI with neighbor PCI(s) 857, which causes reference-signal collision and interference that suppresses throughput.
\boxed{A}"
ID_W2X2J4UQHT_1,"A neighboring cell reaches this location with a filtered Tx BRSRP of about -83.2 dBm, comparable to or stronger than the serving cell's average SS-RSRP of -80.2 dBm, suggesting a neighbor would deliver higher throughput than the current serving cell.
\boxed{3}"
ID_W2X2J4UQHT_2,"The average scheduled RB count is about 151.0, below the 160-RB threshold needed to sustain high throughput, directly explaining the low observed data rate.
\boxed{2}"
ID_W2X2J4UQHT_3,"The average scheduled RB count is about 151.4, below the 160-RB threshold needed to sustain high throughput, directly explaining the low observed data rate.
\boxed{2}"
ID_W2X2J4UQHT_4,"The average scheduled RB count is about 150.2, below the 160-RB threshold needed to sustain high throughput, directly explaining the low observed data rate.
\boxed{2}"
ID_VQ2QUTCMXZ_1,"The serving cell (PCI 919) shares PCI mod 30 with neighbor PCI(s) [139], causing reference-signal collision and interference that suppresses throughput.
\boxed{U1}"
ID_VQ2QUTCMXZ_2,"The serving cell (PCI 919) shares PCI mod 30 with neighbor PCI(s) [139], causing reference-signal collision and interference that suppresses throughput.
\boxed{U1}"
ID_VQ2QUTCMXZ_3,"The serving cell (PCI 919) shares PCI mod 30 with neighbor PCI(s) [139], causing reference-signal collision and interference that suppresses throughput.
\boxed{U1}"
ID_VQ2QUTCMXZ_4,"The serving cell (PCI 919) shares PCI mod 30 with neighbor PCI(s) [139], causing reference-signal collision and interference that suppresses throughput.
\boxed{U1}"
ID_T17BZ49WTO_1,"The average scheduled RB count is about 155.7, below the 160-RB threshold needed to sustain high throughput, directly explaining the low observed data rate.
\boxed{A6}"
ID_T17BZ49WTO_2,"The average scheduled RB count is about 156.7, below the 160-RB threshold needed to sustain high throughput, directly explaining the low observed data rate.
\boxed{A6}"
ID_T17BZ49WTO_3,"The average scheduled RB count is about 155.4, below the 160-RB threshold needed to sustain high throughput, directly explaining the low observed data rate.
\boxed{A6}"
ID_T17BZ49WTO_4,"The average scheduled RB count is about 156.6, below the 160-RB threshold needed to sustain high throughput, directly explaining the low observed data rate.
\boxed{A6}"
ID_9PCSKBDBZ4_1,"The serving cell (PCI 990) shares PCI mod 30 with neighbor PCI(s) [433], causing reference-signal collision and interference that suppresses throughput.
\boxed{6}"
ID_9PCSKBDBZ4_2,"The serving cell (PCI 990) shares PCI mod 30 with neighbor PCI(s) [433], causing reference-signal collision and interference that suppresses throughput.
\boxed{6}"
ID_9PCSKBDBZ4_3,"The serving cell (PCI 990) shares PCI mod 30 with neighbor PCI(s) [433], causing reference-signal collision and interference that suppresses throughput.
\boxed{6}"
ID_9PCSKBDBZ4_4,"The serving cell (PCI 990) shares PCI mod 30 with neighbor PCI(s) [433], causing reference-signal collision and interference that suppresses throughput.
\boxed{6}"
ID_R98BDDP7LQ_1,"The serving PCI changes 3 times across this short window of data, indicating frequent handovers that interrupt scheduling and degrade sustained throughput.
\boxed{E}"
ID_R98BDDP7LQ_2,"The serving PCI changes 3 times across this short window of data, indicating frequent handovers that interrupt scheduling and degrade sustained throughput.
\boxed{E}"
ID_R98BDDP7LQ_3,"The serving PCI changes 3 times across this short window of data, indicating frequent handovers that interrupt scheduling and degrade sustained throughput.
\boxed{E}"
ID_R98BDDP7LQ_4,"The serving PCI changes 3 times across this short window of data, indicating frequent handovers that interrupt scheduling and degrade sustained throughput.
\boxed{E}"
ID_BJ4O19ZIQO_1,"Neighbor cell(s) [420] arrive at comparable signal strength to the serving cell but originate from a different, non-colocated site, producing severe overlapping coverage that degrades throughput.
\boxed{V5}"
ID_BJ4O19ZIQO_2,"Neighbor cell(s) [420] arrive at comparable signal strength to the serving cell but originate from a different, non-colocated site, producing severe overlapping coverage that degrades throughput.
\boxed{V5}"
ID_BJ4O19ZIQO_3,"Neighbor cell(s) [420] arrive at comparable signal strength to the serving cell but originate from a different, non-colocated site, producing severe overlapping coverage that degrades throughput.
\boxed{V5}"
ID_BJ4O19ZIQO_4,"Neighbor cell(s) [420] arrive at comparable signal strength to the serving cell but originate from a different, non-colocated site, producing severe overlapping coverage that degrades throughput.
\boxed{V5}"
ID_MT5FIIWMK4_1,"Neighbor cell(s) [240] arrive at comparable signal strength to the serving cell but originate from a different, non-colocated site, producing severe overlapping coverage that degrades throughput.
\boxed{C2}"
ID_MT5FIIWMK4_2,"Neighbor cell(s) [240] arrive at comparable signal strength to the serving cell but originate from a different, non-colocated site, producing severe overlapping coverage that degrades throughput.
\boxed{C2}"
ID_MT5FIIWMK4_3,"Neighbor cell(s) [240] arrive at comparable signal strength to the serving cell but originate from a different, non-colocated site, producing severe overlapping coverage that degrades throughput.
\boxed{C2}"
ID_MT5FIIWMK4_4,"Neighbor cell(s) [240] arrive at comparable signal strength to the serving cell but originate from a different, non-colocated site, producing severe overlapping coverage that degrades throughput.
\boxed{C2}"
ID_QPHMOHCNR0_1,"The average scheduled RB count is about 159.9, below the 160-RB threshold needed to sustain high throughput, directly explaining the low observed data rate.
\boxed{5}"
ID_QPHMOHCNR0_2,"The average scheduled RB count is about 159.4, below the 160-RB threshold needed to sustain high throughput, directly explaining the low observed data rate.
\boxed{5}"
ID_QPHMOHCNR0_3,"The average scheduled RB count is about 159.8, below the 160-RB threshold needed to sustain high throughput, directly explaining the low observed data rate.
\boxed{5}"
ID_QPHMOHCNR0_4,"The average scheduled RB count is about 159.9, below the 160-RB threshold needed to sustain high throughput, directly explaining the low observed data rate.
\boxed{5}"
ID_GCTM7XHNEJ_1,"The average scheduled RB count is about 165.1, below the 160-RB threshold needed to sustain high throughput, directly explaining the low observed data rate.
\boxed{1}"
ID_GCTM7XHNEJ_2,"The average scheduled RB count is about 164.9, below the 160-RB threshold needed to sustain high throughput, directly explaining the low observed data rate.
\boxed{1}"
ID_GCTM7XHNEJ_3,"The average scheduled RB count is about 165.5, below the 160-RB threshold needed to sustain high throughput, directly explaining the low observed data rate.
\boxed{1}"
ID_GCTM7XHNEJ_4,"The average scheduled RB count is about 165.5, below the 160-RB threshold needed to sustain high throughput, directly explaining the low observed data rate.
\boxed{1}"
ID_YCHHIUO0JB_1,"Neighbor cell(s) [919] arrive at comparable signal strength to the serving cell but originate from a different, non-colocated site, producing severe overlapping coverage that degrades throughput.
\boxed{E6}"
ID_YCHHIUO0JB_2,"Neighbor cell(s) [919] arrive at comparable signal strength to the serving cell but originate from a different, non-colocated site, producing severe overlapping coverage that degrades throughput.
\boxed{E6}"
ID_YCHHIUO0JB_3,"Neighbor cell(s) [919] arrive at comparable signal strength to the serving cell but originate from a different, non-colocated site, producing severe overlapping coverage that degrades throughput.
\boxed{E6}"
ID_YCHHIUO0JB_4,"Neighbor cell(s) [919] arrive at comparable signal strength to the serving cell but originate from a different, non-colocated site, producing severe overlapping coverage that degrades throughput.
\boxed{E6}"
ID_ATTMUIVEEP_1,"The serving cell (PCI 990) shares PCI mod 30 with neighbor PCI(s) [433], causing reference-signal collision and interference that suppresses throughput.
\boxed{P4}"
ID_ATTMUIVEEP_2,"The serving cell (PCI 990) shares PCI mod 30 with neighbor PCI(s) [433], causing reference-signal collision and interference that suppresses throughput.
\boxed{P4}"
ID_ATTMUIVEEP_3,"The serving cell (PCI 990) shares PCI mod 30 with neighbor PCI(s) [433], causing reference-signal collision and interference that suppresses throughput.
\boxed{P4}"
ID_ATTMUIVEEP_4,"The serving cell (PCI 990) shares PCI mod 30 with neighbor PCI(s) [433], causing reference-signal collision and interference that suppresses throughput.
\boxed{P4}"
ID_M82UKTQG1F_1,"The serving cell's total downtilt of about 10.0° is shallow relative to its vertical beamwidth of 6.0°, extending the main beam's reach well beyond the intended ~1km coverage radius, indicating the cell is over-shooting its intended coverage area rather than being properly contained.
\boxed{U7}"
ID_M82UKTQG1F_2,"The serving cell's total downtilt of about 10.0° is shallow relative to its vertical beamwidth of 6.0°, extending the main beam's reach well beyond the intended ~1km coverage radius, indicating the cell is over-shooting its intended coverage area rather than being properly contained.
\boxed{U7}"
ID_M82UKTQG1F_3,"The serving cell's total downtilt of about 10.0° is shallow relative to its vertical beamwidth of 6.0°, extending the main beam's reach well beyond the intended ~1km coverage radius, indicating the cell is over-shooting its intended coverage area rather than being properly contained.
\boxed{U7}"
ID_M82UKTQG1F_4,"The serving cell's total downtilt of about 10.0° is shallow relative to its vertical beamwidth of 6.0°, extending the main beam's reach well beyond the intended ~1km coverage radius, indicating the cell is over-shooting its intended coverage area rather than being properly contained.
\boxed{U7}"
ID_BQ0TI8VHND_1,"The average scheduled RB count is about 154.9, below the 160-RB threshold needed to sustain high throughput, directly explaining the low observed data rate.
\boxed{3}"
ID_BQ0TI8VHND_2,"The average scheduled RB count is about 155.9, below the 160-RB threshold needed to sustain high throughput, directly explaining the low observed data rate.
\boxed{3}"
ID_BQ0TI8VHND_3,"The average scheduled RB count is about 155.0, below the 160-RB threshold needed to sustain high throughput, directly explaining the low observed data rate.
\boxed{3}"
ID_BQ0TI8VHND_4,"The average scheduled RB count is about 154.2, below the 160-RB threshold needed to sustain high throughput, directly explaining the low observed data rate.
\boxed{3}"
ID_3GSS1QRBET_1,"The serving cell's total downtilt is about 26.0° against a vertical beamwidth of 12.0° at a mounting height of 30.1m, which narrows the effective coverage radius and pulls the main beam toward the ground close to the site. The serving SS-RSRP averages -85.4 dBm, consistent with weak far-end coverage caused by excessive downtilt.
\boxed{6}"
ID_3GSS1QRBET_2,"The serving cell's total downtilt is about 26.0° against a vertical beamwidth of 12.0° at a mounting height of 30.1m, which narrows the effective coverage radius and pulls the main beam toward the ground close to the site. The serving SS-RSRP averages -85.4 dBm, consistent with weak far-end coverage caused by excessive downtilt.
\boxed{6}"
ID_3GSS1QRBET_3,"The serving cell's total downtilt is about 26.0° against a vertical beamwidth of 12.0° at a mounting height of 30.1m, which narrows the effective coverage radius and pulls the main beam toward the ground close to the site. The serving SS-RSRP averages -85.4 dBm, consistent with weak far-end coverage caused by excessive downtilt.
\boxed{6}"
ID_3GSS1QRBET_4,"The serving cell's total downtilt is about 26.0° against a vertical beamwidth of 12.0° at a mounting height of 30.1m, which narrows the effective coverage radius and pulls the main beam toward the ground close to the site. The serving SS-RSRP averages -85.4 dBm, consistent with weak far-end coverage caused by excessive downtilt.
\boxed{6}"
ID_IYYXOFQRK0_1,"Neighbor cell(s) [133] arrive at comparable signal strength to the serving cell but originate from a different, non-colocated site, producing severe overlapping coverage that degrades throughput.
\boxed{X7}"
ID_IYYXOFQRK0_2,"Neighbor cell(s) [133] arrive at comparable signal strength to the serving cell but originate from a different, non-colocated site, producing severe overlapping coverage that degrades throughput.
\boxed{X7}"
ID_IYYXOFQRK0_3,"The serving cell (PCI 133) shares PCI mod 30 with neighbor PCI(s) [454], causing reference-signal collision and interference that suppresses throughput.
\boxed{X6}"
ID_IYYXOFQRK0_4,"The serving cell (PCI 133) shares PCI mod 30 with neighbor PCI(s) [454], causing reference-signal collision and interference that suppresses throughput.
\boxed{X6}"
ID_19P3T95GLS_1,"The serving PCI changes 3 times across this short drive-test window, indicating frequent handovers that interrupt scheduling and degrade sustained throughput.
\boxed{Z2}"
ID_19P3T95GLS_2,"The serving PCI changes 3 times across this short drive-test window, indicating frequent handovers that interrupt scheduling and degrade sustained throughput.
\boxed{Z2}"
ID_19P3T95GLS_3,"The serving PCI changes 3 times across this short drive-test window, indicating frequent handovers that interrupt scheduling and degrade sustained throughput.
\boxed{Z2}"
ID_19P3T95GLS_4,"The serving PCI changes 3 times across this short drive-test window, indicating frequent handovers that interrupt scheduling and degrade sustained throughput.
\boxed{Z2}"
ID_PHZRXPN9SF_1,"The average scheduled RB count is about 158.4, below the 160-RB threshold needed to sustain high throughput, directly explaining the low observed data rate.
\boxed{G7}"
ID_PHZRXPN9SF_2,"The average scheduled RB count is about 157.7, below the 160-RB threshold needed to sustain high throughput, directly explaining the low observed data rate.
\boxed{G7}"
ID_PHZRXPN9SF_3,"The average scheduled RB count is about 159.0, below the 160-RB threshold needed to sustain high throughput, directly explaining the low observed data rate.
\boxed{G7}"
ID_PHZRXPN9SF_4,"The average scheduled RB count is about 159.3, below the 160-RB threshold needed to sustain high throughput, directly explaining the low observed data rate.
\boxed{G7}"
ID_99CPJ0T0S9_1,"The average scheduled RB count is about 164.2, below the 160-RB threshold needed to sustain high throughput, directly explaining the low observed data rate.
\boxed{Z8}"
ID_99CPJ0T0S9_2,"The average scheduled RB count is about 164.2, below the 160-RB threshold needed to sustain high throughput, directly explaining the low observed data rate.
\boxed{Z8}"
ID_99CPJ0T0S9_3,"The average scheduled RB count is about 164.3, below the 160-RB threshold needed to sustain high throughput, directly explaining the low observed data rate.
\boxed{Z8}"
ID_99CPJ0T0S9_4,"The average scheduled RB count is about 164.0, below the 160-RB threshold needed to sustain high throughput, directly explaining the low observed data rate.
\boxed{Z8}"
ID_TW2GLRJ4HF_1,"The average scheduled RB count is about 159.5, below the 160-RB threshold needed to sustain high throughput, directly explaining the low observed data rate.
\boxed{1}"
ID_TW2GLRJ4HF_2,"The average scheduled RB count is about 159.6, below the 160-RB threshold needed to sustain high throughput, directly explaining the low observed data rate.
\boxed{1}"
ID_TW2GLRJ4HF_3,"The average scheduled RB count is about 159.6, below the 160-RB threshold needed to sustain high throughput, directly explaining the low observed data rate.
\boxed{1}"
ID_TW2GLRJ4HF_4,"The average scheduled RB count is about 159.4, below the 160-RB threshold needed to sustain high throughput, directly explaining the low observed data rate.
\boxed{1}"
ID_LMW7D30SC4_1,"The serving PCI changes 3 times across this short window of data, indicating frequent handovers that interrupt scheduling and degrade sustained throughput.
\boxed{C}"
ID_LMW7D30SC4_2,"The serving PCI changes 3 times across this short window of test data, indicating frequent handovers that interrupt scheduling and degrade sustained throughput.
\boxed{E}"
ID_LMW7D30SC4_3,"The serving PCI changes 3 times across this short window of data, indicating frequent handovers that interrupt scheduling and degrade sustained throughput.
\boxed{E}"
ID_LMW7D30SC4_4,"The serving PCI changes 3 times across this short window of test data, indicating frequent handovers that interrupt scheduling and degrade sustained throughput.
\boxed{E}"
ID_VVZB9PN2DW_1,"The serving cell's total downtilt is about 25.0° against a vertical beamwidth of 10.0° at a mounting height of 35.0m, which narrows the effective coverage radius and pulls the main beam toward the ground close to the site. The serving SS-RSRP averages -78.7 dBm, consistent with weak far-end coverage caused by excessive downtilt.
\boxed{8}"
ID_VVZB9PN2DW_2,"The serving cell's total downtilt is about 15.0° against a vertical beamwidth of 12.0° at a mounting height of 35.0m, which narrows the effective coverage radius and pulls the main beam toward the ground close to the site. The serving SS-RSRP averages -78.9 dBm, consistent with weak far-end coverage caused by excessive downtilt.
\boxed{8}"
ID_VVZB9PN2DW_3,"The serving cell's total downtilt is about 25.0° against a vertical beamwidth of 10.0° at a mounting height of 35.0m, which narrows the effective coverage radius and pulls the main beam toward the ground close to the site. The serving SS-RSRP averages -79.1 dBm, consistent with weak far-end coverage caused by excessive downtilt.
\boxed{8}"
ID_VVZB9PN2DW_4,"The serving cell's total downtilt is about 15.0° against a vertical beamwidth of 12.0° at a mounting height of 35.0m, which narrows the effective coverage radius and pulls the main beam toward the ground close to the site. The serving SS-RSRP averages -78.7 dBm, consistent with weak far-end coverage caused by excessive downtilt.
\boxed{8}"
ID_4026J8AU6Z_1,"Neighbor cell(s) [550] arrive at comparable signal strength to the serving cell but originate from a different, non-colocated site, producing severe overlapping coverage that degrades throughput.
\boxed{R3}"
ID_4026J8AU6Z_2,"Neighbor cell(s) [550] arrive at comparable signal strength to the serving cell but originate from a different, non-colocated site, producing severe overlapping coverage that degrades throughput.
\boxed{R3}"
ID_4026J8AU6Z_3,"Neighbor cell(s) [550] arrive at comparable signal strength to the serving cell but originate from a different, non-colocated site, producing severe overlapping coverage that degrades throughput.
\boxed{R3}"
ID_4026J8AU6Z_4,"Neighbor cell(s) [550] arrive at comparable signal strength to the serving cell but originate from a different, non-colocated site, producing severe overlapping coverage that degrades throughput.
\boxed{R3}"
ID_WTW27KLF1X_1,"The serving cell's total downtilt is about 15.0° against a vertical beamwidth of 6.0° at a mounting height of 30.1m, which narrows the effective coverage radius and pulls the main beam toward the ground close to the site. The serving SS-RSRP averages -80.6 dBm, consistent with weak far-end coverage caused by excessive downtilt.
\boxed{7}"
ID_WTW27KLF1X_2,"Neighbor cell(s) [454] arrive at comparable signal strength to the serving cell but originate from a different, non-colocated site, producing severe overlapping coverage that degrades throughput.
\boxed{8}"
ID_WTW27KLF1X_3,"The serving cell's total downtilt is about 15.0° against a vertical beamwidth of 6.0° at a mounting height of 30.1m, which narrows the effective coverage radius and pulls the main beam toward the ground close to the site. The serving SS-RSRP averages -80.4 dBm, consistent with weak far-end coverage caused by excessive downtilt.
\boxed{7}"
ID_WTW27KLF1X_4,"Neighbor cell(s) [454] arrive at comparable signal strength to the serving cell but originate from a different, non-colocated site, producing severe overlapping coverage that degrades throughput.
\boxed{8}"
ID_5WCOLFUGLB_1,"The average scheduled RB count is about 164.6, below the 160-RB threshold needed to sustain high throughput, directly explaining the low observed data rate.
\boxed{7}"
ID_5WCOLFUGLB_2,"The average scheduled RB count is about 163.7, below the 160-RB threshold needed to sustain high throughput, directly explaining the low observed data rate.
\boxed{7}"
ID_5WCOLFUGLB_3,"The average scheduled RB count is about 164.6, below the 160-RB threshold needed to sustain high throughput, directly explaining the low observed data rate.
\boxed{7}"
ID_5WCOLFUGLB_4,"The average scheduled RB count is about 164.7, below the 160-RB threshold needed to sustain high throughput, directly explaining the low observed data rate.
\boxed{7}"
ID_FP9EDCE65H_1,"The serving PCI changes 3 times across this short drive-test window, indicating frequent handovers that interrupt scheduling and degrade sustained throughput.
\boxed{U3}"
ID_FP9EDCE65H_2,"The serving PCI changes 3 times across this short drive-test window, indicating frequent handovers that interrupt scheduling and degrade sustained throughput.
\boxed{U3}"
ID_FP9EDCE65H_3,"The serving PCI changes 3 times across this short drive-test window, indicating frequent handovers that interrupt scheduling and degrade sustained throughput.
\boxed{U3}"
ID_FP9EDCE65H_4,"The serving PCI changes 3 times across this short drive-test window, indicating frequent handovers that interrupt scheduling and degrade sustained throughput.
\boxed{U3}"
ID_YLDG81E38M_1,"The average scheduled RB count is about 151.6, below the 160-RB threshold needed to sustain high throughput, directly explaining the low observed data rate.
\boxed{4}"
ID_YLDG81E38M_2,"The average scheduled RB count is about 151.9, below the 160-RB threshold needed to sustain high throughput, directly explaining the low observed data rate.
\boxed{4}"
ID_YLDG81E38M_3,"The average scheduled RB count is about 151.4, below the 160-RB threshold needed to sustain high throughput, directly explaining the low observed data rate.
\boxed{4}"
ID_YLDG81E38M_4,"The average scheduled RB count is about 150.8, below the 160-RB threshold needed to sustain high throughput, directly explaining the low observed data rate.
\boxed{4}"
ID_2ENNZKYL9L_1,"The serving cell's total downtilt is about 21.0° against a vertical beamwidth of 10.0° at a mounting height of 63.0m, which narrows the effective coverage radius and pulls the main beam toward the ground close to the site. The serving SS-RSRP averages -79.3 dBm, consistent with weak signal strength due to excessive downtilt.
\boxed{U1}"
ID_2ENNZKYL9L_2,"The serving cell's total downtilt is about 21.0° against a vertical beamwidth of 12.0° at a mounting height of 63.0m, which narrows the effective coverage radius and pulls the main beam toward the ground close to the site. The serving SS-RSRP averages -79.0 dBm, consistent with weak signal strength due to poor coverage.
\boxed{U1}"
ID_2ENNZKYL9L_3,"The serving cell's total downtilt is about 21.0° against a vertical beamwidth of 10.0° at a mounting height of 63.0m, which narrows the effective coverage radius and pulls the main beam toward the ground close to the site. The serving SS-RSRP averages -78.9 dBm, consistent with weak signal strength due to excessive downtilt.
\boxed{U1}"
ID_2ENNZKYL9L_4,"The serving cell's total downtilt is about 21.0° against a vertical beamwidth of 10.0° at a mounting height of 63.0m, which narrows the effective coverage radius and pulls the main beam toward the ground close to the site. The serving SS-RSRP averages -78.9 dBm, consistent with weak signal strength due to poor coverage.
\boxed{U1}"
ID_ZHD6ZIY6DV_1,"Neighbor cell(s) [737] arrive at comparable signal strength to the serving cell but originate from a different, non-colocated site, producing severe overlapping coverage that degrades throughput.
\boxed{C5}"
ID_ZHD6ZIY6DV_2,"Neighbor cell(s) [737] arrive at comparable signal strength to the serving cell but originate from a different, non-colocated site, producing severe overlapping coverage that degrades throughput.
\boxed{C5}"
ID_ZHD6ZIY6DV_3,"Neighbor cell(s) [737] arrive at comparable signal strength to the serving cell but originate from a different, non-colocated site, producing severe overlapping coverage that degrades throughput.
\boxed{C5}"
ID_ZHD6ZIY6DV_4,"Neighbor cell(s) [737] arrive at comparable signal strength to the serving cell but originate from a different, non-colocated site, producing severe overlapping coverage that degrades throughput.
\boxed{C5}"
ID_IEDZN79NPK_1,"The serving cell (PCI 420) shares PCI mod 30 with neighbor PCI(s) [540], causing reference-signal collision and interference that suppresses throughput.
\boxed{R5}"
ID_IEDZN79NPK_2,"The serving cell (PCI 420) shares PCI mod 30 with neighbor PCI(s) [540], causing reference-signal collision and interference that suppresses throughput.
\boxed{R5}"
ID_IEDZN79NPK_3,"The serving cell (PCI 420) shares PCI mod 30 with neighbor PCI(s) [540], causing reference-signal collision and interference that suppresses throughput.
\boxed{R5}"
ID_IEDZN79NPK_4,"The serving cell (PCI 420) shares PCI mod 30 with neighbor PCI(s) [540], causing reference-signal collision and interference that suppresses throughput.
\boxed{R5}"
ID_WUHTVT9X0Y_1,"The serving PCI changes 3 times across this short drive-test window, indicating frequent handovers that interrupt scheduling and degrade sustained throughput.
\boxed{Y4}"
ID_WUHTVT9X0Y_2,"The serving PCI changes 3 times across this short drive-test window, indicating frequent handovers that interrupt scheduling and degrade sustained throughput.
\boxed{Y4}"
ID_WUHTVT9X0Y_3,"The serving PCI changes 3 times across this short drive-test window, indicating frequent handovers that interrupt scheduling and degrade sustained throughput.
\boxed{Y4}"
ID_WUHTVT9X0Y_4,"The serving PCI changes 3 times across this short drive-test window, indicating frequent handovers that interrupt scheduling and degrade sustained throughput.
\boxed{Y4}"
ID_XEJOA7XFXY_1,"The average scheduled RB count is about 158.8, below the 160-RB threshold needed to sustain high throughput, directly explaining the low observed data rate.
\boxed{J1}"
ID_XEJOA7XFXY_2,"The average scheduled RB count is about 159.2, below the 160-RB threshold needed to sustain high throughput, directly explaining the low observed data rate.
\boxed{J1}"
ID_XEJOA7XFXY_3,"The average scheduled RB count is about 159.7, below the 160-RB threshold needed to sustain high throughput, directly explaining the low observed data rate.
\boxed{J1}"
ID_XEJOA7XFXY_4,"The average scheduled RB count is about 158.8, below the 160-RB threshold needed to sustain high throughput, directly explaining the low observed data rate.
\boxed{J1}"
ID_15CRN3NN4K_1,"The serving PCI changes 3 times across this short drive-test window, indicating frequent handovers that interrupt scheduling and degrade sustained throughput.
\boxed{H2}"
ID_15CRN3NN4K_2,"The serving PCI changes 3 times across this short drive-test window, indicating frequent handovers that interrupt scheduling and degrade sustained throughput.
\boxed{H2}"
ID_15CRN3NN4K_3,"The serving PCI changes 3 times across this short drive-test window, indicating frequent handovers that interrupt scheduling and degrade sustained throughput.
\boxed{H2}"
ID_15CRN3NN4K_4,"The serving PCI changes 3 times across this short drive-test window, indicating frequent handovers that interrupt scheduling and degrade sustained throughput.
\boxed{H2}"
ID_A7XNNKMXZX_1,"The serving PCI changes 3 times across this short window of data, indicating frequent handovers that interrupt scheduling and degrade sustained throughput.
\boxed{A}"
ID_A7XNNKMXZX_2,"The serving cell (PCI 492) shares PCI with neighbor PCI(s) 64, causing reference-signal collision and interference that suppresses throughput.
\boxed{F}"
ID_A7XNNKMXZX_3,"The serving PCI changes 3 times across this short window of data, indicating frequent handovers that interrupt scheduling and degrade sustained throughput.
\boxed{A}"
ID_A7XNNKMXZX_4,"The serving PCI changes 3 times across this short window of data, indicating frequent handovers that interrupt scheduling and degrade sustained throughput.
\boxed{A}"
ID_HZME48Y5OS_1,"The serving PCI changes 3 times across this short window of data, indicating frequent handovers that interrupt scheduling and degrade sustained throughput.
\boxed{E}"
ID_HZME48Y5OS_2,"The serving PCI changes 3 times across this short window of data, indicating frequent handovers that interrupt scheduling and degrade sustained throughput.
\boxed{E}"
ID_HZME48Y5OS_3,"The serving PCI changes 3 times across this short window of data, indicating frequent handovers that interrupt scheduling and degrade sustained throughput.
\boxed{E}"
ID_HZME48Y5OS_4,"The serving PCI changes 3 times across this short window of data, indicating frequent handovers that interrupt scheduling and degrade sustained throughput.
\boxed{E}"
ID_PFURUCGD9V_1,"The average scheduled RB count is about 163.9, below the 160-RB threshold needed to sustain high throughput, directly explaining the low observed data rate.
\boxed{B8}"
ID_PFURUCGD9V_2,"The average scheduled RB count is about 163.4, below the 160-RB threshold needed to sustain high throughput, directly explaining the low observed data rate.
\boxed{B8}"
ID_PFURUCGD9V_3,"The average scheduled RB count is about 163.5, below the 160-RB threshold needed to sustain high throughput, directly explaining the low observed data rate.
\boxed{B8}"
ID_PFURUCGD9V_4,"The average scheduled RB count is about 163.9, below the 160-RB threshold needed to sustain high throughput, directly explaining the low observed data rate.
\boxed{B8}"
ID_ZUGJY7J5GH_1,"The serving cell (PCI 990) shares PCI mod 30 with neighbor PCI(s) [433], causing reference-signal collision and interference that suppresses throughput.
\boxed{2}"
ID_ZUGJY7J5GH_2,"The serving cell (PCI 990) shares PCI mod 30 with neighbor PCI(s) [433], causing reference-signal collision and interference that suppresses throughput.
\boxed{2}"
ID_ZUGJY7J5GH_3,"The serving cell (PCI 990) shares PCI mod 30 with neighbor PCI(s) [433], causing reference-signal collision and interference that suppresses throughput.
\boxed{2}"
ID_ZUGJY7J5GH_4,"The serving cell (PCI 990) shares PCI mod 30 with neighbor PCI(s) [433], causing reference-signal collision and interference that suppresses throughput.
\boxed{2}"
ID_PE1WX8Q7MY_1,"A neighboring cell reaches this location with a filtered Tx BRSRP of about -79.1 dBm, comparable to or stronger than the serving cell's average SS-RSRP of -71.9 dBm, suggesting a neighbor would deliver higher throughput than the current serving cell.
\boxed{W7}"
ID_PE1WX8Q7MY_2,"The average scheduled RB count is about 165.9, below the 160-RB threshold needed to sustain high throughput, directly explaining the low observed data rate.
\boxed{W3}"
ID_PE1WX8Q7MY_3,"The average scheduled RB count is about 165.7, below the 160-RB threshold needed to sustain high throughput, directly explaining the low observed data rate.
\boxed{W3}"
ID_PE1WX8Q7MY_4,"The average scheduled RB count is about 165.7, below the 160-RB threshold needed to sustain high throughput, directly explaining the low observed data rate.
\boxed{W3}"
ID_MLOUC9YTJW_1,"The average scheduled RB count is about 164.2, below the 160-RB threshold needed to sustain high throughput, directly explaining the low observed data rate.
\boxed{7}"
ID_MLOUC9YTJW_2,"The average scheduled RB count is about 163.0, below the 160-RB threshold needed to sustain high throughput, directly explaining the low observed data rate.
\boxed{7}"
ID_MLOUC9YTJW_3,"The average scheduled RB count is about 164.3, below the 160-RB threshold needed to sustain high throughput, directly explaining the low observed data rate.
\boxed{7}"
ID_MLOUC9YTJW_4,"The average scheduled RB count is about 163.0, below the 160-RB threshold needed to sustain high throughput, directly explaining the low observed data rate.
\boxed{7}"
ID_HLTP2DI08M_1,"The average scheduled RB count is about 159.7, below the 160-RB threshold needed to sustain high throughput, directly explaining the low observed data rate.
\boxed{O1}"
ID_HLTP2DI08M_2,"The average scheduled RB count is about 159.8, below the 160-RB threshold needed to sustain high throughput, directly explaining the low observed data rate.
\boxed{O1}"
ID_HLTP2DI08M_3,"The average scheduled RB count is about 159.6, below the 160-RB threshold needed to sustain high throughput, directly explaining the low observed data rate.
\boxed{O1}"
ID_HLTP2DI08M_4,"The average scheduled RB count is about 159.7, below the 160-RB threshold needed to sustain high throughput, directly explaining the low observed data rate.
\boxed{O1}"
ID_L2IB59BTOK_1,"Neighbor cell(s) [240] arrive at comparable signal strength to the serving cell but originate from a different, non-colocated site, producing severe overlapping coverage that degrades throughput.
\boxed{P5}"
ID_L2IB59BTOK_2,"Neighbor cell(s) [240] arrive at comparable signal strength to the serving cell but originate from a different, non-colocated site, producing severe overlapping coverage that degrades throughput.
\boxed{P5}"
ID_L2IB59BTOK_3,"Neighbor cell(s) [240] arrive at comparable signal strength to the serving cell but originate from a different, non-colocated site, producing severe overlapping coverage that degrades throughput.
\boxed{P5}"
ID_L2IB59BTOK_4,"Neighbor cell(s) [240] arrive at comparable signal strength to the serving cell but originate from a different, non-colocated site, producing severe overlapping coverage that degrades throughput.
\boxed{P5}"
ID_0JWO6EOR1K_1,"The average scheduled RB count is about 155.0, below the 160-RB threshold needed to sustain high throughput, directly explaining the low observed data rate.
\boxed{N8}"
ID_0JWO6EOR1K_2,"The average scheduled RB count is about 151.7, below the 160-RB threshold needed to sustain high throughput, directly explaining the low observed data rate.
\boxed{N8}"
ID_0JWO6EOR1K_3,"The average scheduled RB count is about 156.7, below the 160-RB threshold needed to sustain high throughput, directly explaining the low observed data rate.
\boxed{N8}"
ID_0JWO6EOR1K_4,"The average scheduled RB count is about 155.8, below the 160-RB threshold needed to sustain high throughput, directly explaining the low observed data rate.
\boxed{N8}"
ID_QU7PLKYRBA_1,"The average scheduled RB count is about 151.8, below the 160-RB threshold needed to sustain high throughput, directly explaining the low observed data rate.
\boxed{6}"
ID_QU7PLKYRBA_2,"The average scheduled RB count is about 151.0, below the 160-RB threshold needed to sustain high throughput, directly explaining the low observed data rate.
\boxed{6}"
ID_QU7PLKYRBA_3,"The average scheduled RB count is about 151.4, below the 160-RB threshold needed to sustain high throughput, directly explaining the low observed data rate.
\boxed{6}"
ID_QU7PLKYRBA_4,"The average scheduled RB count is about 151.4, below the 160-RB threshold needed to sustain high throughput, directly explaining the low observed data rate.
\boxed{6}"
ID_577VEG5N5L_1,"The serving cell's total downtilt is about 10.0° against a vertical beamwidth of 6.0° at a mounting height of 9.0m, which narrows the effective coverage radius and pulls the main beam toward the ground close to the site. The serving SS-RSRP averages -82.6 dBm, consistent with weak far-end coverage caused by excessive downtilt.
\boxed{U7}"
ID_577VEG5N5L_2,"The serving cell's total downtilt is about 11.0° against a vertical beamwidth of 6.0° at a mounting height of 9.0m, which narrows the effective coverage radius and pulls the main beam toward the ground close to the site. The serving SS-RSRP averages -82.4 dBm, consistent with weak far-end coverage caused by excessive downtilt.
\boxed{U7}"
ID_577VEG5N5L_3,"The serving cell's total downtilt is about 11.0° against a vertical beamwidth of 6.0° at a mounting height of 9.0m, which narrows the effective coverage radius and pulls the main beam toward the ground close to the site. The serving SS-RSRP averages -82.4 dBm, consistent with weak far-end coverage caused by excessive downtilt.
\boxed{U7}"
ID_577VEG5N5L_4,"The serving cell's total downtilt is about 11.0° against a vertical beamwidth of 6.0° at a mounting height of 9.0m, which narrows the effective coverage radius and pulls the main beam toward the ground close to the site. The serving SS-RSRP averages -82.6 dBm, consistent with weak far-end coverage caused by excessive downtilt.
\boxed{U7}"
ID_B4NRX81239_1,"The serving cell's total downtilt of about 11.0° is shallow relative to its vertical beamwidth of 6.0°, which narrows the effective coverage radius and pulls the main beam toward the ground close to the site. This causes strong reference-signal collision with nearby neighbors, suppressing channel separation and degrading throughput.
\boxed{Z3}"
ID_B4NRX81239_2,"The serving cell's total downtilt of about 11.0° is shallow relative to its vertical beamwidth of 6.0°, which narrows the effective coverage radius and pulls the main beam toward the ground close to the site. This pulls the main signal toward the ground close to the site, weakening coverage at the far end of the service area.
\boxed{Z3}"
ID_B4NRX81239_3,"The serving cell's total downtilt of about 11.0° is shallow relative to its vertical beamwidth of 6.0°, which narrows the effective coverage radius and pulls the main beam toward the ground close to the site. This pulls the main signal toward the ground close to the site, toward neighbor cell(s) rather than pointing them toward valid downstream clients, causing weak far-end coverage.
\boxed{Z3}"
ID_B4NRX81239_4,"The serving cell's total downtilt of about 11.0° is shallow relative to its vertical beamwidth of 6.0°, which narrows the effective coverage radius and pulls the main beam toward the ground close to the site. This causes strong signal collision with nearby neighbors, producing severe overlapping coverage that degrades throughput.
\boxed{Z8}"
ID_YZ3SN0HMCJ_1,"A neighboring cell reaches this location with a filtered Tx BRSRP of about -81.4 dBm, comparable to or stronger than the serving cell's average SS-RSRP of -80.2 dBm, suggesting a neighbor would deliver higher throughput than the current serving cell.
\boxed{8}"
ID_YZ3SN0HMCJ_2,"The average scheduled RB count is about 157.7, below the 160-RB threshold needed to sustain high throughput, directly explaining the low observed data rate.
\boxed{1}"
ID_YZ3SN0HMCJ_3,"The average scheduled RB count is about 155.7, below the 160-RB threshold needed to sustain high throughput, directly explaining the low observed data rate.
\boxed{1}"
ID_YZ3SN0HMCJ_4,"The average scheduled RB count is about 156.6, below the 160-RB threshold needed to sustain high throughput, directly explaining the low observed data rate.
\boxed{1}"
ID_3CCX51LQAE_1,"The average scheduled RB count is about 158.9, below the 160-RB threshold needed to sustain high throughput, directly explaining the low observed data rate.
\boxed{6}"
ID_3CCX51LQAE_2,"The average scheduled RB count is about 158.7, below the 160-RB threshold needed to sustain high throughput, directly explaining the low observed data rate.
\boxed{6}"
ID_3CCX51LQAE_3,"The average scheduled RB count is about 159.5, below the 160-RB threshold needed to sustain high throughput, directly explaining the low observed data rate.
\boxed{6}"
ID_3CCX51LQAE_4,"The average scheduled RB count is about 158.4, below the 160-RB threshold needed to sustain high throughput, directly explaining the low observed data rate.
\boxed{6}"
ID_VSCS6B14GR_1,"The average scheduled RB count is about 166.9, below the 160-RB threshold needed to sustain high throughput, directly explaining the low observed data rate.
\boxed{7}"
ID_VSCS6B14GR_2,"The serving cell (PCI 980) shares PCI mod 30 with neighbor PCI(s) [745], causing reference-signal collision and interference that suppresses throughput.
\boxed{2}"
ID_VSCS6B14GR_3,"The serving cell (PCI 980) shares PCI mod 30 with neighbor PCI(s) [745], causing reference-signal collision and interference that suppresses throughput.
\boxed{2}"
ID_VSCS6B14GR_4,"The serving cell (PCI 980) shares PCI mod 30 with neighbor PCI(s) [745], causing reference-signal collision and interference that suppresses throughput.
\boxed{2}"
ID_I3GKQRZPKF_1,"The serving cell (PCI 560) shares PCI mod 30 with neighbor PCI(s) [440], causing reference-signal collision and interference that suppresses throughput.
\boxed{B8}"
ID_I3GKQRZPKF_2,"The serving cell (PCI 560) shares PCI mod 30 with neighbor PCI(s) [440], causing reference-signal collision and interference that suppresses throughput.
\boxed{B8}"
ID_I3GKQRZPKF_3,"The serving cell (PCI 560) shares PCI mod 30 with neighbor PCI(s) [440], causing reference-signal collision and interference that suppresses throughput.
\boxed{B8}"
ID_I3GKQRZPKF_4,"Neighbor cell(s) [650] arrive at comparable signal strength to the serving cell but originate from a different, non-colocated site, producing severe overlapping coverage that degrades throughput.
\boxed{B5}"
ID_Y3JD36EO5G_1,"The serving cell (PCI 433) shares PCI mod 30 with neighbor PCI(s) [990], causing reference-signal collision and interference that suppresses throughput.
\boxed{3}"
ID_Y3JD36EO5G_2,"The serving cell (PCI 433) shares PCI mod 30 with neighbor PCI(s) [990], causing reference-signal collision and interference that suppresses throughput.
\boxed{3}"
ID_Y3JD36EO5G_3,"The serving cell (PCI 433) shares PCI mod 30 with neighbor PCI(s) [990], causing reference-signal collision and interference that suppresses throughput.
\boxed{3}"
ID_Y3JD36EO5G_4,"The serving cell (PCI 433) shares PCI mod 30 with neighbor PCI(s) [990], causing reference-signal collision and interference that suppresses throughput.
\boxed{3}"
ID_QQJZ1DYUAL_1,"The serving PCI changes 3 times across this short drive-test window, indicating frequent handovers that interrupt scheduling and degrade sustained throughput.
\boxed{Z1}"
ID_QQJZ1DYUAL_2,"The serving PCI changes 3 times across this short drive-test window, indicating frequent handovers that interrupt scheduling and degrade sustained throughput.
\boxed{Z1}"
ID_QQJZ1DYUAL_3,"The serving PCI changes 3 times across this short drive-test window, indicating frequent handovers that interrupt scheduling and degrade sustained throughput.
\boxed{Z1}"
ID_QQJZ1DYUAL_4,"The serving PCI changes 3 times across this short drive-test window, indicating frequent handovers that interrupt scheduling and degrade sustained throughput.
\boxed{Z1}"
ID_XOZYND26I7_1,"The average scheduled RB count is about 149.4, below the 160-RB threshold needed to sustain high throughput, directly explaining the low observed data rate.
\boxed{E1}"
ID_XOZYND26I7_2,"The average scheduled RB count is about 151.3, below the 160-RB threshold needed to sustain high throughput, directly explaining the low observed data rate.
\boxed{E1}"
ID_XOZYND26I7_3,"The average scheduled RB count is about 149.4, below the 160-RB threshold needed to sustain high throughput, directly explaining the low observed data rate.
\boxed{E1}"
ID_XOZYND26I7_4,"The average scheduled RB count is about 152.6, below the 160-RB threshold needed to sustain high throughput, directly explaining the low observed data rate.
\boxed{E1}"
ID_E7BBBAW4L4_1,"The serving PCI changes 3 times across this short drive-test window, indicating frequent handovers that interrupt scheduling and degrade sustained throughput.
\boxed{I2}"
ID_E7BBBAW4L4_2,"The serving PCI changes 3 times across this short drive-test window, indicating frequent handovers that interrupt scheduling and degrade sustained throughput.
\boxed{I2}"
ID_E7BBBAW4L4_3,"The serving PCI changes 3 times across this short drive-test window, indicating frequent handovers that interrupt scheduling and degrade sustained throughput.
\boxed{I2}"
ID_E7BBBAW4L4_4,"The serving PCI changes 3 times across this short drive-test window, indicating frequent handovers that interrupt scheduling and degrade sustained throughput.
\boxed{I2}"
ID_DIOWKS7ODF_1,"The average scheduled RB count is about 166.9, below the 160-RB threshold needed to sustain high throughput, directly explaining the low observed data rate.
\boxed{K4}"
ID_DIOWKS7ODF_2,"The average scheduled RB count is about 166.9, below the 160-RB threshold needed to sustain high throughput, directly explaining the low observed data rate.
\boxed{K4}"
ID_DIOWKS7ODF_3,"The average scheduled RB count is about 166.9, below the 160-RB threshold needed to sustain high throughput, directly explaining the low observed data rate.
\boxed{K4}"
ID_DIOWKS7ODF_4,"The average scheduled RB count is about 166.9, below the 160-RB threshold needed to sustain high throughput, directly explaining the low observed data rate.
\boxed{K4}"
ID_PCV3OQITHE_1,"The serving PCI changes 3 times across this short drive-test window, indicating frequent handovers that interrupt scheduling and degrade sustained throughput.
\boxed{L7}"
ID_PCV3OQITHE_2,"The serving PCI changes 3 times across this short drive-test window, indicating frequent handovers that interrupt scheduling and degrade sustained throughput.
\boxed{L7}"
ID_PCV3OQITHE_3,"The serving PCI changes 3 times across this short drive-test window, indicating frequent handovers that interrupt scheduling and degrade sustained throughput.
\boxed{L7}"
ID_PCV3OQITHE_4,"The serving PCI changes 3 times across this short drive-test window, indicating frequent handovers that interrupt scheduling and degrade sustained throughput.
\boxed{L7}"
ID_QY1HH0SIWJ_1,"Neighbor cell(s) [990] arrive at comparable signal strength to the serving cell but originate from a different, non-colocated site, producing severe overlapping coverage that degrades throughput.
\boxed{S7}"
ID_QY1HH0SIWJ_2,"The serving cell's total downtilt is about 14.0° against a vertical beamwidth of 6.0° at a mounting height of 30.1m, which narrows the effective coverage radius and pulls the main beam toward the ground close to the site. The serving SS-RSRP averages -80.8 dBm, consistent with weak far-end coverage caused by excessive downtilt.
\boxed{S2}"
ID_QY1HH0SIWJ_3,"Neighbor cell(s) [871] arrive at comparable signal strength to the serving cell but originate from a different, non-colocated site, producing severe overlapping coverage that degrades throughput.
\boxed{S7}"
ID_QY1HH0SIWJ_4,"The serving cell's total downtilt is about 14.0° against a vertical beamwidth of 6.0° at a mounting height of 30.1m, which narrows the effective coverage radius and pulls the main beam toward the ground close to the site. The serving SS-RSRP averages -80.7 dBm, consistent with weak far-end coverage caused by excessive downtilt.
\boxed{S2}"
ID_K8FIDGVVTP_1,"The serving PCI changes 3 times across this short drive-test window, indicating frequent handovers that interrupt scheduling and degrade sustained throughput.
\boxed{2}"
ID_K8FIDGVVTP_2,"The serving PCI changes 3 times across this short drive-test window, indicating frequent handovers that interrupt scheduling and degrade sustained throughput.
\boxed{2}"
ID_K8FIDGVVTP_3,"The serving PCI changes 3 times across this short drive-test window, indicating frequent handovers that interrupt scheduling and degrade sustained throughput.
\boxed{2}"
ID_K8FIDGVVTP_4,"The serving PCI changes 3 times across this short drive-test window, indicating frequent handovers that interrupt scheduling and degrade sustained throughput.
\boxed{2}"
ID_C4VU6J7PN9_1,"The serving cell's total downtilt is about 26.0° against a vertical beamwidth of 6.0° at a mounting height of 41.0m, which narrows the effective coverage radius and pulls the main beam toward the ground close to the site. The serving SS-RSRP averages -82.8 dBm, consistent with weak far-end coverage caused by excessive downtilt.
\boxed{G8}"
ID_C4VU6J7PN9_2,"Neighbor cell(s) [218] arrive at comparable signal strength to the serving cell but originate from a different, non-colocated site, producing severe overlapping coverage that degrades throughput.
\boxed{G2}"
ID_C4VU6J7PN9_3,"The serving cell's total downtilt is about 26.0° against a vertical beamwidth of 6.0° at a mounting height of 41.0m, which narrows the effective coverage radius and pulls the main beam toward the ground close to the site. The serving SS-RSRP averages -83.2 dBm, consistent with weak far-end coverage caused by excessive downtilt.
\boxed{G8}"
ID_C4VU6J7PN9_4,"The serving cell (PCI 455) shares PCI mod 30 with neighbor PCI(s) [218, 433], causing reference-signal collision and interference that suppresses throughput.
\boxed{G4}"
ID_AF6FZKQW35_1,"The average scheduled RB count is about 155.7, below the 160-RB threshold needed to sustain high throughput, directly explaining the low observed data rate.
\boxed{E3}"
ID_AF6FZKQW35_2,"The average scheduled RB count is about 157.0, below the 160-RB threshold needed to sustain high throughput, directly explaining the low observed data rate.
\boxed{E3}"
ID_AF6FZKQW35_3,"The average scheduled RB count is about 155.4, below the 160-RB threshold needed to sustain high throughput, directly explaining the low observed data rate.
\boxed{E3}"
ID_AF6FZKQW35_4,"The average scheduled RB count is about 155.6, below the 160-RB threshold needed to sustain high throughput, directly explaining the low observed data rate.
\boxed{E3}"
ID_P9Z2W6I9FE_1,"The serving cell's total downtilt of about 15.0° is shallow relative to its vertical beamwidth of 6.0°, extending the main beam's reach well beyond the intended ~1km coverage radius, indicating the cell is over-shooting its intended coverage area rather than being properly contained.
\boxed{8}"
ID_P9Z2W6I9FE_2,"The serving cell's total downtilt of about 15.0° is shallow relative to its vertical beamwidth of 6.0°, extending the main beam's reach well beyond the intended ~1km coverage radius, indicating the cell is over-shooting its intended coverage area rather than being properly contained.
\boxed{8}"
ID_P9Z2W6I9FE_3,"The serving cell's total downtilt of about 15.0° is shallow relative to its vertical beamwidth of 6.0°, extending the main beam's reach well beyond the intended ~1km coverage radius, indicating the cell is over-shooting its intended coverage area rather than being properly contained.
\boxed{8}"
ID_P9Z2W6I9FE_4,"The serving cell's total downtilt of about 15.0° is shallow relative to its vertical beamwidth of 6.0°, extending the main beam's reach well beyond the intended ~1km coverage radius, indicating the cell is over-shooting its intended coverage area rather than being properly contained.
\boxed{8}"
ID_O6G3HNTLTK_1,"The average scheduled RB count is about 165.8, below the 160-RB threshold needed to sustain high throughput, directly explaining the low observed data rate.
\boxed{1}"
ID_O6G3HNTLTK_2,"The average scheduled RB count is about 166.0, below the 160-RB threshold needed to sustain high throughput, directly explaining the low observed data rate.
\boxed{1}"
ID_O6G3HNTLTK_3,"The average scheduled RB count is about 166.0, below the 160-RB threshold needed to sustain high throughput, directly explaining the low observed data rate.
\boxed{1}"
ID_O6G3HNTLTK_4,"The average scheduled RB count is about 165.7, below the 160-RB threshold needed to sustain high throughput, directly explaining the low observed data rate.
\boxed{1}"
ID_EK6R9WS9YF_1,"Neighbor cell(s) [218] arrive at comparable signal strength to the serving cell but originate from a different, non-colocated site, producing severe overlapping coverage that degrades throughput.
\boxed{7}"
ID_EK6R9WS9YF_2,"Neighbor cell(s) [218] arrive at comparable signal strength to the serving cell but originate from a different, non-colocated site, producing severe overlapping coverage that degrades throughput.
\boxed{7}"
ID_EK6R9WS9YF_3,"Neighbor cell(s) [218] arrive at comparable signal strength to the serving cell but originate from a different, non-colocated site, producing severe overlapping coverage that degrades throughput.
\boxed{7}"
ID_EK6R9WS9YF_4,"Neighbor cell(s) [218] arrive at comparable signal strength to the serving cell but originate from a different, non-colocated site, producing severe overlapping coverage that degrades throughput.
\boxed{7}"
ID_H093S5H7G8_1,"The serving cell (PCI 865) shares PCI mod 30 with neighbor PCI(s) [745], causing reference-signal collision and interference that suppresses throughput.
\boxed{R2}"
ID_H093S5H7G8_2,"The serving cell (PCI 865) shares PCI mod 30 with neighbor PCI(s) [745], causing reference-signal collision and interference that suppresses throughput.
\boxed{R2}"
ID_H093S5H7G8_3,"The serving cell (PCI 865) shares PCI mod 30 with neighbor PCI(s) [745], causing reference-signal collision and interference that suppresses throughput.
\boxed{R2}"
ID_H093S5H7G8_4,"The serving cell (PCI 865) shares PCI mod 30 with neighbor PCI(s) [745], causing reference-signal collision and interference that suppresses throughput.
\boxed{R2}"
ID_1Z10Q797LQ_1,"The serving PCI changes 3 times across this short drive-test window, indicating frequent handovers that interrupt scheduling and degrade sustained throughput.
\boxed{S4}"
ID_1Z10Q797LQ_2,"The serving PCI changes 3 times across this short drive-test window, indicating frequent handovers that interrupt scheduling and degrade sustained throughput.
\boxed{S4}"
ID_1Z10Q797LQ_3,"The serving PCI changes 3 times across this short drive-test window, indicating frequent handovers that interrupt scheduling and degrade sustained throughput.
\boxed{S4}"
ID_1Z10Q797LQ_4,"The serving PCI changes 3 times across this short drive-test window, indicating frequent handovers that interrupt scheduling and degrade sustained throughput.
\boxed{S4}"
ID_EOM7NEJHZ9_1,"The serving cell's total downtilt of about 11.0° is shallow relative to its vertical beamwidth of 6.0°, extending the main beam's reach well beyond the intended ~1km coverage radius, indicating the cell is over-shooting its intended coverage area rather than being properly contained.
\boxed{Z4}"
ID_EOM7NEJHZ9_2,"The serving cell's total downtilt of about 10.0° is shallow relative to its vertical beamwidth of 6.0°, extending the main beam's reach well beyond the intended ~1km coverage radius, indicating the cell is over-shooting its intended coverage area rather than being properly contained.
\boxed{Z4}"
ID_EOM7NEJHZ9_3,"The serving cell's total downtilt of about 10.0° is shallow relative to its vertical beamwidth of 6.0°, extending the main beam's reach well beyond the intended ~1km coverage radius, indicating the cell is over-shooting its intended coverage area rather than being properly contained.
\boxed{Z4}"
ID_EOM7NEJHZ9_4,"The serving cell's total downtilt of about 11.0° is shallow relative to its vertical beamwidth of 6.0°, extending the main beam's reach well beyond the intended ~1km coverage radius, indicating the cell is over-shooting its intended coverage area rather than being properly contained.
\boxed{Z4}"
ID_30TCIAXQ51_1,"The serving cell (PCI 650) shares PCI mod 30 with neighbor PCI(s) [770], causing reference-signal collision and interference that suppresses throughput.
\boxed{1}"
ID_30TCIAXQ51_2,"The serving cell (PCI 650) shares PCI mod 30 with neighbor PCI(s) [770], causing reference-signal collision and interference that suppresses throughput.
\boxed{1}"
ID_30TCIAXQ51_3,"The serving cell (PCI 650) shares PCI mod 30 with neighbor PCI(s) [770], causing reference-signal collision and interference that suppresses throughput.
\boxed{1}"
ID_30TCIAXQ51_4,"The serving cell (PCI 650) shares PCI mod 30 with neighbor PCI(s) [770], causing reference-signal collision and interference that suppresses throughput.
\boxed{1}"
ID_CR7AOE2X0U_1,"The serving cell's total downtilt is about 12.0° against a vertical beamwidth of 6.0° at a mounting height of 13.0m, which narrows the effective coverage radius and pulls the main beam toward the ground close to the site. The serving SS-RSRP averages -85.6 dBm, consistent with weak signal strength due to poor coverage.
\boxed{N1}"
ID_CR7AOE2X0U_2,"The serving cell's total downtilt is about 26.0° against a vertical beamwidth of 6.0° at a mounting height of 9.0m, which narrows the effective coverage radius and pulls the main beam toward the ground close to the site. The serving SS-RSRP averages -85.6 dBm, consistent with weak signal strength due to poor coverage.
\boxed{N1}"
ID_CR7AOE2X0U_3,"The serving cell (PCI 455) shares PCI mod 30 with neighbor PCI(s) [575], causing reference-signal collision and interference that suppresses throughput.
\boxed{N4}"
ID_CR7AOE2X0U_4,"The serving cell's total downtilt is about 26.0° against a vertical beamwidth of 6.0° at a mounting height of 9.0m, which narrows the effective coverage radius and pulls the main beam toward the ground close to the site. The serving SS-RSRP averages -85.5 dBm, consistent with weak signal strength due to poor coverage.
\boxed{N1}"
ID_MSW4CSJ5QE_1,"The average scheduled RB count is about 162.6, below the 160-RB threshold needed to sustain high throughput, directly explaining the low observed data rate.
\boxed{8}"
ID_MSW4CSJ5QE_2,"The average scheduled RB count is about 162.2, below the 160-RB threshold needed to sustain high throughput, directly explaining the low observed data rate.
\boxed{8}"
ID_MSW4CSJ5QE_3,"The average scheduled RB count is about 162.3, below the 160-RB threshold needed to sustain high throughput, directly explaining the low observed data rate.
\boxed{8}"
ID_MSW4CSJ5QE_4,"The average scheduled RB count is about 162.5, below the 160-RB threshold needed to sustain high throughput, directly explaining the low observed data rate.
\boxed{8}"
ID_Y9U02S6KLB_1,"Neighbor cell(s) [433] arrive at comparable signal strength to the serving cell but originate from a different, non-colocated site, producing severe overlapping coverage that degrades throughput.
\boxed{I2}"
ID_Y9U02S6KLB_2,"Neighbor cell(s) [433] arrive at comparable signal strength to the serving cell but originate from a different, non-colocated site, producing severe overlapping coverage that degrades throughput.
\boxed{I2}"
ID_Y9U02S6KLB_3,"Neighbor cell(s) [433] arrive at comparable signal strength to the serving cell but originate from a different, non-colocated site, producing severe overlapping coverage that degrades throughput.
\boxed{I2}"
ID_Y9U02S6KLB_4,"Neighbor cell(s) [433] arrive at comparable signal strength to the serving cell but originate from a different, non-colocated site, producing severe overlapping coverage that degrades throughput.
\boxed{I2}"
ID_LPC1C5VF0Y_1,"The serving cell (PCI 818) shares PCI mod 30 with neighbor PCI(s) [189], causing reference-signal collision and interference that suppresses throughput.
\boxed{D5}"
ID_LPC1C5VF0Y_2,"The serving cell (PCI 818) shares PCI mod 30 with neighbor PCI(s) [189], causing reference-signal collision and interference that suppresses throughput.
\boxed{D5}"
ID_LPC1C5VF0Y_3,"The serving cell (PCI 818) shares PCI mod 30 with neighbor PCI(s) [189], causing reference-signal collision and interference that suppresses throughput.
\boxed{D5}"
ID_LPC1C5VF0Y_4,"The serving cell (PCI 818) shares PCI mod 30 with neighbor PCI(s) [189], causing reference-signal collision and interference that suppresses throughput.
\boxed{D5}"
ID_B8BQ3X2IFV_1,"The serving cell's total downtilt is about 11.0° against a vertical beamwidth of 6.0° at a mounting height of 14.7m, which narrows the effective coverage radius and pulls the main beam toward the ground close to the site. The serving SS-RSRP averages -84.2 dBm, consistent with weak far-end coverage caused by excessive downtilt.
\boxed{4}"
ID_B8BQ3X2IFV_2,"The serving cell's total downtilt is about 11.0° against a vertical beamwidth of 6.0° at a mounting height of 14.7m, which narrows the effective coverage radius and pulls the main beam toward the ground close to the site. The serving SS-RSRP averages -83.9 dBm, consistent with weak far-end coverage caused by excessive downtilt.
\boxed{4}"
ID_B8BQ3X2IFV_3,"The serving cell's total downtilt is about 11.0° against a vertical beamwidth of 6.0° at a mounting height of 14.7m, which narrows the effective coverage radius and pulls the main beam toward the ground close to the site. The serving SS-RSRP averages -84.2 dBm, consistent with weak far-end coverage caused by excessive downtilt.
\boxed{4}"
ID_B8BQ3X2IFV_4,"The serving cell's total downtilt is about 11.0° against a vertical beamwidth of 6.0° at a mounting height of 14.7m, which narrows the effective coverage radius and pulls the main beam toward the ground close to the site. The serving SS-RSRP averages -84.2 dBm, consistent with weak far-end coverage caused by excessive downtilt.
\boxed{4}"
ID_ILXHTB38OZ_1,"The average scheduled RB count is about 151.5, below the 160-RB threshold needed to sustain high throughput, directly explaining the low observed data rate.
\boxed{2}"
ID_ILXHTB38OZ_2,"The average scheduled RB count is about 149.7, below the 160-RB threshold needed to sustain high throughput, directly explaining the low observed data rate.
\boxed{2}"
ID_ILXHTB38OZ_3,"The average scheduled RB count is about 151.6, below the 160-RB threshold needed to sustain high throughput, directly explaining the low observed data rate.
\boxed{2}"
ID_ILXHTB38OZ_4,"The average scheduled RB count is about 149.6, below the 160-RB threshold needed to sustain high throughput, directly explaining the low observed data rate.
\boxed{2}"
ID_N0GKHH67IW_1,"The serving PCI changes 2 times across this short window of data, indicating frequent handovers that interrupt scheduling and degrade sustained throughput.
\boxed{E}"
ID_N0GKHH67IW_2,"The serving PCI changes 2 times across this short window of data, indicating frequent handovers that interrupt scheduling and degrade sustained throughput.
\boxed{E}"
ID_N0GKHH67IW_3,"The serving PCI changes 2 times across this short window of data, indicating frequent handovers that interrupt scheduling and degrade sustained throughput.
\boxed{E}"
ID_N0GKHH67IW_4,"The serving PCI changes 2 times across this short window of data, indicating frequent handovers that interrupt scheduling and degrade sustained throughput.
\boxed{E}"
ID_0CE5ZK04FX_1,"Neighbor cell(s) [818] arrive at comparable signal strength to the serving cell but originate from a different, non-colocated site, producing severe overlapping coverage that degrades throughput.
\boxed{5}"
ID_0CE5ZK04FX_2,"Neighbor cell(s) [818] arrive at comparable signal strength to the serving cell but originate from a different, non-colocated site, producing severe overlapping coverage that degrades throughput.
\boxed{5}"
ID_0CE5ZK04FX_3,"Neighbor cell(s) [818] arrive at comparable signal strength to the serving cell but originate from a different, non-colocated site, producing severe overlapping coverage that degrades throughput.
\boxed{5}"
ID_0CE5ZK04FX_4,"Neighbor cell(s) [818] arrive at comparable signal strength to the serving cell but originate from a different, non-colocated site, producing severe overlapping coverage that degrades throughput.
\boxed{5}"
ID_XT52ORGHSD_1,"The serving cell's total downtilt is about 11.0° against a vertical beamwidth of 6.0° at a mounting height of 14.7m, which narrows the effective coverage radius and pulls the main beam toward the ground close to the site. The serving SS-RSRP averages -80.9 dBm, consistent with weak far-end coverage caused by excessive downtilt.
\boxed{8}"
ID_XT52ORGHSD_2,"The serving cell's total downtilt is about 11.0° against a vertical beamwidth of 6.0° at a mounting height of 14.7m, which narrows the effective coverage radius and pulls the main beam toward the ground close to the site. The serving SS-RSRP averages -81.7 dBm, consistent with weak far-end coverage caused by excessive downtilt.
\boxed{8}"
ID_XT52ORGHSD_3,"The serving cell (PCI 374) shares PCI mod 30 with neighbor PCI(s) [298, 430], causing reference-signal collision and interference that suppresses throughput.
\boxed{7}"
ID_XT52ORGHSD_4,"The serving cell (PCI 374) shares PCI mod 30 with neighbor PCI(s) [430], causing reference-signal collision and interference that suppresses throughput.
\boxed{7}"
ID_QCYCKNERDX_1,"The average scheduled RB count is about 166.6, below the 160-RB threshold needed to sustain high throughput, directly explaining the low observed data rate.
\boxed{5}"
ID_QCYCKNERDX_2,"The average scheduled RB count is about 166.7, below the 160-RB threshold needed to sustain high throughput, directly explaining the low observed data rate.
\boxed{5}"
ID_QCYCKNERDX_3,"The average scheduled RB count is about 167.2, below the 160-RB threshold needed to sustain high throughput, directly explaining the low observed data rate.
\boxed{5}"
ID_QCYCKNERDX_4,"The average scheduled RB count is about 166.9, below the 160-RB threshold needed to sustain high throughput, directly explaining the low observed data rate.
\boxed{5}"
ID_YC8T9VC05Z_1,"Neighbor cell(s) [405] arrive at comparable signal strength to the serving cell but originate from a different, non-colocated site, producing severe overlapping coverage that degrades throughput.
\boxed{6}"
ID_YC8T9VC05Z_2,"Neighbor cell(s) [405] arrive at comparable signal strength to the serving cell but originate from a different, non-colocated site, producing severe overlapping coverage that degrades throughput.
\boxed{6}"
ID_YC8T9VC05Z_3,"Neighbor cell(s) [405] arrive at comparable signal strength to the serving cell but originate from a different, non-colocated site, producing severe overlapping coverage that degrades throughput.
\boxed{6}"
ID_YC8T9VC05Z_4,"Neighbor cell(s) [405] arrive at comparable signal strength to the serving cell but originate from a different, non-colocated site, producing severe overlapping coverage that degrades throughput.
\boxed{6}"
ID_4BWFB93GT3_1,"The serving cell's total downtilt of about 11.0° is shallow relative to its vertical beamwidth of 6.0°, which pulls the main beam toward the ground close to the site. This causes strong reference-signal collision with adjacent cells near the site boundary, interfering with valid channel estimation and leading to poor throughput.
\boxed{2}"
ID_4BWFB93GT3_2,"The serving cell's total downtilt of about 11.0° is shallow relative to its vertical beamwidth of 6.0°, which pulls the main beam toward the ground close to the site. This causes strong reference-signal collision with adjacent cells near the site's location, producing severe overlapping coverage that degrades throughput.
\boxed{3}"
ID_4BWFB93GT3_3,"The serving cell's total downtilt of about 11.0° is shallow relative to its vertical beamwidth of 6.0°, which pulls the main beam toward the ground close to the site. This causes strong reference-signal collision with adjacent cells near the site boundary, interfering with proper separation of channels and reducing signal strength elsewhere.
\boxed{2}"
ID_4BWFB93GT3_4,"The serving cell's total downtilt of about 11.0° is shallow relative to its vertical beamwidth of 6.0°, which narrows the effective coverage radius and pulls the main beam toward the ground close to the site. This pulls the main signal toward the ground close to the site, toward neighbor cell(s) rather than pointing them towards the mobile device, causing weak far-end coverage.
\boxed{1}"
ID_FE49X6DCHI_1,"Neighbor cell(s) [454] arrive at comparable signal strength to the serving cell but originate from a different, non-colocated site, producing severe overlapping coverage that degrades throughput.
\boxed{X2}"
ID_FE49X6DCHI_2,"Neighbor cell(s) [454] arrive at comparable signal strength to the serving cell but originate from a different, non-colocated site, producing severe overlapping coverage that degrades throughput.
\boxed{X2}"
ID_FE49X6DCHI_3,"The serving cell's total downtilt is about 15.0° against a vertical beamwidth of 6.0° at a mounting height of 30.1m, which narrows the effective coverage radius and pulls the main beam toward the ground close to the site. This pulls the main signal toward the ground close to the site, shading off neighbors that would otherwise occupy this land region.
\boxed{X4}"
ID_FE49X6DCHI_4,"Neighbor cell(s) [454] arrive at comparable signal strength to the serving cell but originate from a different, non-colocated site, producing severe overlapping coverage that degrades throughput.
\boxed{X2}"
ID_N1B78FX0ON_1,"The average scheduled RB count is about 159.2, below the 160-RB threshold needed to sustain high throughput, directly explaining the low observed data rate.
\boxed{Z2}"
ID_N1B78FX0ON_2,"The average scheduled RB count is about 159.2, below the 160-RB threshold needed to sustain high throughput, directly explaining the low observed data rate.
\boxed{Z2}"
ID_N1B78FX0ON_3,"The average scheduled RB count is about 159.3, below the 160-RB threshold needed to sustain high throughput, directly explaining the low observed data rate.
\boxed{Z2}"
ID_N1B78FX0ON_4,"The average scheduled RB count is about 159.2, below the 160-RB threshold needed to sustain high throughput, directly explaining the low observed data rate.
\boxed{Z2}"
ID_FGNP4CYNF6_1,"The serving PCI changes 3 times across this short window of data, indicating frequent handovers that interrupt scheduling and degrade sustained throughput.
\boxed{H}"
ID_FGNP4CYNF6_2,"The serving PCI changes 3 times across this short window of data, indicating frequent handovers that interrupt scheduling and degrade sustained throughput.
\boxed{H}"
ID_FGNP4CYNF6_3,"The serving PCI changes 3 times across this short window of data, indicating frequent handovers that interrupt scheduling and degrade sustained throughput.
\boxed{H}"
ID_FGNP4CYNF6_4,"The serving PCI changes 3 times across this short window of data, indicating frequent handovers that interrupt scheduling and degrade sustained throughput.
\boxed{H}"
ID_7CTAC7KB71_1,"The average scheduled RB count is about 158.0, below the 160-RB threshold needed to sustain high throughput, directly explaining the low observed data rate.
\boxed{4}"
ID_7CTAC7KB71_2,"The average scheduled RB count is about 157.7, below the 160-RB threshold needed to sustain high throughput, directly explaining the low observed data rate.
\boxed{4}"
ID_7CTAC7KB71_3,"The average scheduled RB count is about 157.7, below the 160-RB threshold needed to sustain high throughput, directly explaining the low observed data rate.
\boxed{4}"
ID_7CTAC7KB71_4,"The average scheduled RB count is about 157.7, below the 160-RB threshold needed to sustain high throughput, directly explaining the low observed data rate.
\boxed{4}"
ID_JK5798OUD2_1,"The serving cell's total RSRP drops below -82.1 dBm, indicating severe weak coverage caused by excessive interference or weak signal strength.
\boxed{E}"
ID_JK5798OUD2_2,"The serving cell's total RSRP drops below -83.4 dBm, indicating severe weak coverage caused by excessive interference or weak signal strength.
\boxed{E}"
ID_JK5798OUD2_3,"Neighbor cell(s) [985] arrive at comparable signal strength to the serving cell but originate from a different, non-similar network, producing severe overlapping coverage that degrades throughput.
\boxed{B}"
ID_JK5798OUD2_4,"The serving cell's total RSRP drops below -82.1 dBm, indicating severe weak coverage caused by excessive noise or obstruction.
\boxed{E}"
ID_G0I4D3F46K_1,"The average scheduled RB count is about 154.4, below the 160-RB threshold needed to sustain high throughput, directly explaining the low observed data rate.
\boxed{S4}"
ID_G0I4D3F46K_2,"The average scheduled RB count is about 154.0, below the 160-RB threshold needed to sustain high throughput, directly explaining the low observed data rate.
\boxed{S4}"
ID_G0I4D3F46K_3,"The average scheduled RB count is about 148.7, below the 160-RB threshold needed to sustain high throughput, directly explaining the low observed data rate.
\boxed{S4}"
ID_G0I4D3F46K_4,"The average scheduled RB count is about 148.4, below the 160-RB threshold needed to sustain high throughput, directly explaining the low observed data rate.
\boxed{S4}"
ID_PVQZJ3ALJR_1,"The serving cell's total downtilt of about 11.0° is shallow relative to its vertical beamwidth of 6.0°, extending the main beam's reach well beyond the intended ~1km coverage radius, indicating the cell is over-shooting its intended coverage area rather than being properly contained.
\boxed{V2}"
ID_PVQZJ3ALJR_2,"The serving cell's total downtilt of about 11.0° is shallow relative to its vertical beamwidth of 6.0°, extending the main beam's reach well beyond the intended ~1km coverage radius, indicating the cell is over-shooting its intended coverage area rather than being properly contained.
\boxed{V2}"
ID_PVQZJ3ALJR_3,"The serving cell's total downtilt of about 11.0° is shallow relative to its vertical beamwidth of 6.0°, extending the main beam's reach well beyond the intended ~1km coverage radius, indicating the cell is over-shooting its intended coverage area rather than being properly contained.
\boxed{V2}"
ID_PVQZJ3ALJR_4,"The serving cell's total downtilt of about 11.0° is shallow relative to its vertical beamwidth of 6.0°, extending the main beam's reach well beyond the intended ~1km coverage radius, indicating the cell is over-shooting its intended coverage area rather than being properly contained.
\boxed{V2}"
ID_BVLC76L2B9_1,"The serving PCI changes 3 times across this short drive-test window, indicating frequent handovers that interrupt scheduling and degrade sustained throughput.
\boxed{J1}"
ID_BVLC76L2B9_2,"The serving PCI changes 3 times across this short drive-test window, indicating frequent handovers that interrupt scheduling and degrade sustained throughput.
\boxed{J1}"
ID_BVLC76L2B9_3,"The serving PCI changes 3 times across this short drive-test window, indicating frequent handovers that interrupt scheduling and degrade sustained throughput.
\boxed{J1}"
ID_BVLC76L2B9_4,"The serving PCI changes 3 times across this short drive-test window, indicating frequent handovers that interrupt scheduling and degrade sustained throughput.
\boxed{J1}"
ID_QRS0YHTGYH_1,"The serving cell's total downtilt of about 11.0° is shallow relative to its vertical beamwidth of 6.0°, which narrows the effective coverage radius and pulls the main beam toward the ground close to the site. This causes strong interference with nearby neighbors and suppresses signal strength across the entire deployed area, including this specific test section.
\boxed{I3}"
ID_QRS0YHTGYH_2,"The serving cell's total downtilt of about 11.0° is shallow relative to its vertical beamwidth of 6.0°, which narrows the effective coverage radius and pulls the main beam toward the ground close to the site. This causes strong interference with nearby neighbors and suppresses signal strength across the entire deployed area, including this specific test section.
\boxed{I3}"
ID_QRS0YHTGYH_3,"The serving cell's total downtilt of about 11.0° is shallow relative to its vertical beamwidth of 6.0°, which narrows the effective coverage radius and pulls the main beam toward the ground close to the site. The serving SS-RSRP averages -79.9 dBm, consistent with weak far-end coverage caused by excessive downtilt.
\boxed{I3}"
ID_QRS0YHTGYH_4,"The serving cell's total downtilt of about 11.0° is shallow relative to its vertical beamwidth of 6.0°, which narrows the effective coverage radius and pulls the main beam toward the ground close to the site. The serving SS-RSRP averages -79.9 dBm, consistent with weak far-end coverage caused by excessive downtilt.
\boxed{I3}"
ID_190A4I7T82_1,"Neighbor cell(s) [405] arrive at comparable signal strength to the serving cell but originate from a different, non-colocated site, producing severe overlapping coverage that degrades throughput.
\boxed{2}"
ID_190A4I7T82_2,"Neighbor cell(s) [405] arrive at comparable signal strength to the serving cell but originate from a different, non-colocated site, producing severe overlapping coverage that degrades throughput.
\boxed{2}"
ID_190A4I7T82_3,"Neighbor cell(s) [405] arrive at comparable signal strength to the serving cell but originate from a different, non-colocated site, producing severe overlapping coverage that degrades throughput.
\boxed{2}"
ID_190A4I7T82_4,"Neighbor cell(s) [405] arrive at comparable signal strength to the serving cell but originate from a different, non-colocated site, producing severe overlapping coverage that degrades throughput.
\boxed{2}"
ID_QAOVSNKZH7_1,"The serving cell's total downtilt of about 10.0° is shallow relative to its vertical beamwidth of 6.0°, extending the main beam's reach well beyond the intended ~1km coverage radius, indicating the cell is over-shooting its intended coverage area rather than being properly contained.
\boxed{1}"
ID_QAOVSNKZH7_2,"The serving cell's total downtilt of about 10.0° is shallow relative to its vertical beamwidth of 6.0°, extending the main beam's reach well beyond the intended ~1km coverage radius, indicating the cell is over-shooting its intended coverage area rather than being properly contained.
\boxed{1}"
ID_QAOVSNKZH7_3,"The serving cell's total downtilt of about 10.0° is shallow relative to its vertical beamwidth of 6.0°, extending the main beam's reach well beyond the intended ~1km coverage radius, indicating the cell is over-shooting its intended coverage area rather than being properly contained.
\boxed{1}"
ID_QAOVSNKZH7_4,"The serving cell's total downtilt of about 10.0° is shallow relative to its vertical beamwidth of 6.0°, extending the main beam's reach well beyond the intended ~1km coverage radius, indicating the cell is over-shooting its intended coverage area rather than being properly contained.
\boxed{1}"
ID_MDT9JQSKO5_1,"The serving cell's total downtilt is about 15.0° against a vertical beamwidth of 6.0° at a mounting height of 35.0m, which narrows the effective coverage radius and pulls the main beam toward the ground close to the site. The serving SS-RSRP averages -79.1 dBm, consistent with weak far-end coverage caused by excessive downtilt.
\boxed{L4}"
ID_MDT9JQSKO5_2,"The serving cell's total downtilt is about 15.0° against a vertical beamwidth of 6.0° at a mounting height of 35.0m, which narrows the effective coverage radius and pulls the main beam toward the ground close to the site. The serving SS-RSRP averages -79.1 dBm, consistent with weak far-end coverage caused by excessive downtilt.
\boxed{L4}"
ID_MDT9JQSKO5_3,"The serving cell's total downtilt is about 15.0° against a vertical beamwidth of 6.0° at a mounting height of 35.0m, which narrows the effective coverage radius and pulls the main beam toward the ground close to the site. The serving SS-RSRP averages -79.4 dBm, consistent with weak far-end coverage caused by excessive downtilt.
\boxed{L4}"
ID_MDT9JQSKO5_4,"The serving cell's total downtilt is about 15.0° against a vertical beamwidth of 6.0° at a mounting height of 35.0m, which narrows the effective coverage radius and pulls the main beam toward the ground close to the site. The serving SS-RSRP averages -79.1 dBm, consistent with weak far-end coverage caused by excessive downtilt.
\boxed{L4}"
ID_05367F959W_1,"The serving cell's total downtilt is about 25.0° against a vertical beamwidth of 6.0° at a mounting height of 88.0m, which narrows the effective coverage radius and pulls the main beam toward the ground close to the site. The serving SS-RSRP averages -77.4 dBm, consistent with weak far-end coverage caused by excessive downtilt.
\boxed{3}"
ID_05367F959W_2,"Neighbor cell(s) [433] arrive at comparable signal strength to the serving cell but originate from a different, non-colocated site, producing severe overlapping coverage that degrades throughput.
\boxed{1}"
ID_05367F959W_3,"The serving cell's total downtilt is about 26.0° against a vertical beamwidth of 12.0° at a mounting height of 63.5m, which narrows the effective coverage radius and pulls the main beam toward the ground close to the site. The serving SS-RSRP averages -77.4 dBm, consistent with weak far-end coverage caused by excessive downtilt.
\boxed{3}"
ID_05367F959W_4,"The serving cell's total downtilt is about 26.0° against a vertical beamwidth of 12.0° at a mounting height of 63.5m, which narrows the effective coverage radius and pulls the main beam toward the ground close to the site. The serving SS-RSRP averages -77.4 dBm, consistent with weak far-end coverage caused by excessive downtilt.
\boxed{3}"
ID_P7MQ9LXNCT_1,"Neighbor cell(s) [36] arrive at comparable signal strength to the serving cell but originate from a different, non-colocated site, producing severe overlapping coverage that degrades throughput.
\boxed{7}"
ID_P7MQ9LXNCT_2,"Neighbor cell(s) [36] arrive at comparable signal strength to the serving cell but originate from a different, non-colocated site, producing severe overlapping coverage that degrades throughput.
\boxed{7}"
ID_P7MQ9LXNCT_3,"Neighbor cell(s) [36] arrive at comparable signal strength to the serving cell but originate from a different, non-colocated site, producing severe overlapping coverage that degrades throughput.
\boxed{7}"
ID_P7MQ9LXNCT_4,"Neighbor cell(s) [36] arrive at comparable signal strength to the serving cell but originate from a different, non-colocated site, producing severe overlapping coverage that degrades throughput.
\boxed{7}"
ID_QMGUYRUT7X_1,"The serving cell's total downtilt is about 26.0° against a vertical beamwidth of 6.0° at a mounting height of 30.1m, which narrows the effective coverage radius and pulls the main signal toward the ground close to the site. The serving SS-RSRP averages -88.4 dBm, consistent with weak far-end coverage caused by excessive downtilt.
\boxed{3}"
ID_QMGUYRUT7X_2,"The serving cell's total downtilt is about 26.0° against a vertical beamwidth of 6.0° at a mounting height of 30.1m, which narrows the effective coverage radius and pulls the main beam toward the ground close to the site. The serving SS-RSRP averages -87.9 dBm, consistent with weak far-end coverage caused by excessive downtilt.
\boxed{3}"
ID_QMGUYRUT7X_3,"The serving cell's total downtilt is about 26.0° against a vertical beamwidth of 6.0° at a mounting height of 41.0m, which narrows the effective coverage radius and pulls the main signal toward the ground close to the site. The serving SS-RSRP averages -88.1 dBm, consistent with weak far-end coverage caused by excessive downtilt.
\boxed{3}"
ID_QMGUYRUT7X_4,"The serving cell's total downtilt is about 26.0° against a vertical beamwidth of 6.0° at a mounting height of 41.0m, which narrows the effective coverage radius and pulls the main beam toward the ground close to the site. The serving SS-RSRP averages -87.9 dBm, consistent with weak far-end coverage caused by excessive downtilt.
\boxed{3}"
ID_0TFSX0MXEH_1,"The serving cell (PCI 430) shares PCI mod 30 with neighbor PCI(s) [550], causing reference-signal collision and interference that suppresses throughput.
\boxed{O4}"
ID_0TFSX0MXEH_2,"The serving cell's total downtilt is about 15.0° against a vertical beamwidth of 6.0° at a mounting height of 14.7m, which narrows the effective coverage radius and pulls the main beam toward the ground close to the site. The serving SS-RSRP averages -79.9 dBm, consistent with weak far-end coverage caused by excessive downtilt.
\boxed{O2}"
ID_0TFSX0MXEH_3,"The serving cell's total downtilt is about 15.0° against a vertical beamwidth of 6.0° at a mounting height of 14.7m, which narrows the effective coverage radius and pulls the main beam toward the ground close to the site. The serving SS-RSRP averages -79.7 dBm, consistent with weak far-end coverage caused by excessive downtilt.
\boxed{O2}"
ID_0TFSX0MXEH_4,"The serving cell's total downtilt is about 15.0° against a vertical beamwidth of 6.0° at a mounting height of 14.7m, which narrows the effective coverage radius and pulls the main beam toward the ground close to the site. The serving SS-RSRP averages -79.9 dBm, consistent with weak far-end coverage caused by excessive downtilt.
\boxed{O2}"
ID_SZDIH8EQBL_1,"The serving cell (PCI 525) shares PCI mod 30 with neighbor PCI(s) [405], causing reference-signal collision and interference that suppresses throughput.
\boxed{8}"
ID_SZDIH8EQBL_2,"The serving cell (PCI 525) shares PCI mod 30 with neighbor PCI(s) [405], causing reference-signal collision and interference that suppresses throughput.
\boxed{8}"
ID_SZDIH8EQBL_3,"The serving cell (PCI 525) shares PCI mod 30 with neighbor PCI(s) [405], causing reference-signal collision and interference that suppresses throughput.
\boxed{8}"
ID_SZDIH8EQBL_4,"The serving cell (PCI 525) shares PCI mod 30 with neighbor PCI(s) [405], causing reference-signal collision and interference that suppresses throughput.
\boxed{8}"
ID_7PFGLU9DF7_1,"Neighbor cell(s) [298] arrive at comparable signal strength to the serving cell but originate from a different, non-colocated site, producing severe overlapping coverage that degrades throughput.
\boxed{6}"
ID_7PFGLU9DF7_2,"Neighbor cell(s) [298] arrive at comparable signal strength to the serving cell but originate from a different, non-colocated site, producing severe overlapping coverage that degrades throughput.
\boxed{6}"
ID_7PFGLU9DF7_3,"Neighbor cell(s) [298] arrive at comparable signal strength to the serving cell but originate from a different, non-colocated site, producing severe overlapping coverage that degrades throughput.
\boxed{6}"
ID_7PFGLU9DF7_4,"Neighbor cell(s) [298] arrive at comparable signal strength to the serving cell but originate from a different, non-colocated site, producing severe overlapping coverage that degrades throughput.
\boxed{6}"
ID_6KN0U4O766_1,"The serving PCI changes 3 times across this short window of data, indicating frequent handovers that interrupt scheduling and degrade sustained throughput.
\boxed{E}"
ID_6KN0U4O766_2,"The serving PCI changes 3 times across this short window of data, indicating frequent handovers that interrupt scheduling and degrade sustained throughput.
\boxed{E}"
ID_6KN0U4O766_3,"The serving PCI changes 3 times across this short window of data, indicating frequent handovers that interrupt scheduling and degrade sustained throughput.
\boxed{E}"
ID_6KN0U4O766_4,"The serving PCI changes 3 times across this short window of data, indicating frequent handovers that interrupt scheduling and degrade sustained throughput.
\boxed{E}"
ID_A3E4MDY73M_1,"The serving cell's total downtilt of about 11.0° is shallow relative to its vertical beamwidth of 6.0°, which narrows the effective coverage radius and pulls the main beam toward the ground close to the site. This pulls the main signal toward the ground close to the site, shading off weaker signals far from the site, particularly damaging weak neighbors far from the site.
\boxed{I1}"
ID_A3E4MDY73M_2,"The serving cell's total downtilt of about 11.0° is shallow relative to its vertical beamwidth of 6.0°, extending the main beam's reach well beyond the intended ~1km coverage radius, indicating the cell is over-shooting its intended coverage area rather than being properly contained.
\boxed{I2}"
ID_A3E4MDY73M_3,"The serving cell's total downtilt of about 11.0° is shallow relative to its vertical beamwidth of 6.0°, which narrows the effective coverage radius and pulls the main beam toward the ground close to the site. This pulls the main signal toward the ground close to the site, shading off neighbors that would otherwise occupy this terrain location.
\boxed{I1}"
ID_A3E4MDY73M_4,"The serving cell's total downtilt of about 11.0° is shallow relative to its vertical beamwidth of 6.0°, which narrows the effective coverage radius and pulls the main beam toward the ground close to the site. This pulls the main signal toward the ground close to the site, shading off weaker signals compared to stronger ones, particularly from neighboring cells.
\boxed{I1}"
ID_IVX3ZOKN9H_1,"The serving cell (PCI 433) shares PCI mod 30 with neighbor PCI(s) [650], causing reference-signal collision and interference that suppresses throughput.
\boxed{B2}"
ID_IVX3ZOKN9H_2,"The serving cell (PCI 433) shares PCI mod 30 with neighbor PCI(s) [650], causing reference-signal collision and interference that suppresses throughput.
\boxed{B2}"
ID_IVX3ZOKN9H_3,"The serving cell (PCI 433) shares PCI mod 30 with neighbor PCI(s) [650], causing reference-signal collision and interference that suppresses throughput.
\boxed{B2}"
ID_IVX3ZOKN9H_4,"The serving cell (PCI 433) shares PCI mod 30 with neighbor PCI(s) [650], causing reference-signal collision and interference that suppresses throughput.
\boxed{B2}"
ID_YN5O1ROGNN_1,"Neighbor cell(s) [189] arrive at comparable signal strength to the serving cell but originate from a different, non-colocated site, producing severe overlapping coverage that degrades throughput.
\boxed{7}"
ID_YN5O1ROGNN_2,"Neighbor cell(s) [189] arrive at comparable signal strength to the serving cell but originate from a different, non-colocated site, producing severe overlapping coverage that degrades throughput.
\boxed{7}"
ID_YN5O1ROGNN_3,"Neighbor cell(s) [189] arrive at comparable signal strength to the serving cell but originate from a different, non-colocated site, producing severe overlapping coverage that degrades throughput.
\boxed{7}"
ID_YN5O1ROGNN_4,"Neighbor cell(s) [189] arrive at comparable signal strength to the serving cell but originate from a different, non-colocated site, producing severe overlapping coverage that degrades throughput.
\boxed{7}"
ID_HXQ5HCX7GV_1,"The serving cell's total downtilt is about 10.0° against a vertical beamwidth of 6.0° at a mounting height of 9.0m, which narrows the effective coverage radius and pulls the main beam toward the ground close to the site. The serving SS-RSRP averages -82.4 dBm, consistent with weak far-end coverage caused by excessive downtilt.
\boxed{6}"
ID_HXQ5HCX7GV_2,"The serving cell's total downtilt is about 10.0° against a vertical beamwidth of 6.0° at a mounting height of 9.0m, which narrows the effective coverage radius and pulls the main beam toward the ground close to the site. The serving SS-RSRP averages -82.1 dBm, consistent with weak far-end coverage caused by excessive downtilt.
\boxed{6}"
ID_HXQ5HCX7GV_3,"The serving cell's total downtilt is about 10.0° against a vertical beamwidth of 6.0° at a mounting height of 9.0m, which narrows the effective coverage radius and pulls the main beam toward the ground close to the site. The serving SS-RSRP averages -82.2 dBm, consistent with weak far-end coverage caused by excessive downtilt.
\boxed{6}"
ID_HXQ5HCX7GV_4,"The serving cell's total downtilt is about 10.0° against a vertical beamwidth of 6.0° at a mounting height of 9.0m, which narrows the effective coverage radius and pulls the main beam toward the ground close to the site. The serving SS-RSRP averages -82.2 dBm, consistent with weak far-end coverage caused by excessive downtilt.
\boxed{6}"
ID_VJLU39W8LH_1,"Neighbor cell(s) [433] arrive at comparable signal strength to the serving cell but originate from a different, non-colocated site, producing severe overlapping coverage that degrades throughput.
\boxed{6}"
ID_VJLU39W8LH_2,"Neighbor cell(s) [433] arrive at comparable signal strength to the serving cell but originate from a different, non-colocated site, producing severe overlapping coverage that degrades throughput.
\boxed{6}"
ID_VJLU39W8LH_3,"Neighbor cell(s) [433] arrive at comparable signal strength to the serving cell but originate from a different, non-colocated site, producing severe overlapping coverage that degrades throughput.
\boxed{6}"
ID_VJLU39W8LH_4,"Neighbor cell(s) [433] arrive at comparable signal strength to the serving cell but originate from a different, non-colocated site, producing severe overlapping coverage that degrades throughput.
\boxed{6}"
ID_1ZTBO4HR39_1,"The average scheduled RB count is about 155.4, below the 160-RB threshold needed to sustain high throughput, directly explaining the low observed data rate.
\boxed{1}"
ID_1ZTBO4HR39_2,"The average scheduled RB count is about 156.6, below the 160-RB threshold needed to sustain high throughput, directly explaining the low observed data rate.
\boxed{1}"
ID_1ZTBO4HR39_3,"The average scheduled RB count is about 157.7, below the 160-RB threshold needed to sustain high throughput, directly explaining the low observed data rate.
\boxed{1}"
ID_1ZTBO4HR39_4,"The average scheduled RB count is about 155.8, below the 160-RB threshold needed to sustain high throughput, directly explaining the low observed data rate.
\boxed{1}"
ID_LTSWI21HNY_1,"The serving PCI changes 3 times across this short drive-test window, indicating frequent handovers that interrupt scheduling and degrade sustained throughput.
\boxed{8}"
ID_LTSWI21HNY_2,"The serving PCI changes 3 times across this short drive-test window, indicating frequent handovers that interrupt scheduling and degrade sustained throughput.
\boxed{8}"
ID_LTSWI21HNY_3,"The serving PCI changes 3 times across this short drive-test window, indicating frequent handovers that interrupt scheduling and degrade sustained throughput.
\boxed{8}"
ID_LTSWI21HNY_4,"The serving PCI changes 3 times across this short drive-test window, indicating frequent handovers that interrupt scheduling and degrade sustained throughput.
\boxed{8}"
ID_7YJV90RLSI_1,"The serving cell (PCI 770) shares PCI mod 30 with neighbor PCI(s) [650], causing reference-signal collision and interference that suppresses throughput.
\boxed{Y2}"
ID_7YJV90RLSI_2,"The serving cell (PCI 770) shares PCI mod 30 with neighbor PCI(s) [433, 650], causing reference-signal collision and interference that suppresses throughput.
\boxed{Y2}"
ID_7YJV90RLSI_3,"The serving cell (PCI 770) shares PCI mod 30 with neighbor PCI(s) [650], causing reference-signal collision and interference that suppresses throughput.
\boxed{Y2}"
ID_7YJV90RLSI_4,"The serving cell (PCI 770) shares PCI mod 30 with neighbor PCI(s) [650], causing reference-signal collision and interference that suppresses throughput.
\boxed{Y2}"
ID_SJ5A7TYXFB_1,"The serving PCI changes 3 times across this short window of data, indicating frequent handovers that interrupt scheduling and degrade sustained throughput.
\boxed{A}"
ID_SJ5A7TYXFB_2,"The serving PCI changes 3 times across this short window of data, indicating frequent handovers that interrupt scheduling and degrade sustained throughput.
\boxed{A}"
ID_SJ5A7TYXFB_3,"The serving PCI changes 3 times across this short window of data, indicating frequent handovers that interrupt scheduling and degrade sustained throughput.
\boxed{A}"
ID_SJ5A7TYXFB_4,"The serving PCI changes 3 times across this short window of data, indicating frequent handovers that interrupt scheduling and degrade sustained throughput.
\boxed{A}"
ID_O8224CT78L_1,"The average scheduled RB count is about 163.2, below the 160-RB threshold needed to sustain high throughput, directly explaining the low observed data rate.
\boxed{6}"
ID_O8224CT78L_2,"The average scheduled RB count is about 163.1, below the 160-RB threshold needed to sustain high throughput, directly explaining the low observed data rate.
\boxed{6}"
ID_O8224CT78L_3,"The average scheduled RB count is about 163.1, below the 160-RB threshold needed to sustain high throughput, directly explaining the low observed data rate.
\boxed{6}"
ID_O8224CT78L_4,"The average scheduled RB count is about 162.5, below the 160-RB threshold needed to sustain high throughput, directly explaining the low observed data rate.
\boxed{6}"
ID_XIZRCRA177_1,"The average scheduled RB count is about 158.4, below the 160-RB threshold needed to sustain high throughput, directly explaining the low observed data rate.
\boxed{O5}"
ID_XIZRCRA177_2,"The serving cell (PCI 501) shares PCI mod 30 with neighbor PCI(s) [133], causing reference-signal collision and interference that suppresses throughput.
\boxed{O7}"
ID_XIZRCRA177_3,"Neighbor cell(s) [133] arrive at comparable signal strength to the serving cell but originate from a different, non-colocated site, producing severe overlapping coverage that degrades throughput.
\boxed{O4}"
ID_XIZRCRA177_4,"The average scheduled RB count is about 159.7, below the 160-RB threshold needed to sustain high throughput, directly explaining the low observed data rate.
\boxed{O5}"
ID_EOS9VYTW06_1,"The serving cell's total downtilt of about 14.0° is shallow relative to its vertical beamwidth of 6.0°, extending the main beam's reach well beyond the intended ~1km coverage radius, indicating the cell is over-shooting its intended coverage area rather than being properly contained.
\boxed{5}"
ID_EOS9VYTW06_2,"The serving cell's total downtilt of about 14.0° is shallow relative to its vertical beamwidth of 6.0°, extending the main beam's reach well beyond the intended ~1km coverage radius, indicating the cell is over-shooting its intended coverage area rather than being properly contained.
\boxed{5}"
ID_EOS9VYTW06_3,"The serving cell's total downtilt is about 25.0° against a vertical beamwidth of 12.0° at a mounting height of 35.0m, which narrows the effective coverage radius and pulls the main beam toward the ground close to the site. The serving SS-RSRP averages -70.7 dBm, consistent with weak far-end coverage caused by excessive downtilt.
\boxed{8}"
ID_EOS9VYTW06_4,"The serving cell's total downtilt of about 14.0° is shallow relative to its vertical beamwidth of 6.0°, extending the main beam's reach well beyond the intended ~1km coverage radius, indicating the cell is over-shooting its intended coverage area rather than being properly contained.
\boxed{5}"
ID_0T3Y4AHNX8_1,"The average scheduled RB count is about 165.0, below the 160-RB threshold needed to sustain high throughput, directly explaining the low observed data rate.
\boxed{3}"
ID_0T3Y4AHNX8_2,"The average scheduled RB count is about 165.0, below the 160-RB threshold needed to sustain high throughput, directly explaining the low observed data rate.
\boxed{3}"
ID_0T3Y4AHNX8_3,"The average scheduled RB count is about 165.0, below the 160-RB threshold needed to sustain high throughput, directly explaining the low observed data rate.
\boxed{3}"
ID_0T3Y4AHNX8_4,"The average scheduled RB count is about 165.1, below the 160-RB threshold needed to sustain high throughput, directly explaining the low observed data rate.
\boxed{3}"
ID_A0GQEZ3QAJ_1,"Neighbor cell(s) [240] arrive at comparable signal strength to the serving cell but originate from a different, non-colocated site, producing severe overlapping coverage that degrades throughput.
\boxed{J3}"
ID_A0GQEZ3QAJ_2,"Neighbor cell(s) [240] arrive at comparable signal strength to the serving cell but originate from a different, non-colocated site, producing severe overlapping coverage that degrades throughput.
\boxed{J3}"
ID_A0GQEZ3QAJ_3,"Neighbor cell(s) [240] arrive at comparable signal strength to the serving cell but originate from a different, non-colocated site, producing severe overlapping coverage that degrades throughput.
\boxed{J3}"
ID_A0GQEZ3QAJ_4,"The serving cell (PCI 501) shares PCI mod 30 with neighbor PCI(s) [621], causing reference-signal collision and interference that suppresses throughput.
\boxed{J6}"
ID_4YIADNCLU5_1,"Neighbor cell(s) [990] arrive at comparable signal strength to the serving cell but originate from a different, non-colocated site, producing severe overlapping coverage that degrades throughput.
\boxed{Z8}"
ID_4YIADNCLU5_2,"Neighbor cell(s) [990] arrive at comparable signal strength to the serving cell but originate from a different, non-colocated site, producing severe overlapping coverage that degrades throughput.
\boxed{Z8}"
ID_4YIADNCLU5_3,"Neighbor cell(s) [990] arrive at comparable signal strength to the serving cell but originate from a different, non-colocated site, producing severe overlapping coverage that degrades throughput.
\boxed{Z8}"
ID_4YIADNCLU5_4,"Neighbor cell(s) [990] arrive at comparable signal strength to the serving cell but originate from a different, non-colocated site, producing severe overlapping coverage that degrades throughput.
\boxed{Z8}"
ID_15DEIVFGYY_1,"The serving cell's total downtilt of about 10.0° is shallow relative to its vertical beamwidth of 6.0°, extending the main beam's reach well beyond the intended ~1km coverage radius, indicating the cell is over-shooting its intended coverage area rather than being properly contained.
\boxed{2}"
ID_15DEIVFGYY_2,"The serving cell's total downtilt of about 12.0° is shallow relative to its vertical beamwidth of 12.0°, extending the main beam's reach well beyond the intended ~1km coverage radius, indicating the cell is over-shooting its intended coverage area rather than being properly contained.
\boxed{2}"
ID_15DEIVFGYY_3,"The serving cell's total downtilt of about 12.0° is shallow relative to its vertical beamwidth of 12.0°, extending the main beam's reach well beyond the intended ~1km coverage radius, indicating the cell is over-shooting its intended coverage area rather than being properly contained.
\boxed{2}"
ID_15DEIVFGYY_4,"The serving cell's total downtilt of about 12.0° is shallow relative to its vertical beamwidth of 12.0°, extending the main beam's reach well beyond the intended ~1km coverage radius, indicating the cell is over-shooting its intended coverage area rather than being properly contained.
\boxed{2}"
ID_G5CT2D1AFT_1,"Neighbor cell(s) [937] arrive at comparable signal strength to the serving cell but originate from a different, non-adjacent cell site, producing severe interference that suppresses throughput.
\boxed{C}"
ID_G5CT2D1AFT_2,"The serving RSRP averages -90.3 dBm and declines to -85.2 dBm across this short window, indicating consistent weak signal strength against varying noise.
\boxed{D}"
ID_G5CT2D1AFT_3,"The serving cell's total throughput is about 110.6 Mbps against a peak capacity of 162.9 Mbps, indicating severe congestion.
\boxed{A}"
ID_G5CT2D1AFT_4,"Neighbor cell(s) [937] arrive at comparable signal strength to the serving cell but originate from a different, non-adjacent cell block, producing severe overlapping coverage that degrades throughput.
\boxed{E}"
ID_UFV4JW13Q8_1,"The average scheduled RB count is about 156.9, below the 160-RB threshold needed to sustain high throughput, directly explaining the low observed data rate.
\boxed{5}"
ID_UFV4JW13Q8_2,"The average scheduled RB count is about 156.8, below the 160-RB threshold needed to sustain high throughput, directly explaining the low observed data rate.
\boxed{5}"
ID_UFV4JW13Q8_3,"The average scheduled RB count is about 156.6, below the 160-RB threshold needed to sustain high throughput, directly explaining the low observed data rate.
\boxed{5}"
ID_UFV4JW13Q8_4,"The average scheduled RB count is about 155.8, below the 160-RB threshold needed to sustain high throughput, directly explaining the low observed data rate.
\boxed{5}"
ID_Z5OINPC71W_1,"The serving PCI changes 3 times across this short drive-test window, indicating frequent handovers that interrupt scheduling and degrade sustained throughput.
\boxed{Q2}"
ID_Z5OINPC71W_2,"The serving PCI changes 3 times across this short drive-test window, indicating frequent handovers that interrupt scheduling and degrade sustained throughput.
\boxed{Q2}"
ID_Z5OINPC71W_3,"The serving PCI changes 3 times across this short drive-test window, indicating frequent handovers that interrupt scheduling and degrade sustained throughput.
\boxed{Q2}"
ID_Z5OINPC71W_4,"The serving PCI changes 3 times across this short drive-test window, indicating frequent handovers that interrupt scheduling and degrade sustained throughput.
\boxed{Q2}"
ID_3F9E7XPZZJ_1,"The serving cell's total downtilt of about 10.0° is shallow relative to its vertical beamwidth of 6.0°, extending the main beam's reach well beyond the intended ~1km coverage radius, indicating the cell is over-shooting its intended coverage area rather than being properly contained.
\boxed{6}"
ID_3F9E7XPZZJ_2,"The serving cell's total downtilt of about 10.0° is shallow relative to its vertical beamwidth of 6.0°, extending the main beam's reach well beyond the intended ~1km coverage radius, indicating the cell is over-shooting its intended coverage area rather than being properly contained.
\boxed{6}"
ID_3F9E7XPZZJ_3,"The serving cell's total downtilt is about 13.0° against a vertical beamwidth of 6.0° at a mounting height of 9.0m, which narrows the effective coverage radius and pulls the main beam toward the ground close to the site. The serving SS-RSRP averages -82.4 dBm, consistent with weak far-end coverage caused by excessive downtilt.
\boxed{8}"
ID_3F9E7XPZZJ_4,"The serving cell's total downtilt is about 13.0° against a vertical beamwidth of 6.0° at a mounting height of 9.0m, which narrows the effective coverage radius and pulls the main signal toward the site center. The serving SS-RSRP averages -82.4 dBm, consistent with weak far-end coverage caused by excessive downtilt.
\boxed{8}"
ID_5VX2AKCMFP_1,"Neighbor cell(s) [189] arrive at comparable signal strength to the serving cell but originate from a different, non-colocated site, producing severe overlapping coverage that degrades throughput.
\boxed{D4}"
ID_5VX2AKCMFP_2,"Neighbor cell(s) [189] arrive at comparable signal strength to the serving cell but originate from a different, non-colocated site, producing severe overlapping coverage that degrades throughput.
\boxed{D4}"
ID_5VX2AKCMFP_3,"Neighbor cell(s) [189] arrive at comparable signal strength to the serving cell but originate from a different, non-colocated site, producing severe overlapping coverage that degrades throughput.
\boxed{D4}"
ID_5VX2AKCMFP_4,"Neighbor cell(s) [189] arrive at comparable signal strength to the serving cell but originate from a different, non-colocated site, producing severe overlapping coverage that degrades throughput.
\boxed{D4}"
ID_HCTVTZ6KG7_1,"The serving cell's total downtilt is about 26.0° against a vertical beamwidth of 10.0° at a mounting height of 30.1 m, which narrows the effective coverage radius and pulls the main beam toward the ground close to the site. This pulls the main beam toward the ground close to the site, shading adjacent sites and reducing coverage reach.
\boxed{7}"
ID_HCTVTZ6KG7_2,"Neighbor cell(s) [818] arrive at comparable signal strength to the serving cell but originate from a different, non-colocated site, producing severe overlapping coverage that degrades throughput.
\boxed{5}"
ID_HCTVTZ6KG7_3,"Neighbor cell(s) [818] arrive at comparable signal strength to the serving cell but originate from a different, non-colocated site, producing severe overlapping coverage that degrades throughput.
\boxed{5}"
ID_HCTVTZ6KG7_4,"The serving cell (PCI 650) shares PCI mod 30 with neighbor PCI(s) [433], causing reference-signal collision and interference that suppresses throughput.
\boxed{8}"
ID_5K7YJBIUFW_1,"The average scheduled RB count is about 157.1, below the 160-RB threshold needed to sustain high throughput, directly explaining the low observed data rate.
\boxed{C2}"
ID_5K7YJBIUFW_2,"The average scheduled RB count is about 157.7, below the 160-RB threshold needed to sustain high throughput, directly explaining the low observed data rate.
\boxed{C2}"
ID_5K7YJBIUFW_3,"The average scheduled RB count is about 157.4, below the 160-RB threshold needed to sustain high throughput, directly explaining the low observed data rate.
\boxed{C2}"
ID_5K7YJBIUFW_4,"The average scheduled RB count is about 156.6, below the 160-RB threshold needed to sustain high throughput, directly explaining the low observed data rate.
\boxed{C2}"
ID_R74INR36VO_1,"The average scheduled RB count is about 166.7, below the 160-RB threshold needed to sustain high throughput, directly explaining the low observed data rate.
\boxed{4}"
ID_R74INR36VO_2,"The average scheduled RB count is about 166.9, below the 160-RB threshold needed to sustain high throughput, directly explaining the low observed data rate.
\boxed{4}"
ID_R74INR36VO_3,"The average scheduled RB count is about 166.9, below the 160-RB threshold needed to sustain high throughput, directly explaining the low observed data rate.
\boxed{4}"
ID_R74INR36VO_4,"The average scheduled RB count is about 166.6, below the 160-RB threshold needed to sustain high throughput, directly explaining the low observed data rate.
\boxed{4}"
ID_KLKFVB3H54_1,"Neighbor cell(s) [298] arrive at comparable signal strength to the serving cell but originate from a different, non-colocated site, producing severe overlapping coverage that degrades throughput.
\boxed{P2}"
ID_KLKFVB3H54_2,"The serving cell (PCI 430) shares PCI mod 30 with neighbor PCI(s) [374], causing reference-signal collision and interference that suppresses throughput.
\boxed{P3}"
ID_KLKFVB3H54_3,"The serving cell's total downtilt is about 15.0° against a vertical beamwidth of 6.0° at a mounting height of 17.0m, which narrows the effective coverage radius and pulls the main beam toward the ground close to the site. The serving SS-RSRP averages -83.1 dBm, consistent with weak far-end coverage caused by excessive downtilt.
\boxed{P8}"
ID_KLKFVB3H54_4,"The serving cell's total downtilt is about 15.0° against a vertical beamwidth of 6.0° at a mounting height of 17.0m, which narrows the effective coverage radius and pulls the main beam toward the ground close to the site. The serving SS-RSRP averages -83.2 dBm, consistent with weak far-end coverage caused by excessive downtilt.
\boxed{P8}"
ID_NFQ4OVXSAX_1,"The average scheduled RB count is about 156.2, below the 160-RB threshold needed to sustain high throughput, directly explaining the low observed data rate.
\boxed{7}"
ID_NFQ4OVXSAX_2,"The serving cell's total downtilt is about 15.0° against a vertical beamwidth of 6.0° at a mounting height of 36.0m, which narrows the effective coverage radius and pulls the main beam toward the ground close to the site. The serving SS-RSRP averages -81.4 dBm, consistent with weak far-end coverage caused by excessive downtilt.
\boxed{5}"
ID_NFQ4OVXSAX_3,"The average scheduled RB count is about 155.7, below the 160-RB threshold needed to sustain high throughput, directly explaining the low observed data rate.
\boxed{7}"
ID_NFQ4OVXSAX_4,"The average scheduled RB count is about 155.7, below the 160-RB threshold needed to sustain high throughput, directly explaining the low observed data rate.
\boxed{7}"
ID_Z6EVZHWNF9_1,"The average scheduled RB count is about 155.9, below the 160-RB threshold needed to sustain high throughput, directly explaining the low observed data rate.
\boxed{B5}"
ID_Z6EVZHWNF9_2,"The average scheduled RB count is about 154.8, below the 160-RB threshold needed to sustain high throughput, directly explaining the low observed data rate.
\boxed{B5}"
ID_Z6EVZHWNF9_3,"The average scheduled RB count is about 155.7, below the 160-RB threshold needed to sustain high throughput, directly explaining the low observed data rate.
\boxed{B5}"
ID_Z6EVZHWNF9_4,"The average scheduled RB count is about 155.7, below the 160-RB threshold needed to sustain high throughput, directly explaining the low observed data rate.
\boxed{B5}"
ID_9DLDO3MF13_1,"The average scheduled RB count is about 152.6, below the 160-RB threshold needed to sustain high throughput, directly explaining the low observed data rate.
\boxed{8}"
ID_9DLDO3MF13_2,"The average scheduled RB count is about 154.7, below the 160-RB threshold needed to sustain high throughput, directly explaining the low observed data rate.
\boxed{8}"
ID_9DLDO3MF13_3,"The average scheduled RB count is about 154.7, below the 160-RB threshold needed to sustain high throughput, directly explaining the low observed data rate.
\boxed{8}"
ID_9DLDO3MF13_4,"The average scheduled RB count is about 153.6, below the 160-RB threshold needed to sustain high throughput, directly explaining the low observed data rate.
\boxed{8}"
ID_1LMK7UIJAV_1,"Neighbor cell(s) [405] arrive at comparable signal strength to the serving cell but originate from a different, non-colocated site, producing severe overlapping coverage that degrades throughput.
\boxed{8}"
ID_1LMK7UIJAV_2,"Neighbor cell(s) [405] arrive at comparable signal strength to the serving cell but originate from a different, non-colocated site, producing severe overlapping coverage that degrades throughput.
\boxed{8}"
ID_1LMK7UIJAV_3,"Neighbor cell(s) [405] arrive at comparable signal strength to the serving cell but originate from a different, non-colocated site, producing severe overlapping coverage that degrades throughput.
\boxed{8}"
ID_1LMK7UIJAV_4,"Neighbor cell(s) [405] arrive at comparable signal strength to the serving cell but originate from a different, non-colocated site, producing severe overlapping coverage that degrades throughput.
\boxed{8}"
ID_7BX3LQXE8M_1,"The average scheduled RB count is about 156.7, below the 160-RB threshold needed to sustain high throughput, directly explaining the low observed data rate.
\boxed{7}"
ID_7BX3LQXE8M_2,"The average scheduled RB count is about 156.7, below the 160-RB threshold needed to sustain high throughput, directly explaining the low observed data rate.
\boxed{7}"
ID_7BX3LQXE8M_3,"A neighboring cell reaches this location with a filtered Tx BRSRP of about -77.7 dBm, comparable to or stronger than the serving cell's average SS-RSRP of -78.8 dBm, suggesting a neighbor would deliver higher throughput than the current serving cell.
\boxed{6}"
ID_7BX3LQXE8M_4,"The average scheduled RB count is about 156.9, below the 160-RB threshold needed to sustain high throughput, directly explaining the low observed data rate.
\boxed{7}"
ID_C2NJ9BDSMG_1,"The serving PCI changes 3 times across this short drive-test window, indicating frequent handovers that interrupt scheduling and degrade sustained throughput.
\boxed{5}"
ID_C2NJ9BDSMG_2,"The serving PCI changes 3 times across this short drive-test window, indicating frequent handovers that interrupt scheduling and degrade sustained throughput.
\boxed{5}"
ID_C2NJ9BDSMG_3,"The serving PCI changes 3 times across this short drive-test window, indicating frequent handovers that interrupt scheduling and degrade sustained throughput.
\boxed{5}"
ID_C2NJ9BDSMG_4,"The serving PCI changes 3 times across this short drive-test window, indicating frequent handovers that interrupt scheduling and degrade sustained throughput.
\boxed{5}"
ID_YUR4J28NDU_1,"The serving cell's total downtilt is about 11.0° against a vertical beamwidth of 6.0° at a mounting height of 14.7m, which narrows the effective coverage radius and pulls the main beam toward the ground close to the site. The serving SS-RSRP averages -83.6 dBm, consistent with weak far-end coverage caused by excessive downtilt.
\boxed{5}"
ID_YUR4J28NDU_2,"The serving cell's total downtilt is about 11.0° against a vertical beamwidth of 6.0° at a mounting height of 14.7m, which narrows the effective coverage radius and pulls the main beam toward the ground close to the site. The serving SS-RSRP averages -83.6 dBm, consistent with weak far-end coverage caused by excessive downtilt.
\boxed{5}"
ID_YUR4J28NDU_3,"The serving cell's total downtilt is about 11.0° against a vertical beamwidth of 6.0° at a mounting height of 14.7m, which narrows the effective coverage radius and pulls the main beam toward the ground close to the site. The serving SS-RSRP averages -83.6 dBm, consistent with weak far-end coverage caused by excessive downtilt.
\boxed{5}"
ID_YUR4J28NDU_4,"The serving cell's total downtilt is about 11.0° against a vertical beamwidth of 6.0° at a mounting height of 14.7m, which narrows the effective coverage radius and pulls the main beam toward the ground close to the site. The serving SS-RSRP averages -83.6 dBm, consistent with weak far-end coverage caused by excessive downtilt.
\boxed{5}"
ID_TF2TUOX2PJ_1,"The serving cell's total downtilt is about 25.0° against a vertical beamwidth of 10.0° at a mounting height of 30.1m, which narrows the effective coverage radius and pulls the main beam toward the ground close to the site. The serving SS-RSRP averages -82.5 dBm, consistent with weak far-end coverage caused by excessive downtilt.
\boxed{8}"
ID_TF2TUOX2PJ_2,"Neighbor cell(s) [650] arrive at comparable signal strength to the serving cell but originate from a different, non-colocated site, producing severe overlapping coverage that degrades throughput.
\boxed{1}"
ID_TF2TUOX2PJ_3,"Neighbor cell(s) [650] arrive at comparable signal strength to the serving cell but originate from a different, non-colocated site, producing severe overlapping coverage that degrades throughput.
\boxed{1}"
ID_TF2TUOX2PJ_4,"Neighbor cell(s) [650] arrive at comparable signal strength to the serving cell but originate from a different, non-colocated site, producing severe overlapping coverage that degrades throughput.
\boxed{1}"
ID_TWACA2Z53B_1,"Neighbor cell(s) [440] arrive at comparable signal strength to the serving cell but originate from a different, non-colocated site, producing severe overlapping coverage that degrades throughput.
\boxed{8}"
ID_TWACA2Z53B_2,"Neighbor cell(s) [440] arrive at comparable signal strength to the serving cell but originate from a different, non-colocated site, producing severe overlapping coverage that degrades throughput.
\boxed{8}"
ID_TWACA2Z53B_3,"Neighbor cell(s) [440] arrive at comparable signal strength to the serving cell but originate from a different, non-colocated site, producing severe overlapping coverage that degrades throughput.
\boxed{8}"
ID_TWACA2Z53B_4,"Neighbor cell(s) [440] arrive at comparable signal strength to the serving cell but originate from a different, non-colocated site, producing severe overlapping coverage that degrades throughput.
\boxed{8}"
ID_B6PFGXJDJJ_1,"The average scheduled RB count is about 145.5, below the 160-RB threshold needed to sustain high throughput, directly explaining the low observed data rate.
\boxed{4}"
ID_B6PFGXJDJJ_2,"The average scheduled RB count is about 145.7, below the 160-RB threshold needed to sustain high throughput, directly explaining the low observed data rate.
\boxed{4}"
ID_B6PFGXJDJJ_3,"The average scheduled RB count is about 148.7, below the 160-RB threshold needed to sustain high throughput, directly explaining the low observed data rate.
\boxed{4}"
ID_B6PFGXJDJJ_4,"The average scheduled RB count is about 149.2, below the 160-RB threshold needed to sustain high throughput, directly explaining the low observed data rate.
\boxed{4}"
ID_YX9F0STZD2_1,"The serving cell (PCI 501) shares PCI mod 30 with neighbor PCI(s) [621], causing reference-signal collision and interference that suppresses throughput.
\boxed{T4}"
ID_YX9F0STZD2_2,"The serving cell (PCI 501) shares PCI mod 30 with neighbor PCI(s) [621], causing reference-signal collision and interference that suppresses throughput.
\boxed{T4}"
ID_YX9F0STZD2_3,"The serving cell (PCI 501) shares PCI mod 30 with neighbor PCI(s) [621], causing reference-signal collision and interference that suppresses throughput.
\boxed{T4}"
ID_YX9F0STZD2_4,"The serving cell (PCI 501) shares PCI mod 30 with neighbor PCI(s) [621], causing reference-signal collision and interference that suppresses throughput.
\boxed{T4}"
ID_URJQWBWPKZ_1,"The average scheduled RB count is about 157.8, below the 160-RB threshold needed to sustain high throughput, directly explaining the low observed data rate.
\boxed{I5}"
ID_URJQWBWPKZ_2,"The average scheduled RB count is about 156.7, below the 160-RB threshold needed to sustain high throughput, directly explaining the low observed data rate.
\boxed{I5}"
ID_URJQWBWPKZ_3,"The average scheduled RB count is about 156.6, below the 160-RB threshold needed to sustain high throughput, directly explaining the low observed data rate.
\boxed{I5}"
ID_URJQWBWPKZ_4,"The average scheduled RB count is about 156.6, below the 160-RB threshold needed to sustain high throughput, directly explaining the low observed data rate.
\boxed{I5}"
ID_MKTBTM4LT5_1,"Neighbor cell(s) [745] arrive at comparable signal strength to the serving cell but originate from a different, non-colocated site, producing severe overlapping coverage that degrades throughput.
\boxed{H4}"
ID_MKTBTM4LT5_2,"Neighbor cell(s) [745] arrive at comparable signal strength to the serving cell but originate from a different, non-colocated site, producing severe overlapping coverage that degrades throughput.
\boxed{H4}"
ID_MKTBTM4LT5_3,"Neighbor cell(s) [745] arrive at comparable signal strength to the serving cell but originate from a different, non-colocated site, producing severe overlapping coverage that degrades throughput.
\boxed{H4}"
ID_MKTBTM4LT5_4,"Neighbor cell(s) [745] arrive at comparable signal strength to the serving cell but originate from a different, non-colocated site, producing severe overlapping coverage that degrades throughput.
\boxed{H4}"
ID_58Q48KRYX9_1,"The serving PCI changes 3 times across this short window of data, indicating frequent handovers that interrupt scheduling and degrade sustained throughput.
\boxed{A}"
ID_58Q48KRYX9_2,"The serving PCI changes 3 times across this short window of data, indicating frequent handovers that interrupt scheduling and degrade sustained throughput.
\boxed{A}"
ID_58Q48KRYX9_3,"The serving PCI changes 3 times across this short window of data, indicating frequent handovers that interrupt scheduling and degrade sustained throughput.
\boxed{A}"
ID_58Q48KRYX9_4,"The serving PCI changes 3 times across this short window of data, indicating frequent handovers that interrupt scheduling and degrade sustained throughput.
\boxed{A}"
ID_5GZ1OTAXDB_1,"Neighbor cell(s) [420] arrive at comparable signal strength to the serving cell but originate from a different, non-colocated site, producing severe overlapping coverage that degrades throughput.
\boxed{8}"
ID_5GZ1OTAXDB_2,"Neighbor cell(s) [420] arrive at comparable signal strength to the serving cell but originate from a different, non-colocated site, producing severe overlapping coverage that degrades throughput.
\boxed{8}"
ID_5GZ1OTAXDB_3,"Neighbor cell(s) [420] arrive at comparable signal strength to the serving cell but originate from a different, non-colocated site, producing severe overlapping coverage that degrades throughput.
\boxed{8}"
ID_5GZ1OTAXDB_4,"Neighbor cell(s) [420] arrive at comparable signal strength to the serving cell but originate from a different, non-colocated site, producing severe overlapping coverage that degrades throughput.
\boxed{8}"
ID_CCSGCWWMDO_1,"The serving cell's total downtilt is about 11.0° against a vertical beamwidth of 6.0° at a mounting height of 14.7m, which narrows the effective coverage radius and pulls the main beam toward the ground close to the site. The serving SS-RSRP averages -80.9 dBm, consistent with weak far-end coverage caused by excessive downtilt.
\boxed{F2}"
ID_CCSGCWWMDO_2,"The serving cell's total downtilt is about 11.0° against a vertical beamwidth of 6.0° at a mounting height of 14.7m, which narrows the effective coverage radius and pulls the main beam toward the ground close to the site. The serving SS-RSRP averages -80.8 dBm, consistent with weak far-end coverage caused by excessive downtilt.
\boxed{F2}"
ID_CCSGCWWMDO_3,"Neighbor cell(s) [not isolated from the data] arrive at comparable signal strength to the serving cell but originate from a different, non-colocated site, producing severe overlapping coverage that degrades throughput.
\boxed{F1}"
ID_CCSGCWWMDO_4,"The serving cell's total downtilt is about 11.0° against a vertical beamwidth of 6.0° at a mounting height of 14.7m, which narrows the effective coverage radius and pulls the main beam toward the ground close to the site. The serving SS-RSRP averages -80.9 dBm, consistent with weak far-end coverage caused by excessive downtilt.
\boxed{F2}"
ID_2AD4OGB5PI_1,"The serving PCI changes 3 times across this short window of data, indicating frequent handovers that interrupt scheduling and degrade sustained throughput.
\boxed{E2}"
ID_2AD4OGB5PI_2,"The serving PCI changes 3 times across this short drive-test window, indicating frequent handovers that interrupt scheduling and degrade sustained throughput.
\boxed{E2}"
ID_2AD4OGB5PI_3,"The serving PCI changes 3 times across this short drive-test window, indicating frequent handovers that interrupt scheduling and degrade sustained throughput.
\boxed{E2}"
ID_2AD4OGB5PI_4,"The serving PCI changes 3 times across this short drive-test window, indicating frequent handovers that interrupt scheduling and degrade sustained throughput.
\boxed{E2}"
ID_8WA5PTLXB6_1,"The serving cell's total RSSI drops to about -102.1 dBm, comparable to severe interference, which pulls resources away from this UE and suppresses throughput.
\boxed{B}"
ID_8WA5PTLXB6_2,"Neighbor cell(s) [3241817_504990_506] arrive at comparable signal strength to the serving cell but originate from a different, non-adjacent cell site, producing severe interference that suppresses throughput.
\boxed{B}"
ID_8WA5PTLXB6_3,"The serving cell's total RSSI drops to about -102.1 dBm, comparable to severe interference, suggesting strong outside noise suppressing signal strength.
\boxed{B}"
ID_8WA5PTLXB6_4,"The serving cell's total RSSI drops to about -94.0 dBm, comparable to strong noise level, which suppresses signal recovery and degrades throughput.
\boxed{F}"
ID_FYWOYFI5FH_1,"The average scheduled RB count is about 162.5, below the 160-RB threshold needed to sustain high throughput, directly explaining the low observed data rate.
\boxed{Z4}"
ID_FYWOYFI5FH_2,"The average scheduled RB count is about 162.7, below the 160-RB threshold needed to sustain high throughput, directly explaining the low observed data rate.
\boxed{Z4}"
ID_FYWOYFI5FH_3,"The average scheduled RB count is about 162.6, below the 160-RB threshold needed to sustain high throughput, directly explaining the low observed data rate.
\boxed{Z4}"
ID_FYWOYFI5FH_4,"The average scheduled RB count is about 163.0, below the 160-RB threshold needed to sustain high throughput, directly explaining the low observed data rate.
\boxed{Z4}"
ID_6O36A8JVA1_1,"The serving PCI changes 3 times across this short drive-test window, indicating frequent handovers that interrupt scheduling and degrade sustained throughput.
\boxed{R5}"
ID_6O36A8JVA1_2,"The serving PCI changes 3 times across this short window, indicating frequent handovers that interrupt scheduling and degrade sustained throughput.
\boxed{R5}"
ID_6O36A8JVA1_3,"The serving PCI changes 3 times across this short drive-test window, indicating frequent handovers that interrupt scheduling and degrade sustained throughput.
\boxed{R5}"
ID_6O36A8JVA1_4,"The serving PCI changes 3 times across this short drive-test window, indicating frequent handovers that interrupt scheduling and degrade sustained throughput.
\boxed{R5}"
ID_VHWVD8ZGUQ_1,"The average scheduled RB count is about 164.2, below the 160-RB threshold needed to sustain high throughput, directly explaining the low observed data rate.
\boxed{2}"
ID_VHWVD8ZGUQ_2,"The average scheduled RB count is about 164.3, below the 160-RB threshold needed to sustain high throughput, directly explaining the low observed data rate.
\boxed{2}"
ID_VHWVD8ZGUQ_3,"The average scheduled RB count is about 164.1, below the 160-RB threshold needed to sustain high throughput, directly explaining the low observed data rate.
\boxed{2}"
ID_VHWVD8ZGUQ_4,"The average scheduled RB count is about 164.2, below the 160-RB threshold needed to sustain high throughput, directly explaining the low observed data rate.
\boxed{2}"
ID_DH0SYF1I4V_1,"The average scheduled RB count is about 148.6, below the 160-RB threshold needed to sustain high throughput, directly explaining the low observed data rate.
\boxed{5}"
ID_DH0SYF1I4V_2,"The average scheduled RB count is about 145.9, below the 160-RB threshold needed to sustain high throughput, directly explaining the low observed data rate.
\boxed{5}"
ID_DH0SYF1I4V_3,"The average scheduled RB count is about 148.4, below the 160-RB threshold needed to sustain high throughput, directly explaining the low observed data rate.
\boxed{5}"
ID_DH0SYF1I4V_4,"The average scheduled RB count is about 149.9, below the 160-RB threshold needed to sustain high throughput, directly explaining the low observed data rate.
\boxed{5}"
ID_8J5GY002H7_1,"The average scheduled RB count is about 146.9, below the 160-RB threshold needed to sustain high throughput, directly explaining the low observed data rate.
\boxed{C5}"
ID_8J5GY002H7_2,"The average scheduled RB count is about 148.5, below the 160-RB threshold needed to sustain high throughput, directly explaining the low observed data rate.
\boxed{C5}"
ID_8J5GY002H7_3,"The average scheduled RB count is about 146.2, below the 160-RB threshold needed to sustain high throughput, directly explaining the low observed data rate.
\boxed{C5}"
ID_8J5GY002H7_4,"The average scheduled RB count is about 149.4, below the 160-RB threshold needed to sustain high throughput, directly explaining the low observed data rate.
\boxed{C5}"
ID_7T7A9VFJMX_1,"The serving PCI changes 3 times across this short drive-test window, indicating frequent handovers that interrupt scheduling and degrade sustained throughput.
\boxed{5}"
ID_7T7A9VFJMX_2,"The serving PCI changes 3 times across this short drive-test window, indicating frequent handovers that interrupt scheduling and degrade sustained throughput.
\boxed{5}"
ID_7T7A9VFJMX_3,"The serving PCI changes 3 times across this short drive-test window, indicating frequent handovers that interrupt scheduling and degrade sustained throughput.
\boxed{5}"
ID_7T7A9VFJMX_4,"The serving PCI changes 3 times across this short drive-test window, indicating frequent handovers that interrupt scheduling and degrade sustained throughput.
\boxed{5}"
ID_WM4I0QTG35_1,"The average scheduled RB count is about 164.6, below the 160-RB threshold needed to sustain high throughput, directly explaining the low observed data rate.
\boxed{F3}"
ID_WM4I0QTG35_2,"The average scheduled RB count is about 164.7, below the 160-RB threshold needed to sustain high throughput, directly explaining the low observed data rate.
\boxed{F3}"
ID_WM4I0QTG35_3,"The average scheduled RB count is about 164.6, below the 160-RB threshold needed to sustain high throughput, directly explaining the low observed data rate.
\boxed{F3}"
ID_WM4I0QTG35_4,"The average scheduled RB count is about 164.6, below the 160-RB threshold needed to sustain high throughput, directly explaining the low observed data rate.
\boxed{F3}"
ID_7LHMPIQ1KT_1,"The serving cell (PCI 455) shares PCI mod 30 with neighbor PCI(s) [575], causing reference-signal collision and interference that suppresses throughput.
\boxed{M4}"
ID_7LHMPIQ1KT_2,"The serving cell (PCI 455) shares PCI mod 30 with neighbor PCI(s) [575], causing reference-signal collision and interference that suppresses throughput.
\boxed{M4}"
ID_7LHMPIQ1KT_3,"The serving cell (PCI 455) shares PCI mod 30 with neighbor PCI(s) [575], causing reference-signal collision and interference that suppresses throughput.
\boxed{M4}"
ID_7LHMPIQ1KT_4,"The serving cell (PCI 455) shares PCI mod 30 with neighbor PCI(s) [575], causing reference-signal collision and interference that suppresses throughput.
\boxed{M4}"
ID_UJAS6SOZRH_1,"The serving PCI changes 3 times across this short window, indicating frequent handovers that interrupt scheduling and degrade sustained throughput.
\boxed{5}"
ID_UJAS6SOZRH_2,"The serving PCI changes 3 times across this short window, indicating frequent handovers that interrupt scheduling and degrade sustained throughput.
\boxed{5}"
ID_UJAS6SOZRH_3,"The serving PCI changes 3 times across this short window, indicating frequent handovers that interrupt scheduling and degrade sustained throughput.
\boxed{5}"
ID_UJAS6SOZRH_4,"The serving PCI changes 3 times across this short drive-test window, indicating frequent handovers that interrupt scheduling and degrade sustained throughput.
\boxed{5}"
ID_E11WLTRE67_1,"The serving cell's total downtilt of about 15.0° is shallow relative to its vertical beamwidth of 12.0°, extending the main beam's reach well beyond the intended ~1km coverage radius, indicating the cell is over-shooting its intended coverage area rather than being properly contained.
\boxed{5}"
ID_E11WLTRE67_2,"The serving cell's total downtilt of about 15.0° is shallow relative to its vertical beamwidth of 6.0°, extending the main beam's reach well beyond the intended ~1km coverage radius, indicating the cell is over-shooting its intended coverage area rather than being properly contained.
\boxed{5}"
ID_E11WLTRE67_3,"The serving cell's total downtilt is about 15.0° against a vertical beamwidth of 12.0° at a mounting height of 36.0m, which narrows the effective coverage radius and pulls the main beam toward the ground close to the site. The serving SS-RSRP averages -81.5 dBm, consistent with weak far-end coverage caused by excessive downtilt.
\boxed{8}"
ID_E11WLTRE67_4,"The serving cell's total downtilt of about 15.0° is shallow relative to its vertical beamwidth of 6.0°, extending the main beam's reach well beyond the intended ~1km coverage radius, indicating the cell is over-shooting its intended coverage area rather than being properly contained.
\boxed{5}"
ID_S8MQV40LS5_1,"The average scheduled RB count is about 159.4, below the 160-RB threshold needed to sustain high throughput, directly explaining the low observed data rate.
\boxed{3}"
ID_S8MQV40LS5_2,"The average scheduled RB count is about 159.7, below the 160-RB threshold needed to sustain high throughput, directly explaining the low observed data rate.
\boxed{3}"
ID_S8MQV40LS5_3,"The average scheduled RB count is about 159.7, below the 160-RB threshold needed to sustain high throughput, directly explaining the low observed data rate.
\boxed{3}"
ID_S8MQV40LS5_4,"The average scheduled RB count is about 159.9, below the 160-RB threshold needed to sustain high throughput, directly explaining the low observed data rate.
\boxed{3}"
ID_SB7P01NOA7_1,"Neighbor cell(s) [240] arrive at comparable signal strength to the serving cell but originate from a different, non-colocated site, producing severe overlapping coverage that degrades throughput.
\boxed{F5}"
ID_SB7P01NOA7_2,"Neighbor cell(s) [240] arrive at comparable signal strength to the serving cell but originate from a different, non-colocated site, producing severe overlapping coverage that degrades throughput.
\boxed{F5}"
ID_SB7P01NOA7_3,"Neighbor cell(s) [240] arrive at comparable signal strength to the serving cell but originate from a different, non-colocated site, producing severe overlapping coverage that degrades throughput.
\boxed{F5}"
ID_SB7P01NOA7_4,"Neighbor cell(s) [240] arrive at comparable signal strength to the serving cell but originate from a different, non-colocated site, producing severe overlapping coverage that degrades throughput.
\boxed{F5}"
ID_G8TABTME69_1,"The serving PCI changes 3 times across this short window of data, indicating frequent handovers that interrupt scheduling and degrade sustained throughput.
\boxed{E}"
ID_G8TABTME69_2,"The serving PCI changes 3 times across this short window of data, indicating frequent handovers that interrupt scheduling and degrade sustained throughput.
\boxed{E}"
ID_G8TABTME69_3,"The serving PCI changes 3 times across this short window of test data, indicating frequent handovers that interrupt scheduling and degrade sustained throughput.
\boxed{E}"
ID_G8TABTME69_4,"The serving PCI changes 3 times across this short window of data, indicating frequent handovers that interrupt scheduling and degrade sustained throughput.
\boxed{E}"
ID_AOZB17DXZK_1,"The serving cell's total downtilt of about 11.0° is shallow relative to its vertical beamwidth of 6.0°, extending the main beam's reach well beyond the intended ~1km coverage radius, indicating the cell is over-shooting its intended coverage area rather than being properly contained.
\boxed{M8}"
ID_AOZB17DXZK_2,"The serving cell's total downtilt of about 11.0° is shallow relative to its vertical beamwidth of 6.0°, extending the main beam's reach well beyond the intended ~1km coverage radius, indicating the cell is over-shooting its intended coverage area rather than being properly contained.
\boxed{M8}"
ID_AOZB17DXZK_3,"The serving cell's total downtilt of about 11.0° is shallow relative to its vertical beamwidth of 6.0°, extending the main beam's reach well beyond the intended ~1km coverage radius, indicating the cell is over-shooting its intended coverage area rather than being properly contained.
\boxed{M8}"
ID_AOZB17DXZK_4,"The serving cell's total downtilt of about 11.0° is shallow relative to its vertical beamwidth of 6.0°, extending the main beam's reach well beyond the intended ~1km coverage radius, indicating the cell is over-shooting its intended coverage area rather than being properly contained.
\boxed{M8}"
ID_UNL7497PTP_1,"The serving cell's total downtilt is about 11.0° against a vertical beamwidth of 6.0° at a mounting height of 14.7m, which narrows the effective coverage radius and pulls the main beam toward the ground close to the site. The serving SS-RSRP averages -80.9 dBm, consistent with weak far-end coverage caused by excessive downtilt.
\boxed{T2}"
ID_UNL7497PTP_2,"The serving cell's total downtilt is about 11.0° against a vertical beamwidth of 6.0° at a mounting height of 14.7m, which narrows the effective coverage radius and pulls the main beam toward the ground close to the site. The serving SS-RSRP averages -80.9 dBm, consistent with weak far-end coverage caused by excessive downtilt.
\boxed{T2}"
ID_UNL7497PTP_3,"The serving cell's total downtilt is about 11.0° against a vertical beamwidth of 6.0° at a mounting height of 14.7m, which narrows the effective coverage radius and pulls the main beam toward the ground close to the site. The serving SS-RSRP averages -80.9 dBm, consistent with weak far-end coverage caused by excessive downtilt.
\boxed{T2}"
ID_UNL7497PTP_4,"The serving cell's total downtilt is about 11.0° against a vertical beamwidth of 6.0° at a mounting height of 14.7m, which narrows the effective coverage radius and pulls the main beam toward the ground close to the site. The serving SS-RSRP averages -80.8 dBm, consistent with weak far-end coverage caused by excessive downtilt.
\boxed{T2}"
ID_BW9BMH3O9B_1,"The serving cell (PCI 200) shares PCI mod 30 with neighbor PCI(s) [980], causing reference-signal collision and interference that suppresses throughput.
\boxed{F6}"
ID_BW9BMH3O9B_2,"The serving cell (PCI 200) shares PCI mod 30 with neighbor PCI(s) [980], causing reference-signal collision and interference that suppresses throughput.
\boxed{F6}"
ID_BW9BMH3O9B_3,"The serving cell (PCI 200) shares PCI mod 30 with neighbor PCI(s) [980], causing reference-signal collision and interference that suppresses throughput.
\boxed{F6}"
ID_BW9BMH3O9B_4,"The serving cell (PCI 200) shares PCI mod 30 with neighbor PCI(s) [980], causing reference-signal collision and interference that suppresses throughput.
\boxed{F6}"
ID_T0D9KKMDHJ_1,"The serving PCI changes 3 times across this short drive-test window, indicating frequent handovers that interrupt scheduling and degrade sustained throughput.
\boxed{4}"
ID_T0D9KKMDHJ_2,"The serving PCI changes 3 times across this short drive-test window, indicating frequent handovers that interrupt scheduling and degrade sustained throughput.
\boxed{4}"
ID_T0D9KKMDHJ_3,"The serving PCI changes 3 times across this short drive-test window, indicating frequent handovers that interrupt scheduling and degrade sustained throughput.
\boxed{4}"
ID_T0D9KKMDHJ_4,"The serving PCI changes 3 times across this short drive-test window, indicating frequent handovers that interrupt scheduling and degrade sustained throughput.
\boxed{4}"
ID_D7IQP52HZU_1,"The serving cell (PCI 210) shares PCI mod 30 with neighbor PCI(s) [990], causing reference-signal collision and interference that suppresses throughput.
\boxed{8}"
ID_D7IQP52HZU_2,"The serving cell (PCI 210) shares PCI mod 30 with neighbor PCI(s) [745, 990], causing reference-signal collision and interference that suppresses throughput.
\boxed{8}"
ID_D7IQP52HZU_3,"The serving cell (PCI 210) shares PCI mod 30 with neighbor PCI(s) [990], causing reference-signal collision and interference that suppresses throughput.
\boxed{8}"
ID_D7IQP52HZU_4,"The serving cell (PCI 210) shares PCI mod 30 with neighbor PCI(s) [745, 990], causing reference-signal collision and interference that suppresses throughput.
\boxed{8}"
ID_SOX2EUEIWK_1,"The average scheduled RB count is about 161.3, below the 160-RB threshold needed to sustain high throughput, directly explaining the low observed data rate.
\boxed{Y3}"
ID_SOX2EUEIWK_2,"The average scheduled RB count is about 162.2, below the 160-RB threshold needed to sustain high throughput, directly explaining the low observed data rate.
\boxed{Y3}"
ID_SOX2EUEIWK_3,"The average scheduled RB count is about 162.0, below the 160-RB threshold needed to sustain high throughput, directly explaining the low observed data rate.
\boxed{Y3}"
ID_SOX2EUEIWK_4,"The average scheduled RB count is about 161.0, below the 160-RB threshold needed to sustain high throughput, directly explaining the low observed data rate.
\boxed{Y3}"
ID_M1T8B5EN3V_1,"The serving PCI changes 3 times across this short window, indicating frequent handovers that interrupt scheduling and degrade sustained throughput.
\boxed{5}"
ID_M1T8B5EN3V_2,"The serving PCI changes 3 times across this short window, indicating frequent handovers that interrupt scheduling and degrade sustained throughput.
\boxed{5}"
ID_M1T8B5EN3V_3,"The serving PCI changes 3 times across this short window, indicating frequent handovers that interrupt scheduling and degrade sustained throughput.
\boxed{5}"
ID_M1T8B5EN3V_4,"The serving PCI changes 3 times across this short window, indicating frequent handovers that interrupt scheduling and degrade sustained throughput.
\boxed{5}"
ID_VJSKD0TII6_1,"The serving cell (PCI 990) shares PCI mod 30 with neighbor PCI(s) [650], causing reference-signal collision and interference that suppresses throughput.
\boxed{X5}"
ID_VJSKD0TII6_2,"The serving cell (PCI 990) shares PCI mod 30 with neighbor PCI(s) [650], causing reference-signal collision and interference that suppresses throughput.
\boxed{X5}"
ID_VJSKD0TII6_3,"The serving cell (PCI 990) shares PCI mod 30 with neighbor PCI(s) [650], causing reference-signal collision and interference that suppresses throughput.
\boxed{X5}"
ID_VJSKD0TII6_4,"The serving cell (PCI 990) shares PCI mod 30 with neighbor PCI(s) [650], causing reference-signal collision and interference that suppresses throughput.
\boxed{X5}"
ID_83CUN2GUTA_1,"The serving PCI changes 3 times across this short window of data, indicating frequent handovers that interrupt scheduling and degrade sustained throughput.
\boxed{E}"
ID_83CUN2GUTA_2,"The serving PCI changes 3 times across this short window of data, indicating frequent handovers that interrupt scheduling and degrade sustained throughput.
\boxed{H}"
ID_83CUN2GUTA_3,"The serving PCI changes 3 times across this short window of data, indicating frequent handovers that interrupt scheduling and degrade sustained throughput.
\boxed{E}"
ID_83CUN2GUTA_4,"The serving PCI changes 3 times across this short window of data, indicating frequent handovers that interrupt scheduling and degrade sustained throughput.
\boxed{H}"
ID_5PQBLD8K00_1,"The serving PCI changes 3 times across this short window of data, indicating frequent handovers that interrupt scheduling and degrade sustained throughput.
\boxed{C}"
ID_5PQBLD8K00_2,"The serving PCI changes 3 times across this short window of data, indicating frequent handovers that interrupt scheduling and degrade sustained throughput.
\boxed{C}"
ID_5PQBLD8K00_3,"The serving PCI changes 3 times across this short window of data, indicating frequent handovers that interrupt scheduling and degrade sustained throughput.
\boxed{C}"
ID_5PQBLD8K00_4,"The serving PCI changes 3 times across this short window of data, indicating frequent handovers that interrupt scheduling and degrade sustained throughput.
\boxed{C}"
ID_C9AZU8V8D9_1,"The serving cell (PCI 433) shares PCI mod 30 with neighbor PCI(s) [553], causing reference-signal collision and interference that suppresses throughput.
\boxed{Q6}"
ID_C9AZU8V8D9_2,"The serving cell (PCI 433) shares PCI mod 30 with neighbor PCI(s) [553], causing reference-signal collision and interference that suppresses throughput.
\boxed{Q6}"
ID_C9AZU8V8D9_3,"The serving cell (PCI 433) shares PCI mod 30 with neighbor PCI(s) [553], causing reference-signal collision and interference that suppresses throughput.
\boxed{Q6}"
ID_C9AZU8V8D9_4,"The serving cell (PCI 433) shares PCI mod 30 with neighbor PCI(s) [553], causing reference-signal collision and interference that suppresses throughput.
\boxed{Q6}"
ID_3H2PQECJXI_1,"The serving cell (PCI 440) shares its channel with neighbor PCI(s) 871, which share similar reference-signal strength but differ in tx brsrp, suggesting overlapping coverage that disrupts scheduling and degrades throughput.
\boxed{5}"
ID_3H2PQECJXI_2,"The serving cell (PCI 440) shares its channel with neighbor PCI(s) 871, which share identical reference-signal strength but differ in their filtered Tx BRSRP, suggesting frequent handovers that interrupt scheduling and degrade sustained throughput.
\boxed{3}"
ID_3H2PQECJXI_3,"The serving cell (PCI 440) shares its channel with neighbor PCI(s) 871, which share similar reference-signal strength but differ in tx brsrp, suggesting overlapping coverage that disrupts scheduling and degrades throughput.
\boxed{5}"
ID_3H2PQECJXI_4,"The serving cell (PCI 440) shares its channel with neighbor PCI(s) 871, which share similar reference-signal strength but differ in tx brsrp, suggesting overlapping coverage that disrupts scheduling and degrades throughput.
\boxed{2}"
ID_WON86L277B_1,"The serving cell's total downtilt of about 26.0° is shallow relative to its vertical beamwidth of 12.0°, extending the main beam's reach well beyond the intended ~1km coverage radius, indicating the cell is over-shooting its intended coverage area rather than being properly contained.
\boxed{C3}"
ID_WON86L277B_2,"The serving cell's total downtilt of about 26.0° is shallow relative to its vertical beamwidth of 12.0°, which narrows the effective coverage radius and pulls the main beam toward the ground close to the site. This causes strong reference-signal collision with neighbor cells near the site, suppressing channel separation and degrading throughput.
\boxed{C7}"
ID_WON86L277B_3,"The serving cell's total downtilt of about 26.0° is shallow relative to its vertical beamwidth of 12.0°, extending the main beam's reach well beyond the intended ~1km coverage radius, indicating the cell is over-shooting its intended coverage area rather than being properly contained.
\boxed{C3}"
ID_WON86L277B_4,"The serving cell's total downtilt of about 26.0° is shallow relative to its vertical beamwidth of 12.0°, which narrows the effective coverage radius and pulls the main beam toward the ground close to the site. This causes strong reference-signal collision with neighbor cells near the site's location, suppressing signal strength and throughput.
\boxed{C7}"
ID_OBUSAORQSL_1,"Neighbor cell(s) [990] arrive at comparable signal strength to the serving cell but originate from a different, non-colocated site, producing severe overlapping coverage that degrades throughput.
\boxed{C4}"
ID_OBUSAORQSL_2,"The average scheduled RB count is about 159.7, below the 160-RB threshold needed to sustain high throughput, directly explaining the low observed data rate.
\boxed{C8}"
ID_OBUSAORQSL_3,"Neighbor cell(s) [990] arrive at comparable signal strength to the serving cell but originate from a different, non-colocated site, producing severe overlapping coverage that degrades throughput.
\boxed{C4}"
ID_OBUSAORQSL_4,"The serving cell (PCI 440) shares PCI mod 30 with neighbor PCI(s) [560], causing reference-signal collision and interference that suppresses throughput.
\boxed{C7}"
ID_F4KELPEIW1_1,"The serving cell (PCI 420) shares PCI mod 30 with neighbor PCI(s) [540], causing reference-signal collision and interference that suppresses throughput.
\boxed{T4}"
ID_F4KELPEIW1_2,"The serving cell (PCI 420) shares PCI mod 30 with neighbor PCI(s) [540], causing reference-signal collision and interference that suppresses throughput.
\boxed{T4}"
ID_F4KELPEIW1_3,"The serving cell (PCI 420) shares PCI mod 30 with neighbor PCI(s) [540], causing reference-signal collision and interference that suppresses throughput.
\boxed{T4}"
ID_F4KELPEIW1_4,"The serving cell (PCI 420) shares PCI mod 30 with neighbor PCI(s) [540], causing reference-signal collision and interference that suppresses throughput.
\boxed{T4}"
ID_QA45AR3OGI_1,"The serving cell's total RSRP drops below -90.0 dBm, indicating severe overall weak coverage caused by weak local signal strength.
\boxed{E}"
ID_QA45AR3OGI_2,"The serving cell's total RSRP drops below -90.0 dBm, indicating severe overall weak coverage caused by weak signal strength across the deployed spectrum.
\boxed{E}"
ID_QA45AR3OGI_3,"The serving cell's total RSRP drops below -90.0 dBm, indicating severe overall weak coverage caused by weak signal strength across the deployed spectrum.
\boxed{E}"
ID_QA45AR3OGI_4,"The serving cell's total RSSI drops below -90.0 dBm, indicating severe weak coverage caused by excessive noise.
\boxed{E}"
ID_0LABL1KRED_1,"The serving cell's total downtilt of about 10.0° is shallow relative to its vertical beamwidth of 6.0°, extending the main beam's reach well beyond the intended ~1km coverage radius, indicating the cell is over-shooting its intended coverage area rather than being properly contained.
\boxed{1}"
ID_0LABL1KRED_2,"The serving cell's total downtilt of about 10.0° is shallow relative to its vertical beamwidth of 6.0°, extending the main beam's reach well beyond the intended ~1km coverage radius, indicating the cell is over-shooting its intended coverage area rather than being properly contained.
\boxed{1}"
ID_0LABL1KRED_3,"The serving cell's total downtilt of about 10.0° is shallow relative to its vertical beamwidth of 6.0°, extending the main beam's reach well beyond the intended ~1km coverage radius, indicating the cell is over-shooting its intended coverage area rather than being properly contained.
\boxed{1}"
ID_0LABL1KRED_4,"The serving cell's total downtilt of about 10.0° is shallow relative to its vertical beamwidth of 6.0°, extending the main beam's reach well beyond the intended ~1km coverage radius, indicating the cell is over-shooting its intended coverage area rather than being properly contained.
\boxed{1}"
ID_AWAWP1ENMO_1,"The average scheduled RB count is about 158.9, below the 160-RB threshold needed to sustain high throughput, directly explaining the low observed data rate.
\boxed{T2}"
ID_AWAWP1ENMO_2,"The average scheduled RB count is about 159.6, below the 160-RB threshold needed to sustain high throughput, directly explaining the low observed data rate.
\boxed{T2}"
ID_AWAWP1ENMO_3,"The average scheduled RB count is about 159.1, below the 160-RB threshold needed to sustain high throughput, directly explaining the low observed data rate.
\boxed{T2}"
ID_AWAWP1ENMO_4,"The average scheduled RB count is about 158.8, below the 160-RB threshold needed to sustain high throughput, directly explaining the low observed data rate.
\boxed{T2}"
ID_6KJYRRLWOC_1,"The serving cell (PCI 374) shares PCI mod 30 with neighbor PCI(s) [298, 430], causing reference-signal collision and interference that suppresses throughput.
\boxed{S3}"
ID_6KJYRRLWOC_2,"The serving cell (PCI 374) shares PCI mod 30 with neighbor PCI(s) [298, 430], causing reference-signal collision and interference that suppresses throughput.
\boxed{S3}"
ID_6KJYRRLWOC_3,"The serving cell (PCI 374) shares PCI mod 30 with neighbor PCI(s) [298, 430], causing reference-signal collision and interference that suppresses throughput.
\boxed{S3}"
ID_6KJYRRLWOC_4,"The serving cell's total downtilt is about 11.0° against a vertical beamwidth of 6.0° at a mounting height of 14.7m, which narrows the effective coverage radius and pulls the main beam toward the ground close to the site. The serving SS-RSRP averages -82.7 dBm, consistent with weak signal strength due to excessive downtilt.
\boxed{S1}"
ID_IODS7I7FPK_1,"Neighbor cell(s) [818] arrive at comparable signal strength to the serving cell but originate from a different, non-colocated site, producing severe overlapping coverage that degrades throughput.
\boxed{R2}"
ID_IODS7I7FPK_2,"Neighbor cell(s) [818] arrive at comparable signal strength to the serving cell but originate from a different, non-colocated site, producing severe overlapping coverage that degrades throughput.
\boxed{R2}"
ID_IODS7I7FPK_3,"Neighbor cell(s) [650] arrive at comparable signal strength to the serving cell but originate from a different, non-colocated site, producing severe overlapping coverage that degrades throughput.
\boxed{R2}"
ID_IODS7I7FPK_4,"Neighbor cell(s) [818] arrive at comparable signal strength to the serving cell but originate from a different, non-colocated site, producing severe overlapping coverage that degrades throughput.
\boxed{R2}"
ID_4NQUVJ2OT0_1,"The serving cell (PCI 824) shares PCI mod 30 with neighbor PCI(s) [65], causing reference-signal collision and interference that suppresses throughput.
\boxed{V7}"
ID_4NQUVJ2OT0_2,"Neighbor cell(s) [240] arrive at comparable signal strength to the serving cell but originate from a different, non-colocated site, producing severe overlapping coverage that degrades throughput.
\boxed{V4}"
ID_4NQUVJ2OT0_3,"The serving cell's total downtilt is about 25.0° against a vertical beamwidth of 15.0° at a mounting height of 63.0m, which narrows the effective coverage radius and pulls the main beam toward the ground close to the site. The serving SS-RSRP averages -81.9 dBm, consistent with weak far-end coverage caused by excessive downtilt.
\boxed{V6}"
ID_4NQUVJ2OT0_4,"Neighbor cell(s) [240] arrive at comparable signal strength to the serving cell but originate from a different, non-colocated site, producing severe overlapping coverage that degrades throughput.
\boxed{V4}"
ID_PEOWS5L5ZW_1,"The average scheduled RB count is about 164.0, below the 160-RB threshold needed to sustain high throughput, directly explaining the low observed data rate.
\boxed{Y2}"
ID_PEOWS5L5ZW_2,"The average scheduled RB count is about 162.0, below the 160-RB threshold needed to sustain high throughput, directly explaining the low observed data rate.
\boxed{Y2}"
ID_PEOWS5L5ZW_3,"The average scheduled RB count is about 164.1, below the 160-RB threshold needed to sustain high throughput, directly explaining the low observed data rate.
\boxed{Y2}"
ID_PEOWS5L5ZW_4,"The average scheduled RB count is about 164.1, below the 160-RB threshold needed to sustain high throughput, directly explaining the low observed data rate.
\boxed{Y2}"
ID_TRY1IS357F_1,"The serving PCI changes 3 times across this short drive-test window, indicating frequent handovers that interrupt scheduling and degrade sustained throughput.
\boxed{6}"
ID_TRY1IS357F_2,"The serving PCI changes 3 times across this short drive-test window, indicating frequent handovers that interrupt scheduling and degrade sustained throughput.
\boxed{6}"
ID_TRY1IS357F_3,"The serving PCI changes 3 times across this short drive-test window, indicating frequent handovers that interrupt scheduling and degrade sustained throughput.
\boxed{6}"
ID_TRY1IS357F_4,"The serving PCI changes 3 times across this short drive-test window, indicating frequent handovers that interrupt scheduling and degrade sustained throughput.
\boxed{6}"
ID_X7B90WG2OI_1,"The serving cell's total downtilt of about 13.0° is shallow relative to its vertical beamwidth of 6.0°, extending the main beam's reach well beyond the intended ~1km coverage radius, indicating the cell is over-shooting its intended coverage area rather than being properly contained.
\boxed{Q7}"
ID_X7B90WG2OI_2,"The serving cell's total downtilt of about 17.0° is shallow relative to its vertical beamwidth of 6.0°, extending the main beam's reach well beyond the intended ~1km coverage radius, indicating the cell is over-shooting its intended coverage area rather than being properly contained.
\boxed{Q7}"
ID_X7B90WG2OI_3,"The serving cell's total downtilt of about 23.0° is shallow relative to its vertical beamwidth of 6.0°, extending the main beam's reach well beyond the intended ~1km coverage radius, indicating the cell is over-shooting its intended coverage area rather than being properly contained.
\boxed{Q7}"
ID_X7B90WG2OI_4,"The serving cell's total downtilt of about 15.0° is shallow relative to its vertical beamwidth of 12.0°, extending the main beam's reach well beyond the intended ~1km coverage radius, indicating the cell is over-shooting its intended coverage area rather than being properly contained.
\boxed{Q7}"
ID_WKC2Q23QC5_1,"Neighbor cell(s) [919] arrive at comparable signal strength to the serving cell but originate from a different, non-colocated site, producing severe overlapping coverage that degrades throughput.
\boxed{X3}"
ID_WKC2Q23QC5_2,"Neighbor cell(s) [919] arrive at comparable signal strength to the serving cell but originate from a different, non-colocated site, producing severe overlapping coverage that degrades throughput.
\boxed{X3}"
ID_WKC2Q23QC5_3,"Neighbor cell(s) [919] arrive at comparable signal strength to the serving cell but originate from a different, non-colocated site, producing severe overlapping coverage that degrades throughput.
\boxed{X3}"
ID_WKC2Q23QC5_4,"Neighbor cell(s) [919] arrive at comparable signal strength to the serving cell but originate from a different, non-colocated site, producing severe overlapping coverage that degrades throughput.
\boxed{X3}"
ID_E2TY6OVFWC_1,"Neighbor cell(s) [240] arrive at comparable signal strength to the serving cell but originate from a different, non-colocated site, producing severe overlapping coverage that degrades throughput.
\boxed{6}"
ID_E2TY6OVFWC_2,"Neighbor cell(s) [240] arrive at comparable signal strength to the serving cell but originate from a different, non-colocated site, producing severe overlapping coverage that degrades throughput.
\boxed{6}"
ID_E2TY6OVFWC_3,"Neighbor cell(s) [240] arrive at comparable signal strength to the serving cell but originate from a different, non-colocated site, producing severe overlapping coverage that degrades throughput.
\boxed{6}"
ID_E2TY6OVFWC_4,"Neighbor cell(s) [240] arrive at comparable signal strength to the serving cell but originate from a different, non-colocated site, producing severe overlapping coverage that degrades throughput.
\boxed{6}"
ID_14IBU1MUEQ_1,"The serving cell's total downtilt of about 23.0° is shallow relative to its vertical beamwidth of 6.0°, extending the main beam's reach well beyond the intended ~1km coverage radius, indicating the cell is over-shooting its intended coverage area rather than being properly contained.
\boxed{7}"
ID_14IBU1MUEQ_2,"The serving cell's total downtilt of about 23.0° is shallow relative to its vertical beamwidth of 6.0°, extending the main beam's reach well beyond the intended ~1km coverage radius, indicating the cell is over-shooting its intended coverage area rather than being properly contained.
\boxed{7}"
ID_14IBU1MUEQ_3,"The serving cell's total downtilt of about 23.0° is shallow relative to its vertical beamwidth of 6.0°, extending the main beam's reach well beyond the intended ~1km coverage radius, indicating the cell is over-shooting its intended coverage area rather than being properly contained.
\boxed{7}"
ID_14IBU1MUEQ_4,"The serving cell's total downtilt of about 23.0° is shallow relative to its vertical beamwidth of 6.0°, extending the main beam's reach well beyond the intended ~1km coverage radius, indicating the cell is over-shooting its intended coverage area rather than being properly contained.
\boxed{7}"
ID_NOC97MV9LT_1,"The serving cell (PCI 990) shares PCI mod 30 with neighbor PCI(s) 454 and 650, causing reference-signal collision and interference that suppresses throughput.
\boxed{7}"
ID_NOC97MV9LT_2,"The serving cell (PCI 990) shares PCI mod 30 with neighbor PCI(s) 650 and 440, causing reference-signal collision and interference that suppresses throughput.
\boxed{7}"
ID_NOC97MV9LT_3,"The serving cell (PCI 990) shares PCI mod 30 with neighbor PCI(s) 650 and 440, causing reference-signal collision and interference that suppresses throughput.
\boxed{7}"
ID_NOC97MV9LT_4,"The serving cell (PCI 990) shares PCI mod 30 with neighbor PCI(s) 650 and 440, causing reference-signal collision and interference that suppresses throughput.
\boxed{7}"
ID_5L3PO60PYB_1,"Neighbor cell(s) [455] arrive at comparable signal strength to the serving cell but originate from a different, non-colocated site, producing severe overlapping coverage that degrades throughput.
\boxed{6}"
ID_5L3PO60PYB_2,"Neighbor cell(s) [540] arrive at comparable signal strength to the serving cell but originate from a different, non-colocated site, producing severe overlapping coverage that degrades throughput.
\boxed{6}"
ID_5L3PO60PYB_3,"Neighbor cell(s) [not isolated from the data] arrive at comparable signal strength to the serving cell but originate from a different, non-colocated site, producing severe overlapping coverage that degrades throughput.
\boxed{6}"
ID_5L3PO60PYB_4,"Neighbor cell(s) [540] arrive at comparable signal strength to the serving cell but originate from a different, non-colocated site, producing severe overlapping coverage that degrades throughput.
\boxed{6}"
ID_6XH9MWTSBN_1,"The serving cell (PCI 433) shares PCI mod 30 with neighbor PCI(s) [553], causing reference-signal collision and interference that suppresses throughput.
\boxed{W7}"
ID_6XH9MWTSBN_2,"The serving cell (PCI 433) shares PCI mod 30 with neighbor PCI(s) [553], causing reference-signal collision and interference that suppresses throughput.
\boxed{W7}"
ID_6XH9MWTSBN_3,"The serving cell (PCI 433) shares PCI mod 30 with neighbor PCI(s) [553], causing reference-signal collision and interference that suppresses throughput.
\boxed{W7}"
ID_6XH9MWTSBN_4,"The serving cell (PCI 433) shares PCI mod 30 with neighbor PCI(s) [553], causing reference-signal collision and interference that suppresses throughput.
\boxed{W7}"
ID_KA9B7IA0Y1_1,"The serving cell's total downtilt is about 11.0° against a vertical beamwidth of 6.0° at a mounting height of 13.0m, which narrows the effective coverage radius and pulls the main beam toward the ground close to the site. The serving SS-RSRP averages -84.5 dBm, consistent with weak far-end coverage caused by excessive downtilt.
\boxed{3}"
ID_KA9B7IA0Y1_2,"The serving cell's total downtilt is about 11.0° against a vertical beamwidth of 6.0° at a mounting height of 13.0m, which narrows the effective coverage radius and pulls the main beam toward the ground close to the site. The serving SS-RSRP averages -83.9 dBm, consistent with weak far-end coverage caused by excessive downtilt.
\boxed{3}"
ID_KA9B7IA0Y1_3,"The serving cell's total downtilt is about 11.0° against a vertical beamwidth of 6.0° at a mounting height of 13.0m, which narrows the effective coverage radius and pulls the main beam toward the ground close to the site. The serving SS-RSRP averages -83.9 dBm, consistent with weak far-end coverage caused by excessive downtilt.
\boxed{3}"
ID_KA9B7IA0Y1_4,"The serving cell's total downtilt is about 11.0° against a vertical beamwidth of 6.0° at a mounting height of 13.0m, which narrows the effective coverage radius and pulls the main beam toward the ground close to the site. The serving SS-RSRP averages -83.9 dBm, consistent with weak far-end coverage caused by excessive downtilt.
\boxed{3}"
ID_3U3PY6C7BJ_1,"The serving cell's total downtilt is about 15.0° against a vertical beamwidth of 6.0° at a mounting height of 30.1 m, which narrows the effective coverage radius and pulls the main beam toward the ground close to the site. The serving SS-RSRP averages -84.4 dBm, consistent with weak far-end coverage caused by excessive downtilt.
\boxed{O2}"
ID_3U3PY6C7BJ_2,"The serving cell's total downtilt is about 25.0° against a vertical beamwidth of 6.0° at a mounting height of 30.1m, which narrows the effective coverage radius and pulls the main beam toward the ground close to the site. The serving SS-RSRP averages -84.5 dBm, consistent with weak far-end coverage caused by excessive downtilt.
\boxed{O2}"
ID_3U3PY6C7BJ_3,"The serving cell's total downtilt is about 26.0° against a vertical beamwidth of 6.0° at a mounting height of 30.1 m, which narrows the effective coverage radius and pulls the main beam toward the ground close to the site. The serving SS-RSRP averages -84.2 dBm, consistent with weak far-end coverage caused by excessive downtilt.
\boxed{O2}"
ID_3U3PY6C7BJ_4,"The serving cell's total downtilt is about 26.0° against a vertical beamwidth of 12.0° at a mounting height of 30.1m, which narrows the effective coverage radius and pulls the main beam toward the ground close to the site. The serving SS-RSRP averages -84.6 dBm, consistent with weak far-end coverage caused by excessive downtilt.
\boxed{O2}"
ID_KVT3P4JDA7_1,"The average scheduled RB count is about 166.9, below the 160-RB threshold needed to sustain high throughput, directly explaining the low observed data rate.
\boxed{5}"
ID_KVT3P4JDA7_2,"The average scheduled RB count is about 166.6, below the 160-RB threshold needed to sustain high throughput, directly explaining the low observed data rate.
\boxed{5}"
ID_KVT3P4JDA7_3,"The average scheduled RB count is about 167.3, below the 160-RB threshold needed to sustain high throughput, directly explaining the low observed data rate.
\boxed{5}"
ID_KVT3P4JDA7_4,"The average scheduled RB count is about 166.9, below the 160-RB threshold needed to sustain high throughput, directly explaining the low observed data rate.
\boxed{5}"
ID_XG9H7TXLVJ_1,"The serving PCI changes 3 times across this short drive-test window, indicating frequent handovers that interrupt scheduling and degrade sustained throughput.
\boxed{Z8}"
ID_XG9H7TXLVJ_2,"The serving PCI changes 3 times across this short drive-test window, indicating frequent handovers that interrupt scheduling and degrade sustained throughput.
\boxed{Z8}"
ID_XG9H7TXLVJ_3,"The serving PCI changes 3 times across this short drive-test window, indicating frequent handovers that interrupt scheduling and degrade sustained throughput.
\boxed{Z8}"
ID_XG9H7TXLVJ_4,"The serving PCI changes 3 times across this short drive-test window, indicating frequent handovers that interrupt scheduling and degrade sustained throughput.
\boxed{Z8}"
ID_USHC06N4WX_1,"Neighbor cell(s) [240] arrive at comparable signal strength to the serving cell but originate from a different, non-colocated site, producing severe overlapping coverage that degrades throughput.
\boxed{X4}"
ID_USHC06N4WX_2,"Neighbor cell(s) [240] arrive at comparable signal strength to the serving cell but originate from a different, non-colocated site, producing severe overlapping coverage that degrades throughput.
\boxed{X4}"
ID_USHC06N4WX_3,"Neighbor cell(s) [240] arrive at comparable signal strength to the serving cell but originate from a different, non-colocated site, producing severe overlapping coverage that degrades throughput.
\boxed{X4}"
ID_USHC06N4WX_4,"Neighbor cell(s) [240] arrive at comparable signal strength to the serving cell but originate from a different, non-colocated site, producing severe overlapping coverage that degrades throughput.
\boxed{X4}"
ID_FM0FVJSPJ0_1,"The serving cell's total downtilt is about 26.0° against a vertical beamwidth of 12.0° at a mounting height of 35.0m, which narrows the effective coverage radius and pulls the main beam toward the ground close to the site. The serving SS-RSRP averages -82.9 dBm, consistent with weak far-end coverage caused by excessive downtilt.
\boxed{3}"
ID_FM0FVJSPJ0_2,"The serving cell's total downtilt is about 26.0° against a vertical beamwidth of 12.0° at a mounting height of 35.0m, which narrows the effective coverage radius and pulls the main beam toward the ground close to the site. The serving SS-RSRP averages -82.9 dBm, consistent with weak far-end coverage caused by excessive downtilt.
\boxed{3}"
ID_FM0FVJSPJ0_3,"The serving cell's total downtilt is about 26.0° against a vertical beamwidth of 12.0° at a mounting height of 35.0m, which narrows the effective coverage radius and pulls the main beam toward the ground close to the site. The serving SS-RSRP averages -82.9 dBm, consistent with weak far-end coverage caused by excessive downtilt.
\boxed{3}"
ID_FM0FVJSPJ0_4,"The serving cell's total downtilt is about 26.0° against a vertical beamwidth of 12.0° at a mounting height of 35.0m, which narrows the effective coverage radius and pulls the main beam toward the ground close to the site. The serving SS-RSRP averages -82.8 dBm, consistent with weak far-end coverage caused by excessive downtilt.
\boxed{3}"
ID_AY1H68FL2J_1,"The serving cell (PCI 440) shares PCI mod 30 with neighbor PCI(s) [560], causing reference-signal collision and interference that suppresses throughput.
\boxed{X8}"
ID_AY1H68FL2J_2,"The serving cell (PCI 440) shares PCI mod 30 with neighbor PCI(s) [560], causing reference-signal collision and interference that suppresses throughput.
\boxed{X8}"
ID_AY1H68FL2J_3,"The serving cell (PCI 440) shares PCI mod 30 with neighbor PCI(s) [560], causing reference-signal collision and interference that suppresses throughput.
\boxed{X8}"
ID_AY1H68FL2J_4,"The serving cell (PCI 440) shares PCI mod 30 with neighbor PCI(s) [560], causing reference-signal collision and interference that suppresses throughput.
\boxed{X8}"
ID_1I3K43YP31_1,"The serving cell's total downtilt of about 16.0° is shallow relative to its vertical beamwidth of 12.0°, extending the main beam's reach well beyond the intended ~1km coverage radius, indicating the cell is over-shooting its intended coverage area rather than being properly contained.
\boxed{2}"
ID_1I3K43YP31_2,"The serving cell's total downtilt of about 16.0° is shallow relative to its vertical beamwidth of 12.0°, extending the main beam's reach well beyond the intended ~1km coverage radius, indicating the cell is over-shooting its intended coverage area rather than being properly contained.
\boxed{2}"
ID_1I3K43YP31_3,"The serving cell's total downtilt of about 16.0° is shallow relative to its vertical beamwidth of 12.0°, extending the main beam's reach well beyond the intended ~1km coverage radius, indicating the cell is over-shooting its intended coverage area rather than being properly contained.
\boxed{2}"
ID_1I3K43YP31_4,"The serving cell's total downtilt of about 16.0° is shallow relative to its vertical beamwidth of 12.0°, extending the main beam's reach well beyond the intended ~1km coverage radius, indicating the cell is over-shooting its intended coverage area rather than being properly contained.
\boxed{2}"
ID_A2H3ZW61K6_1,"The average scheduled RB count is about 159.6, below the 160-RB threshold needed to sustain high throughput, directly explaining the low observed data rate.
\boxed{Z8}"
ID_A2H3ZW61K6_2,"The average scheduled RB count is about 160.7, below the 160-RB threshold needed to sustain high throughput, directly explaining the low observed data rate.
\boxed{Z8}"
ID_A2H3ZW61K6_3,"The average scheduled RB count is about 162.0, below the 160-RB threshold needed to sustain high throughput, directly explaining the low observed data rate.
\boxed{Z8}"
ID_A2H3ZW61K6_4,"The average scheduled RB count is about 160.1, below the 160-RB threshold needed to sustain high throughput, directly explaining the low observed data rate.
\boxed{Z8}"
ID_J7B7JAKJ9S_1,"Neighbor cell(s) [240] arrive at comparable signal strength to the serving cell but originate from a different, non-colocated site, producing severe overlapping coverage that degrades throughput.
\boxed{O2}"
ID_J7B7JAKJ9S_2,"Neighbor cell(s) [240] arrive at comparable signal strength to the serving cell but originate from a different, non-colocated site, producing severe overlapping coverage that degrades throughput.
\boxed{O2}"
ID_J7B7JAKJ9S_3,"Neighbor cell(s) [240] arrive at comparable signal strength to the serving cell but originate from a different, non-colocated site, producing severe overlapping coverage that degrades throughput.
\boxed{O2}"
ID_J7B7JAKJ9S_4,"Neighbor cell(s) [240] arrive at comparable signal strength to the serving cell but originate from a different, non-colocated site, producing severe overlapping coverage that degrades throughput.
\boxed{O2}"
ID_0HWSSA5KH2_1,"The serving cell's total downtilt of about 10.0° is shallow relative to its vertical beamwidth of 6.0°, extending the main beam's reach well beyond the intended ~1km coverage radius, indicating the cell is over-shooting its intended coverage area rather than being properly contained.
\boxed{3}"
ID_0HWSSA5KH2_2,"The serving cell's total downtilt of about 10.0° is shallow relative to its vertical beamwidth of 6.0°, extending the main beam's reach well beyond the intended ~1km coverage radius, indicating the cell is over-shooting its intended coverage area rather than being properly contained.
\boxed{3}"
ID_0HWSSA5KH2_3,"The serving cell's total downtilt of about 10.0° is shallow relative to its vertical beamwidth of 6.0°, extending the main beam's reach well beyond the intended ~1km coverage radius, indicating the cell is over-shooting its intended coverage area rather than being properly contained.
\boxed{3}"
ID_0HWSSA5KH2_4,"The serving cell's total downtilt of about 10.0° is shallow relative to its vertical beamwidth of 6.0°, extending the main beam's reach well beyond the intended ~1km coverage radius, indicating the cell is over-shooting its intended coverage area rather than being properly contained.
\boxed{3}"
ID_XJET7JOWGX_1,"Neighbor cell(s) [581] arrive at comparable signal strength to the serving cell but originate from a different, non-similar network, producing severe overlapping coverage that degrades throughput.
\boxed{D}"
ID_XJET7JOWGX_2,"The serving cell's total RSSI drops to about -90.4 dBm, comparable to strong noise level, suggesting severe interference from external sources rather than weak signal strength.
\boxed{A}"
ID_XJET7JOWGX_3,"The serving cell's total RSSI drops to about -90.4 dBm, comparable to noise level, suggesting weak overall signal strength against strong interference.
\boxed{B}"
ID_XJET7JOWGX_4,"The serving cell's total signal strength declines to -90.4 dBm, below the average of -91.4 dBm across all neighbors, suggesting weak overall coverage.
\boxed{B}"
ID_QM7KQBHFUV_1,"The serving cell's total downtilt of about 25.0° is shallow relative to its vertical beamwidth of 6.0°, extending the main beam's reach well beyond the intended ~1km coverage radius, indicating the cell is over-shooting its intended coverage area rather than being properly contained.
\boxed{7}"
ID_QM7KQBHFUV_2,"The serving cell's total downtilt of about 25.0° is shallow relative to its vertical beamwidth of 6.0°, extending the main beam's reach well beyond the intended ~1km coverage radius, indicating the cell is over-shooting its intended coverage area rather than being properly contained.
\boxed{7}"
ID_QM7KQBHFUV_3,"The serving cell's total downtilt of about 25.0° is shallow relative to its vertical beamwidth of 6.0°, extending the main beam's reach well beyond the intended ~1km coverage radius, indicating the cell is over-shooting its intended coverage area rather than being properly contained.
\boxed{7}"
ID_QM7KQBHFUV_4,"The serving cell's total downtilt of about 25.0° is shallow relative to its vertical beamwidth of 6.0°, extending the main beam's reach well beyond the intended ~1km coverage radius, indicating the cell is over-shooting its intended coverage area rather than being properly contained.
\boxed{7}"
ID_6LDE5FHW1X_1,"The serving PCI changes 3 times across this short drive-test window, indicating frequent handovers that interrupt scheduling and degrade sustained throughput.
\boxed{7}"
ID_6LDE5FHW1X_2,"The serving PCI changes 3 times across this short drive-test window, indicating frequent handovers that interrupt scheduling and degrade sustained throughput.
\boxed{7}"
ID_6LDE5FHW1X_3,"The serving PCI changes 3 times across this short drive-test window, indicating frequent handovers that interrupt scheduling and degrade sustained throughput.
\boxed{7}"
ID_6LDE5FHW1X_4,"The serving PCI changes 3 times across this short drive-test window, indicating frequent handovers that interrupt scheduling and degrade sustained throughput.
\boxed{7}"
ID_XFC9PYJB13_1,"The serving PCI changes 3 times across this short window of data, indicating frequent handovers that interrupt scheduling and degrade sustained throughput.
\boxed{E}"
ID_XFC9PYJB13_2,"The serving PCI changes 3 times across this short window of data, indicating frequent handovers that interrupt scheduling and degrade sustained throughput.
\boxed{E}"
ID_XFC9PYJB13_3,"The serving PCI changes 3 times across this short window of data, indicating frequent handovers that interrupt scheduling and degrade sustained throughput.
\boxed{E}"
ID_XFC9PYJB13_4,"The serving PCI changes 3 times across this short window of data, indicating frequent handovers that interrupt scheduling and degrade sustained throughput.
\boxed{E}"
ID_S1YVINGLE9_1,"The average scheduled RB count is about 157.8, below the 160-RB threshold needed to sustain high throughput, directly explaining the low observed data rate.
\boxed{2}"
ID_S1YVINGLE9_2,"The average scheduled RB count is about 157.7, below the 160-RB threshold needed to sustain high throughput, directly explaining the low observed data rate.
\boxed{2}"
ID_S1YVINGLE9_3,"The average scheduled RB count is about 157.6, below the 160-RB threshold needed to sustain high throughput, directly explaining the low observed data rate.
\boxed{2}"
ID_S1YVINGLE9_4,"The average scheduled RB count is about 157.9, below the 160-RB threshold needed to sustain high throughput, directly explaining the low observed data rate.
\boxed{2}"
ID_8XW9TDQ97A_1,"The serving cell (PCI 420) shares PCI mod 30 with neighbor PCI(s) [374], causing reference-signal collision and interference that suppresses throughput.
\boxed{2}"
ID_8XW9TDQ97A_2,"The serving cell (PCI 420) shares PCI mod 30 with neighbor PCI(s) [374], causing reference-signal collision and interference that suppresses throughput.
\boxed{2}"
ID_8XW9TDQ97A_3,"The serving cell's total downtilt is about 11.0° against a vertical beamwidth of 6.0° at a mounting height of 14.7m, which narrows the effective coverage radius and pulls the main beam toward the ground close to the site. The serving SS-RSRP averages -81.3 dBm, consistent with weak signal strength caused by excessive downtilt.
\boxed{1}"
ID_8XW9TDQ97A_4,"The serving cell's total downtilt is about 11.0° against a vertical beamwidth of 6.0° at a mounting height of 14.7m, which narrows the effective coverage radius and pulls the main beam toward the ground close to the site. The serving SS-RSRP averages -80.9 dBm, consistent with weak signal strength due to excessive downtilt.
\boxed{1}"
ID_DVSPO56S2U_1,"The serving cell (PCI 711) shares PCI mod 30 with neighbor PCI(s) [591], causing reference-signal collision and interference that suppresses throughput.
\boxed{A3}"
ID_DVSPO56S2U_2,"The serving cell (PCI 711) shares PCI mod 30 with neighbor PCI(s) [591], causing reference-signal collision and interference that suppresses throughput.
\boxed{A3}"
ID_DVSPO56S2U_3,"The serving cell (PCI 711) shares PCI mod 30 with neighbor PCI(s) [591], causing reference-signal collision and interference that suppresses throughput.
\boxed{A3}"
ID_DVSPO56S2U_4,"The serving cell (PCI 711) shares PCI mod 30 with neighbor PCI(s) [591], causing reference-signal collision and interference that suppresses throughput.
\boxed{A3}"
ID_I5DOARGYRA_1,"The serving PCI changes 3 times across this short drive-test window, indicating frequent handovers that interrupt scheduling and degrade sustained throughput.
\boxed{5}"
ID_I5DOARGYRA_2,"The serving PCI changes 3 times across this short drive-test window, indicating frequent handovers that interrupt scheduling and degrade sustained throughput.
\boxed{5}"
ID_I5DOARGYRA_3,"The serving PCI changes 3 times across this short drive-test window, indicating frequent handovers that interrupt scheduling and degrade sustained throughput.
\boxed{5}"
ID_I5DOARGYRA_4,"The serving PCI changes 3 times across this short drive-test window, indicating frequent handovers that interrupt scheduling and degrade sustained throughput.
\boxed{5}"
ID_P999K3OEAU_1,"Neighbor cell(s) [650] arrive at comparable signal strength to the serving cell but originate from a different, non-colocated site, producing severe overlapping coverage that degrades throughput.
\boxed{8}"
ID_P999K3OEAU_2,"Neighbor cell(s) [650] arrive at comparable signal strength to the serving cell but originate from a different, non-colocated site, producing severe overlapping coverage that degrades throughput.
\boxed{8}"
ID_P999K3OEAU_3,"Neighbor cell(s) [650] arrive at comparable signal strength to the serving cell but originate from a different, non-colocated site, producing severe overlapping coverage that degrades throughput.
\boxed{8}"
ID_P999K3OEAU_4,"Neighbor cell(s) [650] arrive at comparable signal strength to the serving cell but originate from a different, non-colocated site, producing severe overlapping coverage that degrades throughput.
\boxed{8}"
ID_ZNMJZY068Z_1,"The serving cell (PCI 650) shares PCI mod 30 with neighbor PCI(s) [770], causing reference-signal collision and interference that suppresses throughput.
\boxed{Z6}"
ID_ZNMJZY068Z_2,"The serving cell (PCI 650) shares PCI mod 30 with neighbor PCI(s) [770], causing reference-signal collision and interference that suppresses throughput.
\boxed{Z6}"
ID_ZNMJZY068Z_3,"The serving cell (PCI 650) shares PCI mod 30 with neighbor PCI(s) [770], causing reference-signal collision and interference that suppresses throughput.
\boxed{Z6}"
ID_ZNMJZY068Z_4,"The serving cell (PCI 650) shares PCI mod 30 with neighbor PCI(s) [770], causing reference-signal collision and interference that suppresses throughput.
\boxed{Z6}"
ID_DF3HFFDLAI_1,"The serving cell (PCI 440) shares PCI mod 30 with neighbor PCI(s) [560], causing reference-signal collision and interference that suppresses throughput.
\boxed{Q7}"
ID_DF3HFFDLAI_2,"The serving cell (PCI 440) shares PCI mod 30 with neighbor PCI(s) [560], causing reference-signal collision and interference that suppresses throughput.
\boxed{Q7}"
ID_DF3HFFDLAI_3,"The serving cell (PCI 440) shares PCI mod 30 with neighbor PCI(s) [560], causing reference-signal collision and interference that suppresses throughput.
\boxed{Q7}"
ID_DF3HFFDLAI_4,"The serving cell (PCI 440) shares PCI mod 30 with neighbor PCI(s) [560], causing reference-signal collision and interference that suppresses throughput.
\boxed{Q7}"
ID_0TVXJ1NOPK_1,"The serving cell's total downtilt is about 25.0° against a vertical beamwidth of 12.0° at a mounting height of 63.0m, which narrows the effective coverage radius and pulls the main beam toward the ground close to the site. The serving SS-RSRP averages -78.0 dBm, consistent with weak far-end coverage caused by excessive downtilt.
\boxed{W3}"
ID_0TVXJ1NOPK_2,"The serving cell's total downtilt of about 15.0° is shallow relative to its vertical beamwidth of 12.0°, extending the main beam's reach well beyond the intended ~1km coverage radius, indicating the cell is over-shooting its intended coverage area rather than being properly contained.
\boxed{W5}"
ID_0TVXJ1NOPK_3,"The serving cell's total downtilt of about 15.0° is shallow relative to its vertical beamwidth of 25.0°, extending the main beam's reach well beyond the intended ~1km coverage radius, indicating the cell is over-shooting its intended coverage area rather than being properly contained.
\boxed{W5}"
ID_0TVXJ1NOPK_4,"The serving cell's total downtilt of about 10.0° is shallow relative to its vertical beamwidth of 6.0°, extending the main beam's reach well beyond the intended ~1km coverage radius, indicating the cell is over-shooting its intended coverage area rather than being properly contained.
\boxed{W5}"
ID_A0WWEQPZSJ_1,"The average scheduled RB count is about 165.0, below the 160-RB threshold needed to sustain high throughput, directly explaining the low observed data rate.
\boxed{J4}"
ID_A0WWEQPZSJ_2,"The average scheduled RB count is about 164.3, below the 160-RB threshold needed to sustain high throughput, directly explaining the low observed data rate.
\boxed{J4}"
ID_A0WWEQPZSJ_3,"The average scheduled RB count is about 165.0, below the 160-RB threshold needed to sustain high throughput, directly explaining the low observed data rate.
\boxed{J4}"
ID_A0WWEQPZSJ_4,"The average scheduled RB count is about 164.1, below the 160-RB threshold needed to sustain high throughput, directly explaining the low observed data rate.
\boxed{J4}"
ID_YBFFHBD8Y1_1,"The serving cell's total downtilt of about 15.0° is shallow relative to its vertical beamwidth of 6.0°, extending the main beam's reach well beyond the intended ~1km coverage radius, indicating the cell is over-shooting its intended coverage area rather than being properly contained.
\boxed{F3}"
ID_YBFFHBD8Y1_2,"The serving cell's total downtilt of about 15.0° is shallow relative to its vertical beamwidth of 6.0°, extending the main beam's reach well beyond the intended ~1km coverage radius, indicating the cell is over-shooting its intended coverage area rather than being properly contained.
\boxed{F3}"
ID_YBFFHBD8Y1_3,"The serving cell's total downtilt of about 15.0° is shallow relative to its vertical beamwidth of 6.0°, extending the main beam's reach well beyond the intended ~1km coverage radius, indicating the cell is over-shooting its intended coverage area rather than being properly contained.
\boxed{F3}"
ID_YBFFHBD8Y1_4,"The serving cell's total downtilt of about 15.0° is shallow relative to its vertical beamwidth of 6.0°, extending the main beam's reach well beyond the intended ~1km coverage radius, indicating the cell is over-shooting its intended coverage area rather than being properly contained.
\boxed{F3}"
ID_G0BQ8QDF5P_1,"The serving cell's total signal strength drops below -85.7 dBm, consistent with severe weak coverage caused by poor alignment or excessive interference.
\boxed{B}"
ID_G0BQ8QDF5P_2,"The serving PCI changes 3 times across this short window of data, indicating frequent handovers that interrupt scheduling and degrade sustained throughput.
\boxed{C}"
ID_G0BQ8QDF5P_3,"The serving cell's total signal strength declines to -84.2 dBm, below the average of -87.0 dBm observed across this short window, suggesting weak overall coverage.
\boxed{B}"
ID_G0BQ8QDF5P_4,"The serving PCI changes 3 times across this short window of data, indicating frequent handovers that interrupt scheduling and degrade sustained throughput.
\boxed{C}"
ID_UAGGLQFLTQ_1,"The serving PCI changes 3 times across this short window of data, indicating frequent handovers that interrupt scheduling and degrade sustained throughput.
\boxed{E}"
ID_UAGGLQFLTQ_2,"The serving PCI changes 3 times across this short window of data, indicating frequent handovers that interrupt scheduling and degrade sustained throughput.
\boxed{E}"
ID_UAGGLQFLTQ_3,"The serving PCI changes 3 times across this short window of data, indicating frequent handovers that interrupt scheduling and degrade sustained throughput.
\boxed{E}"
ID_UAGGLQFLTQ_4,"The serving PCI changes 3 times across this short window of data, indicating frequent handovers that interrupt scheduling and degrade sustained throughput.
\boxed{E}"
ID_1KLZ38F17I_1,"Neighbor cell(s) [420] arrive at comparable signal strength to the serving cell but originate from a different, non-colocated site, producing severe overlapping coverage that degrades throughput.
\boxed{B6}"
ID_1KLZ38F17I_2,"Neighbor cell(s) [420] arrive at comparable signal strength to the serving cell but originate from a different, non-colocated site, producing severe overlapping coverage that degrades throughput.
\boxed{B6}"
ID_1KLZ38F17I_3,"Neighbor cell(s) [420] arrive at comparable signal strength to the serving cell but originate from a different, non-colocated site, producing severe overlapping coverage that degrades throughput.
\boxed{B6}"
ID_1KLZ38F17I_4,"Neighbor cell(s) [420] arrive at comparable signal strength to the serving cell but originate from a different, non-colocated site, producing severe overlapping coverage that degrades throughput.
\boxed{B6}"
ID_X78QA6E97D_1,"The serving PCI changes 3 times across this short drive-test window, indicating frequent handovers that interrupt scheduling and degrade sustained throughput.
\boxed{8}"
ID_X78QA6E97D_2,"The serving PCI changes 3 times across this short drive-test window, indicating frequent handovers that interrupt scheduling and degrade sustained throughput.
\boxed{8}"
ID_X78QA6E97D_3,"The serving PCI changes 3 times across this short drive-test window, indicating frequent handovers that interrupt scheduling and degrade sustained throughput.
\boxed{8}"
ID_X78QA6E97D_4,"The serving PCI changes 3 times across this short drive-test window, indicating frequent handovers that interrupt scheduling and degrade sustained throughput.
\boxed{8}"
ID_VEQPSHI8TY_1,"Neighbor cell(s) [240] arrive at comparable signal strength to the serving cell but originate from a different, non-colocated site, producing severe overlapping coverage that degrades throughput.
\boxed{6}"
ID_VEQPSHI8TY_2,"Neighbor cell(s) [240] arrive at comparable signal strength to the serving cell but originate from a different, non-colocated site, producing severe overlapping coverage that degrades throughput.
\boxed{6}"
ID_VEQPSHI8TY_3,"Neighbor cell(s) [240] arrive at comparable signal strength to the serving cell but originate from a different, non-colocated site, producing severe overlapping coverage that degrades throughput.
\boxed{6}"
ID_VEQPSHI8TY_4,"Neighbor cell(s) [240] arrive at comparable signal strength to the serving cell but originate from a different, non-colocated site, producing severe overlapping coverage that degrades throughput.
\boxed{6}"
ID_R40DGIYY1D_1,"The serving PCI changes 3 times across this short drive-test window, indicating frequent handovers that interrupt scheduling and degrade sustained throughput.
\boxed{F4}"
ID_R40DGIYY1D_2,"The serving PCI changes 3 times across this short drive-test window, indicating frequent handovers that interrupt scheduling and degrade sustained throughput.
\boxed{F4}"
ID_R40DGIYY1D_3,"The serving PCI changes 3 times across this short drive-test window, indicating frequent handovers that interrupt scheduling and degrade sustained throughput.
\boxed{F4}"
ID_R40DGIYY1D_4,"The serving PCI changes 3 times across this short drive-test window, indicating frequent handovers that interrupt scheduling and degrade sustained throughput.
\boxed{F4}"
ID_H5PGK7KFH4_1,"Neighbor cell(s) [240] arrive at comparable signal strength to the serving cell but originate from a different, non-colocated site, producing severe overlapping coverage that degrades throughput.
\boxed{N2}"
ID_H5PGK7KFH4_2,"Neighbor cell(s) [240] arrive at comparable signal strength to the serving cell but originate from a different, non-colocated site, producing severe overlapping coverage that degrades throughput.
\boxed{N2}"
ID_H5PGK7KFH4_3,"Neighbor cell(s) [240] arrive at comparable signal strength to the serving cell but originate from a different, non-colocated site, producing severe overlapping coverage that degrades throughput.
\boxed{N2}"
ID_H5PGK7KFH4_4,"Neighbor cell(s) [240] arrive at comparable signal strength to the serving cell but originate from a different, non-colocated site, producing severe overlapping coverage that degrades throughput.
\boxed{N2}"
ID_AANY6JU78V_1,"The serving cell's total signal strength declines to -85.9 dBm, comparable to noise level, suggesting severe weak coverage caused by weak scheduling or excessive interference.
\boxed{D}"
ID_AANY6JU78V_2,"The serving RSRP averages -90.3 dBm and the average serving SINR is about 13.4 dB, which is consistent with weak coverage caused by poor signal strength.
\boxed{D}"
ID_AANY6JU78V_3,"The serving RSRP averages -90.4 dBm and the average serving SINR is about 13.5 dB, which is consistent with weak overall coverage caused by poor total system strength.
\boxed{D}"
ID_AANY6JU78V_4,"The serving RSRP averages -90.4 dBm and the average serving SINR is about 13.4 dB, which is consistent with weak overall coverage caused by poor total power or excessive interference.
\boxed{D}"
ID_BQY06QPAL7_1,"Neighbor cell(s) [980] arrive at comparable signal strength to the serving cell but originate from a different, non-colocated site, producing severe overlapping coverage that degrades throughput.
\boxed{I6}"
ID_BQY06QPAL7_2,"Neighbor cell(s) [980] arrive at comparable signal strength to the serving cell but originate from a different, non-colocated site, producing severe overlapping coverage that degrades throughput.
\boxed{I6}"
ID_BQY06QPAL7_3,"Neighbor cell(s) [980] arrive at comparable signal strength to the serving cell but originate from a different, non-colocated site, producing severe overlapping coverage that degrades throughput.
\boxed{I6}"
ID_BQY06QPAL7_4,"Neighbor cell(s) [980] arrive at comparable signal strength to the serving cell but originate from a different, non-colocated site, producing severe overlapping coverage that degrades throughput.
\boxed{I6}"
ID_C4B4BFM24J_1,"The serving cell's total downtilt is about 25.0° against a vertical beamwidth of 10.0° at a mounting height of 63.0m, which narrows the effective coverage radius and pulls the main beam toward the ground close to the site. The serving SS-RSRP averages -80.7 dBm, consistent with weak far-end coverage caused by excessive downtilt.
\boxed{8}"
ID_C4B4BFM24J_2,"The average scheduled RB count is about 155.7, below the 160-RB threshold needed to sustain high throughput, directly explaining the low observed data rate.
\boxed{3}"
ID_C4B4BFM24J_3,"Neighbor cell(s) [240] arrive at comparable signal strength to the serving cell but originate from a different, non-colocated site, producing severe overlapping coverage that degrades throughput.
\boxed{2}"
ID_C4B4BFM24J_4,"The average scheduled RB count is about 157.7, below the 160-RB threshold needed to sustain high throughput, directly explaining the low observed data rate.
\boxed{3}"
ID_18K4TKYCN9_1,"The serving cell's total downtilt is about 16.0° against a vertical beamwidth of 6.0° at a mounting height of 30.1m, which narrows the effective coverage radius and pulls the main beam toward the ground close to the site. The serving SS-RSRP averages -80.7 dBm, consistent with weak far-end coverage caused by excessive downtilt.
\boxed{V4}"
ID_18K4TKYCN9_2,"The serving cell's total downtilt is about 16.0° against a vertical beamwidth of 6.0° at a mounting height of 30.1m, which narrows the effective coverage radius and pulls the main beam toward the ground close to the site. The serving SS-RSRP averages -80.9 dBm, consistent with weak far-end coverage caused by excessive downtilt.
\boxed{V4}"
ID_18K4TKYCN9_3,"The serving cell's total downtilt is about 16.0° against a vertical beamwidth of 6.0° at a mounting height of 30.1m, which narrows the effective coverage radius and pulls the main beam toward the ground close to the site. The serving SS-RSRP averages -80.8 dBm, consistent with weak far-end coverage caused by excessive downtilt.
\boxed{V4}"
ID_18K4TKYCN9_4,"The serving cell's total downtilt is about 16.0° against a vertical beamwidth of 6.0° at a mounting height of 30.1m, which narrows the effective coverage radius and pulls the main beam toward the ground close to the site. The serving SS-RSRP averages -80.7 dBm, consistent with weak far-end coverage caused by excessive downtilt.
\boxed{V4}"
ID_CAD74E7T0A_1,"The average scheduled RB count is about 157.6, below the 160-RB threshold needed to sustain high throughput, directly explaining the low observed data rate.
\boxed{O4}"
ID_CAD74E7T0A_2,"The average scheduled RB count is about 155.7, below the 160-RB threshold needed to sustain high throughput, directly explaining the low observed data rate.
\boxed{O4}"
ID_CAD74E7T0A_3,"The average scheduled RB count is about 155.7, below the 160-RB threshold needed to sustain high throughput, directly explaining the low observed data rate.
\boxed{O4}"
ID_CAD74E7T0A_4,"The average scheduled RB count is about 155.6, below the 160-RB threshold needed to sustain high throughput, directly explaining the low observed data rate.
\boxed{O4}"
ID_3ZVSVV45DN_1,"The serving PCI changes 3 times across this short window of data, indicating frequent handovers that interrupt scheduling and degrade sustained throughput.
\boxed{C}"
ID_3ZVSVV45DN_2,"The serving PCI changes 3 times across this short window of data, indicating frequent handovers that interrupt scheduling and degrade sustained throughput.
\boxed{C}"
ID_3ZVSVV45DN_3,"The serving PCI changes 3 times across this short window of data, indicating frequent handovers that interrupt scheduling and degrade sustained throughput.
\boxed{C}"
ID_3ZVSVV45DN_4,"The serving PCI changes 3 times across this short window of data, indicating frequent handovers that interrupt scheduling and degrade sustained throughput.
\boxed{C}"
ID_KBS0D3N0UT_1,"Neighbor cell(s) [650] arrive at comparable signal strength to the serving cell but originate from a different, non-colocated site, producing severe overlapping coverage that degrades throughput.
\boxed{Y7}"
ID_KBS0D3N0UT_2,"Neighbor cell(s) [650] arrive at comparable signal strength to the serving cell but originate from a different, non-colocated site, producing severe overlapping coverage that degrades throughput.
\boxed{Y7}"
ID_KBS0D3N0UT_3,"Neighbor cell(s) [650] arrive at comparable signal strength to the serving cell but originate from a different, non-colocated site, producing severe overlapping coverage that degrades throughput.
\boxed{Y7}"
ID_KBS0D3N0UT_4,"Neighbor cell(s) [650] arrive at comparable signal strength to the serving cell but originate from a different, non-colocated site, producing severe overlapping coverage that degrades throughput.
\boxed{Y7}"
ID_JI33XS1BKU_1,"The average scheduled RB count is about 145.7, below the 160-RB threshold needed to sustain high throughput, directly explaining the low observed data rate.
\boxed{L4}"
ID_JI33XS1BKU_2,"The serving cell (PCI 650) shares PCI mod 30 with neighbor PCI(s) [990], causing reference-signal collision and interference that suppresses throughput.
\boxed{L8}"
ID_JI33XS1BKU_3,"The serving cell's total downtilt is about 15.0° against a vertical beamwidth of 12.0° at a mounting height of 30.1m, which narrows the effective coverage radius and pulls the main beam toward the ground close to the site. The serving SS-RSRP averages -80.7 dBm, consistent with weak far-end coverage caused by excessive downtilt.
\boxed{L5}"
ID_JI33XS1BKU_4,"The average scheduled RB count is about 132.8, below the 160-RB threshold needed to sustain high throughput, directly explaining the low observed data rate.
\boxed{L4}"
ID_JHQS7F54YY_1,"The serving cell (PCI 650) shares PCI mod 30 with neighbor PCI(s) [433], causing reference-signal collision and interference that suppresses throughput.
\boxed{8}"
ID_JHQS7F54YY_2,"The serving cell (PCI 650) shares PCI mod 30 with neighbor PCI(s) [433], causing reference-signal collision and interference that suppresses throughput.
\boxed{8}"
ID_JHQS7F54YY_3,"The serving cell (PCI 650) shares PCI mod 30 with neighbor PCI(s) [433], causing reference-signal collision and interference that suppresses throughput.
\boxed{8}"
ID_JHQS7F54YY_4,"The serving cell (PCI 650) shares PCI mod 30 with neighbor PCI(s) [433], causing reference-signal collision and interference that suppresses throughput.
\boxed{8}"
ID_YVK3CYF5N7_1,"The serving cell (PCI 455) shares PCI mod 30 with neighbor PCI(s) [575], causing reference-signal collision and interference that suppresses throughput.
\boxed{6}"
ID_YVK3CYF5N7_2,"The serving cell (PCI 455) shares PCI mod 30 with neighbor PCI(s) [575], causing reference-signal collision and interference that suppresses throughput.
\boxed{6}"
ID_YVK3CYF5N7_3,"The serving cell (PCI 455) shares PCI mod 30 with neighbor PCI(s) [575], causing reference-signal collision and interference that suppresses throughput.
\boxed{6}"
ID_YVK3CYF5N7_4,"The serving cell (PCI 455) shares PCI mod 30 with neighbor PCI(s) [575], causing reference-signal collision and interference that suppresses throughput.
\boxed{6}"
ID_BE7M11SLQ1_1,"The serving cell's total downtilt of about 10.0° is shallow relative to its vertical beamwidth of 6.0°, extending the main beam's reach well beyond the intended ~1km coverage radius, indicating the cell is over-shooting its intended coverage area rather than being properly contained.
\boxed{L3}"
ID_BE7M11SLQ1_2,"The serving cell's total downtilt of about 10.0° is shallow relative to its vertical beamwidth of 6.0°, extending the main beam's reach well beyond the intended ~1km coverage radius, indicating the cell is over-shooting its intended coverage area rather than being properly contained.
\boxed{L3}"
ID_BE7M11SLQ1_3,"The serving cell's total downtilt of about 10.0° is shallow relative to its vertical beamwidth of 6.0°, extending the main beam's reach well beyond the intended ~1km coverage radius, indicating the cell is over-shooting its intended coverage area rather than being properly contained.
\boxed{L3}"
ID_BE7M11SLQ1_4,"The serving cell's total downtilt of about 10.0° is shallow relative to its vertical beamwidth of 6.0°, extending the main beam's reach well beyond the intended ~1km coverage radius, indicating the cell is over-shooting its intended coverage area rather than being properly contained.
\boxed{L3}"
ID_LOY8I85EL3_1,"Neighbor cell(s) [420] arrive at comparable signal strength to the serving cell but originate from a different, non-colocated site, producing severe overlapping coverage that degrades throughput.
\boxed{D7}"
ID_LOY8I85EL3_2,"Neighbor cell(s) [420] arrive at comparable signal strength to the serving cell but originate from a different, non-colocated site, producing severe overlapping coverage that degrades throughput.
\boxed{D7}"
ID_LOY8I85EL3_3,"The serving cell (PCI 455) shares PCI mod 30 with neighbor PCI(s) [530, 610], causing reference-signal collision and interference that suppresses throughput.
\boxed{D4}"
ID_LOY8I85EL3_4,"The serving cell (PCI 455) shares PCI mod 30 with neighbor PCI(s) [530, 610], causing reference-signal collision and interference that suppresses throughput.
\boxed{D4}"
ID_230B9D55K1_1,"The average scheduled RB count is about 155.7, below the 160-RB threshold needed to sustain high throughput, directly explaining the low observed data rate.
\boxed{L7}"
ID_230B9D55K1_2,"The average scheduled RB count is about 155.2, below the 160-RB threshold needed to sustain high throughput, directly explaining the low observed data rate.
\boxed{L7}"
ID_230B9D55K1_3,"The average scheduled RB count is about 156.2, below the 160-RB threshold needed to sustain high throughput, directly explaining the low observed data rate.
\boxed{L7}"
ID_230B9D55K1_4,"The average scheduled RB count is about 155.7, below the 160-RB threshold needed to sustain high throughput, directly explaining the low observed data rate.
\boxed{L7}"
ID_EYRBVGSH0F_1,"Neighbor cell(s) [871] arrive at comparable signal strength to the serving cell but originate from a different, non-colocated site, producing severe overlapping coverage that degrades throughput.
\boxed{1}"
ID_EYRBVGSH0F_2,"Neighbor cell(s) [871] arrive at comparable signal strength to the serving cell but originate from a different, non-colocated site, producing severe overlapping coverage that degrades throughput.
\boxed{1}"
ID_EYRBVGSH0F_3,"Neighbor cell(s) [871] arrive at comparable signal strength to the serving cell but originate from a different, non-colocated site, producing severe overlapping coverage that degrades throughput.
\boxed{1}"
ID_EYRBVGSH0F_4,"The serving cell's total downtilt is about 14.0° against a vertical beamwidth of 6.0° at a mounting height of 30.1m, which narrows the effective coverage radius and pulls the main beam toward the ground close to the site. The serving SS-RSRP averages -80.9 dBm, consistent with weak far-end coverage caused by excessive downtilt.
\boxed{5}"
ID_9N39JI049J_1,"The serving PCI changes 3 times across this short drive-test window, indicating frequent handovers that interrupt scheduling and degrade sustained throughput.
\boxed{S6}"
ID_9N39JI049J_2,"The serving PCI changes 3 times across this short drive-test window, indicating frequent handovers that interrupt scheduling and degrade sustained throughput.
\boxed{S6}"
ID_9N39JI049J_3,"The serving PCI changes 3 times across this short drive-test window, indicating frequent handovers that interrupt scheduling and degrade sustained throughput.
\boxed{S6}"
ID_9N39JI049J_4,"The serving PCI changes 3 times across this short drive-test window, indicating frequent handovers that interrupt scheduling and degrade sustained throughput.
\boxed{S6}"
ID_VPVMIXA0BF_1,"The average scheduled RB count is about 158.4, below the 160-RB threshold needed to sustain high throughput, directly explaining the low observed data rate.
\boxed{6}"
ID_VPVMIXA0BF_2,"The average scheduled RB count is about 158.2, below the 160-RB threshold needed to sustain high throughput, directly explaining the low observed data rate.
\boxed{6}"
ID_VPVMIXA0BF_3,"The average scheduled RB count is about 157.6, below the 160-RB threshold needed to sustain high throughput, directly explaining the low observed data rate.
\boxed{6}"
ID_VPVMIXA0BF_4,"The average scheduled RB count is about 158.3, below the 160-RB threshold needed to sustain high throughput, directly explaining the low observed data rate.
\boxed{6}"
ID_NMZWMAEEL1_1,"The serving PCI changes 3 times across this short drive-test window, indicating frequent handovers that interrupt scheduling and degrade sustained throughput.
\boxed{6}"
ID_NMZWMAEEL1_2,"The serving PCI changes 3 times across this short drive-test window, indicating frequent handovers that interrupt scheduling and degrade sustained throughput.
\boxed{6}"
ID_NMZWMAEEL1_3,"The serving PCI changes 3 times across this short drive-test window, indicating frequent handovers that interrupt scheduling and degrade sustained throughput.
\boxed{6}"
ID_NMZWMAEEL1_4,"The serving PCI changes 3 times across this short drive-test window, indicating frequent handovers that interrupt scheduling and degrade sustained throughput.
\boxed{6}"
ID_0U945BIL64_1,"Neighbor cell(s) [454] arrive at comparable signal strength to the serving cell but originate from a different, non-colocated site, producing severe overlapping coverage that degrades throughput.
\boxed{2}"
ID_0U945BIL64_2,"Neighbor cell(s) [454] arrive at comparable signal strength to the serving cell but originate from a different, non-colocated site, producing severe overlapping coverage that degrades throughput.
\boxed{2}"
ID_0U945BIL64_3,"Neighbor cell(s) [454] arrive at comparable signal strength to the serving cell but originate from a different, non-colocated site, producing severe overlapping coverage that degrades throughput.
\boxed{2}"
ID_0U945BIL64_4,"Neighbor cell(s) [454] arrive at comparable signal strength to the serving cell but originate from a different, non-colocated site, producing severe overlapping coverage that degrades throughput.
\boxed{2}"
ID_G18ANOEEFJ_1,"A neighboring cell reaches this location with a filtered Tx BRSRP of about -68.4 dBm, comparable to or stronger than the serving cell's average SS-RSRP of -78.9 dBm, suggesting a neighbor would deliver higher throughput than the current serving cell.
\boxed{5}"
ID_G18ANOEEFJ_2,"A neighboring cell reaches this location with a filtered Tx BRSRP of about -68.4 dBm, comparable to or stronger than the serving cell's average SS-RSRP of -78.4 dBm, suggesting a neighbor would deliver higher throughput than the current serving cell.
\boxed{5}"
ID_G18ANOEEFJ_3,"The average scheduled RB count is about 157.9, below the 160-RB threshold needed to sustain high throughput, directly explaining the low observed data rate.
\boxed{2}"
ID_G18ANOEEFJ_4,"The average scheduled RB count is about 156.7, below the 160-RB threshold needed to sustain high throughput, directly explaining the low observed data rate.
\boxed{2}"
ID_9Y4IPELCCY_1,"The serving cell (PCI 553) shares PCI mod 30 with neighbor PCI(s) [433], causing reference-signal collision and interference that suppresses throughput.
\boxed{L4}"
ID_9Y4IPELCCY_2,"The serving cell (PCI 553) shares PCI mod 30 with neighbor PCI(s) [433], causing reference-signal collision and interference that suppresses throughput.
\boxed{L4}"
ID_9Y4IPELCCY_3,"The serving cell (PCI 553) shares PCI mod 30 with neighbor PCI(s) [433], causing reference-signal collision and interference that suppresses throughput.
\boxed{L4}"
ID_9Y4IPELCCY_4,"The serving cell (PCI 553) shares PCI mod 30 with neighbor PCI(s) [433], causing reference-signal collision and interference that suppresses throughput.
\boxed{L4}"
ID_1IFKLSZ2IE_1,"The average scheduled RB count is about 159.7, below the 160-RB threshold needed to sustain high throughput, directly explaining the low observed data rate.
\boxed{4}"
ID_1IFKLSZ2IE_2,"The average scheduled RB count is about 159.9, below the 160-RB threshold needed to sustain high throughput, directly explaining the low observed data rate.
\boxed{4}"
ID_1IFKLSZ2IE_3,"The average scheduled RB count is about 159.6, below the 160-RB threshold needed to sustain high throughput, directly explaining the low observed data rate.
\boxed{4}"
ID_1IFKLSZ2IE_4,"The average scheduled RB count is about 159.4, below the 160-RB threshold needed to sustain high throughput, directly explaining the low observed data rate.
\boxed{4}"
ID_0XETIV8Z3A_1,"Neighbor cell(s) [650] arrive at comparable signal strength to the serving cell but originate from a different, non-colocated site, producing severe overlapping coverage that degrades throughput.
\boxed{C2}"
ID_0XETIV8Z3A_2,"Neighbor cell(s) [650] arrive at comparable signal strength to the serving cell but originate from a different, non-colocated site, producing severe overlapping coverage that degrades throughput.
\boxed{C2}"
ID_0XETIV8Z3A_3,"Neighbor cell(s) [650] arrive at comparable signal strength to the serving cell but originate from a different, non-colocated site, producing severe overlapping coverage that degrades throughput.
\boxed{C2}"
ID_0XETIV8Z3A_4,"Neighbor cell(s) [650] arrive at comparable signal strength to the serving cell but originate from a different, non-colocated site, producing severe overlapping coverage that degrades throughput.
\boxed{C2}"
ID_97Y2MZMYFA_1,"The serving PCI changes 3 times across this short drive-test window, indicating frequent handovers that interrupt scheduling and degrade sustained throughput.
\boxed{4}"
ID_97Y2MZMYFA_2,"The serving PCI changes 3 times across this short drive-test window, indicating frequent handovers that interrupt scheduling and degrade sustained throughput.
\boxed{4}"
ID_97Y2MZMYFA_3,"The serving PCI changes 3 times across this short drive-test window, indicating frequent handovers that interrupt scheduling and degrade sustained throughput.
\boxed{4}"
ID_97Y2MZMYFA_4,"The serving PCI changes 3 times across this short drive-test window, indicating frequent handovers that interrupt scheduling and degrade sustained throughput.
\boxed{4}"
ID_LL4OY83XSO_1,"Neighbor cell(s) [298] arrive at comparable signal strength to the serving cell but originate from a different, non-colocated site, producing severe overlapping coverage that degrades throughput.
\boxed{T6}"
ID_LL4OY83XSO_2,"Neighbor cell(s) [298] arrive at comparable signal strength to the serving cell but originate from a different, non-colocated site, producing severe overlapping coverage that degrades throughput.
\boxed{T6}"
ID_LL4OY83XSO_3,"Neighbor cell(s) [298] arrive at comparable signal strength to the serving cell but originate from a different, non-colocated site, producing severe overlapping coverage that degrades throughput.
\boxed{T6}"
ID_LL4OY83XSO_4,"The average scheduled RB count is about 158.7, below the 160-RB threshold needed to sustain high throughput, directly explaining the low observed data rate.
\boxed{T1}"
ID_PH3AYQBQ6C_1,"The average scheduled RB count is about 164.1, below the 160-RB threshold needed to sustain high throughput, directly explaining the low observed data rate.
\boxed{E6}"
ID_PH3AYQBQ6C_2,"The average scheduled RB count is about 164.1, below the 160-RB threshold needed to sustain high throughput, directly explaining the low observed data rate.
\boxed{E6}"
ID_PH3AYQBQ6C_3,"A neighboring cell reaches this location with a filtered Tx BRSRP of about -73.5 dBm, comparable to or stronger than the serving cell's average SS-RSRP of -76.0 dBm, suggesting a neighbor would deliver higher throughput than the current serving cell.
\boxed{E5}"
ID_PH3AYQBQ6C_4,"The average scheduled RB count is about 163.2, below the 160-RB threshold needed to sustain high throughput, directly explaining the low observed data rate.
\boxed{E6}"
ID_MTFVC384LD_1,"The serving cell's total downtilt is about 31.0° against a vertical beamwidth of 6.0° at a mounting height of 72.0m, which narrows the effective coverage radius and pulls the main beam toward the ground close to the site. The serving SS-RSRP averages -81.7 dBm, consistent with weak far-end coverage caused by excessive downtilt.
\boxed{2}"
ID_MTFVC384LD_2,"The serving cell's total downtilt is about 32.0° against a vertical beamwidth of 6.0° at a mounting height of 72.0m, which narrows the effective coverage radius and pulls the main beam toward the ground close to the site. The serving SS-RSRP averages -81.6 dBm, consistent with weak far-end coverage caused by excessive downtilt.
\boxed{2}"
ID_MTFVC384LD_3,"The serving cell's total downtilt is about 31.0° against a vertical beamwidth of 6.0° at a mounting height of 72.0m, which narrows the effective coverage radius and pulls the main beam toward the ground close to the site. The serving SS-RSRP averages -81.9 dBm, consistent with weak far-end coverage caused by excessive downtilt.
\boxed{2}"
ID_MTFVC384LD_4,"The serving cell's total downtilt is about 32.0° against a vertical beamwidth of 6.0° at a mounting height of 72.0m, which narrows the effective coverage radius and pulls the main beam toward the ground close to the site. The serving SS-RSRP averages -81.9 dBm, consistent with weak far-end coverage caused by excessive downtilt.
\boxed{2}"
ID_JN566X8T17_1,"The serving PCI changes 3 times across this short window of data, indicating frequent handovers that interrupt scheduling and degrade sustained throughput.
\boxed{E}"
ID_JN566X8T17_2,"The serving PCI changes 3 times across this short window of data, indicating frequent handovers that interrupt scheduling and degrade sustained throughput.
\boxed{E}"
ID_JN566X8T17_3,"The serving PCI changes 3 times across this short window of data, indicating frequent handovers that interrupt scheduling and degrade sustained throughput.
\boxed{E}"
ID_JN566X8T17_4,"The serving PCI changes 3 times across this short window of data, indicating frequent handovers that interrupt scheduling and degrade sustained throughput.
\boxed{E}"
ID_ATYH603SL4_1,"The average scheduled RB count is about 166.3, below the 160-RB threshold needed to sustain high throughput, directly explaining the low observed data rate.
\boxed{1}"
ID_ATYH603SL4_2,"The average scheduled RB count is about 166.3, below the 160-RB threshold needed to sustain high throughput, directly explaining the low observed data rate.
\boxed{1}"
ID_ATYH603SL4_3,"The average scheduled RB count is about 166.4, below the 160-RB threshold needed to sustain high throughput, directly explaining the low observed data rate.
\boxed{1}"
ID_ATYH603SL4_4,"The average scheduled RB count is about 166.4, below the 160-RB threshold needed to sustain high throughput, directly explaining the low observed data rate.
\boxed{1}"
ID_8EJB03GIO3_1,"The average scheduled RB count is about 166.9, below the 160-RB threshold needed to sustain high throughput, directly explaining the low observed data rate.
\boxed{X4}"
ID_8EJB03GIO3_2,"The average scheduled RB count is about 166.6, below the 160-RB threshold needed to sustain high throughput, directly explaining the low observed data rate.
\boxed{X4}"
ID_8EJB03GIO3_3,"The average scheduled RB count is about 167.6, below the 160-RB threshold needed to sustain high throughput, directly explaining the low observed data rate.
\boxed{X4}"
ID_8EJB03GIO3_4,"The average scheduled RB count is about 166.6, below the 160-RB threshold needed to sustain high throughput, directly explaining the low observed data rate.
\boxed{X4}"
ID_Z14NBM6N6L_1,"Neighbor cell(s) [818] arrive at comparable signal strength to the serving cell but originate from a different, non-colocated site, producing severe overlapping coverage that degrades throughput.
\boxed{7}"
ID_Z14NBM6N6L_2,"Neighbor cell(s) [818] arrive at comparable signal strength to the serving cell but originate from a different, non-colocated site, producing severe overlapping coverage that degrades throughput.
\boxed{7}"
ID_Z14NBM6N6L_3,"Neighbor cell(s) [818] arrive at comparable signal strength to the serving cell but originate from a different, non-colocated site, producing severe overlapping coverage that degrades throughput.
\boxed{7}"
ID_Z14NBM6N6L_4,"Neighbor cell(s) [818] arrive at comparable signal strength to the serving cell but originate from a different, non-colocated site, producing severe overlapping coverage that degrades throughput.
\boxed{7}"
ID_J6FQG0UAWL_1,"The serving PCI changes 3 times across this short window of data, indicating frequent handovers that interrupt scheduling and degrade sustained throughput.
\boxed{A}"
ID_J6FQG0UAWL_2,"The serving PCI changes 3 times across this short window of data, indicating frequent handovers that interrupt scheduling and degrade sustained throughput.
\boxed{A}"
ID_J6FQG0UAWL_3,"The serving PCI changes 3 times across this short window of data, indicating frequent handovers that interrupt scheduling and degrade sustained throughput.
\boxed{A}"
ID_J6FQG0UAWL_4,"The serving PCI changes 3 times across this short window of data, indicating frequent handovers that interrupt scheduling and degrade sustained throughput.
\boxed{A}"
ID_K8GD5DA4E2_1,"The serving cell's total downtilt of about 14.0° is shallow relative to its vertical beamwidth of 6.0°, extending the main beam's reach well beyond the intended ~1km coverage radius, indicating the cell is over-shooting its intended coverage area rather than being properly contained.
\boxed{T8}"
ID_K8GD5DA4E2_2,"The serving cell's total downtilt of about 14.0° is shallow relative to its vertical beamwidth of 6.0°, extending the main beam's reach well beyond the intended ~1km coverage radius, indicating the cell is over-shooting its intended coverage area rather than being properly contained.
\boxed{T8}"
ID_K8GD5DA4E2_3,"The serving cell's total downtilt of about 14.0° is shallow relative to its vertical beamwidth of 6.0°, extending the main beam's reach well beyond the intended ~1km coverage radius, indicating the cell is over-shooting its intended coverage area rather than being properly contained.
\boxed{T8}"
ID_K8GD5DA4E2_4,"The serving cell's total downtilt of about 13.0° is shallow relative to its vertical beamwidth of 6.0°, extending the main beam's reach well beyond the intended ~1km coverage radius, indicating the cell is over-shooting its intended coverage area rather than being properly contained.
\boxed{T8}"
ID_CWL5PMSD61_1,"The serving PCI changes 3 times across this short drive-test window, indicating frequent handovers that interrupt scheduling and degrade sustained throughput.
\boxed{D8}"
ID_CWL5PMSD61_2,"The serving PCI changes 3 times across this short drive-test window, indicating frequent handovers that interrupt scheduling and degrade sustained throughput.
\boxed{D8}"
ID_CWL5PMSD61_3,"The serving PCI changes 3 times across this short drive-test window, indicating frequent handovers that interrupt scheduling and degrade sustained throughput.
\boxed{D8}"
ID_CWL5PMSD61_4,"The serving PCI changes 3 times across this short drive-test window, indicating frequent handovers that interrupt scheduling and degrade sustained throughput.
\boxed{D8}"
ID_FK2WBS18RB_1,"The serving cell's total downtilt of about 23.0° is shallow relative to its vertical beamwidth of 6.0°, extending the main beam's reach well beyond the intended ~1km coverage radius, indicating the cell is over-shooting its intended coverage area rather than being properly contained.
\boxed{1}"
ID_FK2WBS18RB_2,"The serving cell's total downtilt of about 23.0° is shallow relative to its vertical beamwidth of 6.0°, extending the main beam's reach well beyond the intended ~1km coverage radius, indicating the cell is over-shooting its intended coverage area rather than being properly contained.
\boxed{1}"
ID_FK2WBS18RB_3,"The serving cell's total downtilt of about 23.0° is shallow relative to its vertical beamwidth of 6.0°, extending the main beam's reach well beyond the intended ~1km coverage radius, indicating the cell is over-shooting its intended coverage area rather than being properly contained.
\boxed{1}"
ID_FK2WBS18RB_4,"The serving cell's total downtilt of about 23.0° is shallow relative to its vertical beamwidth of 6.0°, extending the main beam's reach well beyond the intended ~1km coverage radius, indicating the cell is over-shooting its intended coverage area rather than being properly contained.
\boxed{1}"
ID_9NMULFOCCM_1,"The serving PCI changes 3 times across this short drive-test window, indicating frequent handovers that interrupt scheduling and degrade sustained throughput.
\boxed{4}"
ID_9NMULFOCCM_2,"The serving PCI changes 3 times across this short drive-test window, indicating frequent handovers that interrupt scheduling and degrade sustained throughput.
\boxed{4}"
ID_9NMULFOCCM_3,"The serving PCI changes 3 times across this short drive-test window, indicating frequent handovers that interrupt scheduling and degrade sustained throughput.
\boxed{4}"
ID_9NMULFOCCM_4,"The serving PCI changes 3 times across this short drive-test window, indicating frequent handovers that interrupt scheduling and degrade sustained throughput.
\boxed{4}"
ID_3NYG3198OY_1,"The average scheduled RB count is about 166.8, below the 160-RB threshold needed to sustain high throughput, directly explaining the low observed data rate.
\boxed{4}"
ID_3NYG3198OY_2,"The average scheduled RB count is about 166.7, below the 160-RB threshold needed to sustain high throughput, directly explaining the low observed data rate.
\boxed{4}"
ID_3NYG3198OY_3,"The average scheduled RB count is about 166.8, below the 160-RB threshold needed to sustain high throughput, directly explaining the low observed data rate.
\boxed{4}"
ID_3NYG3198OY_4,"The average scheduled RB count is about 167.6, below the 160-RB threshold needed to sustain high throughput, directly explaining the low observed data rate.
\boxed{4}"
ID_928TKKT5DT_1,"The serving cell's total downtilt is about 16.0° against a vertical beamwidth of 12.0° at a mounting height of 30.1m, which narrows the effective coverage radius and pulls the main beam toward the ground close to the site. The serving SS-RSRP averages -80.7 dBm, consistent with weak far-end coverage caused by excessive downtilt.
\boxed{N3}"
ID_928TKKT5DT_2,"The serving cell's total downtilt is about 16.0° against a vertical beamwidth of 12.0° at a mounting height of 30.1m, which narrows the effective coverage radius and pulls the main beam toward the ground close to the site. The serving SS-RSRP averages -80.6 dBm, consistent with weak far-end coverage caused by excessive downtilt.
\boxed{N3}"
ID_928TKKT5DT_3,"The serving cell's total downtilt is about 16.0° against a vertical beamwidth of 12.0° at a mounting height of 30.1m, which narrows the effective coverage radius and pulls the main beam toward the ground close to the site. The serving SS-RSRP averages -80.7 dBm, consistent with weak far-end coverage caused by excessive downtilt.
\boxed{N3}"
ID_928TKKT5DT_4,"The serving cell's total downtilt is about 16.0° against a vertical beamwidth of 6.0° at a mounting height of 30.1m, which narrows the effective coverage radius and pulls the main beam toward the ground close to the site. The serving SS-RSRP averages -80.7 dBm, consistent with weak far-end coverage caused by excessive downtilt.
\boxed{N3}"
ID_56W1BWI1GR_1,"The average scheduled RB count is about 163.1, below the 160-RB threshold needed to sustain high throughput, directly explaining the low observed data rate.
\boxed{F6}"
ID_56W1BWI1GR_2,"The average scheduled RB count is about 162.2, below the 160-RB threshold needed to sustain high throughput, directly explaining the low observed data rate.
\boxed{F6}"
ID_56W1BWI1GR_3,"The average scheduled RB count is about 162.4, below the 160-RB threshold needed to sustain high throughput, directly explaining the low observed data rate.
\boxed{F6}"
ID_56W1BWI1GR_4,"The average scheduled RB count is about 163.0, below the 160-RB threshold needed to sustain high throughput, directly explaining the low observed data rate.
\boxed{F6}"
ID_TF2QY7QAOU_1,"The serving cell (PCI 650) shares PCI mod 30 with neighbor PCI(s) [433, 990], causing reference-signal collision and interference that suppresses throughput.
\boxed{5}"
ID_TF2QY7QAOU_2,"The serving cell (PCI 650) shares PCI mod 30 with neighbor PCI(s) [433, 818], causing reference-signal collision and interference that suppresses throughput.
\boxed{5}"
ID_TF2QY7QAOU_3,"The serving cell (PCI 650) shares PCI mod 30 with neighbor PCI(s) [433, 990], causing reference-signal collision and interference that suppresses throughput.
\boxed{5}"
ID_TF2QY7QAOU_4,"The serving cell (PCI 650) shares PCI mod 30 with neighbor PCI(s) [433, 990], causing reference-signal collision and interference that suppresses throughput.
\boxed{5}"
ID_ZT3I4J8J18_1,"The serving PCI changes 3 times across this short drive-test window, indicating frequent handovers that interrupt scheduling and degrade sustained throughput.
\boxed{P7}"
ID_ZT3I4J8J18_2,"The serving cell (PCI 824) shares PCI mod 30 with neighbor PCI(s) 65, causing reference-signal collision and interference that suppresses throughput.
\boxed{P8}"
ID_ZT3I4J8J18_3,"The serving PCI changes 3 times across this short drive-test window, indicating frequent handovers that interrupt scheduling and degrade sustained throughput.
\boxed{P7}"
ID_ZT3I4J8J18_4,"The serving PCI changes 3 times across this short drive-test window, indicating frequent handovers that interrupt scheduling and degrade sustained throughput.
\boxed{P7}"
ID_5PBR9YP750_1,"The average scheduled RB count is about 149.9, below the 160-RB threshold needed to sustain high throughput, directly explaining the low observed data rate.
\boxed{4}"
ID_5PBR9YP750_2,"The average scheduled RB count is about 149.5, below the 160-RB threshold needed to sustain high throughput, directly explaining the low observed data rate.
\boxed{4}"
ID_5PBR9YP750_3,"The average scheduled RB count is about 152.6, below the 160-RB threshold needed to sustain high throughput, directly explaining the low observed data rate.
\boxed{4}"
ID_5PBR9YP750_4,"The average scheduled RB count is about 150.2, below the 160-RB threshold needed to sustain high throughput, directly explaining the low observed data rate.
\boxed{4}"
ID_IK23QYRRRM_1,"The serving PCI changes 3 times across this short drive-test window, indicating frequent handovers that interrupt scheduling and degrade sustained throughput.
\boxed{U1}"
ID_IK23QYRRRM_2,"The serving PCI changes 3 times across this short drive-test window, indicating frequent handovers that interrupt scheduling and degrade sustained throughput.
\boxed{U1}"
ID_IK23QYRRRM_3,"The serving PCI changes 3 times across this short drive-test window, indicating frequent handovers that interrupt scheduling and degrade sustained throughput.
\boxed{U1}"
ID_IK23QYRRRM_4,"The serving PCI changes 3 times across this short drive-test window, indicating frequent handovers that interrupt scheduling and degrade sustained throughput.
\boxed{U1}"
ID_9IWV9RADXZ_1,"The serving cell's total RSSI drops to about -91.4 dBm, consistent with weak coverage caused by excessive noise.
\boxed{F}"
ID_9IWV9RADXZ_2,"The serving cell's total RSSI drops to about -90.3 dBm, consistent with weak overall coverage caused by excessive interference or poor signal strength across the deployed spectrum.
\boxed{F}"
ID_9IWV9RADXZ_3,"The serving cell's total RSSI drops to about -91.4 dBm, comparable to strong noise level, suggesting severe interference rather than weak coverage.
\boxed{F}"
ID_9IWV9RADXZ_4,"The serving cell's total RSSI drops to about -91.4 dBm, consistent with weak overall coverage caused by excessive noise.
\boxed{F}"
ID_LA1YNV6UWL_1,"The serving cell's total downtilt is about 25.0° against a vertical beamwidth of 12.0° at a mounting height of 63.0m, which narrows the effective coverage radius and pulls the main signal toward the ground close to the site. The serving SS-RSRP averages -81.4 dBm, consistent with weak far-end coverage caused by excessive downtilt.
\boxed{6}"
ID_LA1YNV6UWL_2,"Neighbor cell(s) [240] arrive at comparable signal strength to the serving cell but originate from a different, non-colocated site, producing severe overlapping coverage that degrades throughput.
\boxed{2}"
ID_LA1YNV6UWL_3,"Neighbor cell(s) [240] arrive at comparable signal strength to the serving cell but originate from a different, non-colocated site, producing severe overlapping coverage that degrades throughput.
\boxed{2}"
ID_LA1YNV6UWL_4,"Neighbor cell(s) [240] arrive at comparable signal strength to the serving cell but originate from a different, non-colocated site, producing severe overlapping coverage that degrades throughput.
\boxed{2}"
ID_DMO097AU9J_1,"The average scheduled RB count is about 154.0, below the 160-RB threshold needed to sustain high throughput, directly explaining the low observed data rate.
\boxed{3}"
ID_DMO097AU9J_2,"The average scheduled RB count is about 149.7, below the 160-RB threshold needed to sustain high throughput, directly explaining the low observed data rate.
\boxed{3}"
ID_DMO097AU9J_3,"A neighboring cell reaches this location with a filtered Tx BRSRP of about -68.6 dBm, comparable to or stronger than the serving cell's average SS-RSRP of -78.0 dBm, suggesting a neighbor would deliver higher throughput than the current serving cell.
\boxed{4}"
ID_DMO097AU9J_4,"The average scheduled RB count is about 155.0, below the 160-RB threshold needed to sustain high throughput, directly explaining the low observed data rate.
\boxed{3}"
ID_K4BMSFZSGW_1,"Neighbor cell(s) [208] arrive at comparable signal strength to the serving cell but originate from a different, non-colocated site, producing severe overlapping coverage that degrades throughput.
\boxed{O5}"
ID_K4BMSFZSGW_2,"Neighbor cell(s) [208] arrive at comparable signal strength to the serving cell but originate from a different, non-colocated site, producing severe overlapping coverage that degrades throughput.
\boxed{O5}"
ID_K4BMSFZSGW_3,"The serving cell (PCI 65) shares PCI mod 30 with neighbor PCI(s) [208], causing reference-signal collision and interference that suppresses throughput.
\boxed{O7}"
ID_K4BMSFZSGW_4,"The serving cell (PCI 65) shares PCI mod 30 with neighbor PCI(s) [208], causing reference-signal collision and interference that suppresses throughput.
\boxed{O7}"
ID_MLXY5KQ6PZ_1,"Neighbor cell(s) [440] arrive at comparable signal strength to the serving cell but originate from a different, non-colocated site, producing severe overlapping coverage that degrades throughput.
\boxed{8}"
ID_MLXY5KQ6PZ_2,"The serving cell (PCI 990) shares PCI mod 30 with neighbor PCI(s) [650], causing reference-signal collision and interference that suppresses throughput.
\boxed{4}"
ID_MLXY5KQ6PZ_3,"Neighbor cell(s) [440] arrive at comparable signal strength to the serving cell but originate from a different, non-colocated site, producing severe overlapping coverage that degrades throughput.
\boxed{8}"
ID_MLXY5KQ6PZ_4,"Neighbor cell(s) [440] arrive at comparable signal strength to the serving cell but originate from a different, non-colocated site, producing severe overlapping coverage that degrades throughput.
\boxed{8}"
ID_6QKCDL5E1V_1,"The average scheduled RB count is about 153.9, below the 160-RB threshold needed to sustain high throughput, directly explaining the low observed data rate.
\boxed{4}"
ID_6QKCDL5E1V_2,"The average scheduled RB count is about 149.7, below the 160-RB threshold needed to sustain high throughput, directly explaining the low observed data rate.
\boxed{4}"
ID_6QKCDL5E1V_3,"The average scheduled RB count is about 153.3, below the 160-RB threshold needed to sustain high throughput, directly explaining the low observed data rate.
\boxed{4}"
ID_6QKCDL5E1V_4,"The average scheduled RB count is about 149.4, below the 160-RB threshold needed to sustain high throughput, directly explaining the low observed data rate.
\boxed{4}"
ID_P4X4KA271B_1,"The serving PCI changes 3 times across this short window of data, indicating frequent handovers that interrupt scheduling and degrade sustained throughput.
\boxed{E}"
ID_P4X4KA271B_2,"Serving PCI changes 140 to 141 at this point, indicating the serving cell is switching, which interrupts scheduling and causes discontinuity in service.
\boxed{C}"
ID_P4X4KA271B_3,"The serving PCI changes 3 times across this short window of data, indicating frequent handovers that interrupt scheduling and degrade sustained throughput.
\boxed{E}"
ID_P4X4KA271B_4,"The serving PCI changes 3 times across this short window of data, indicating frequent handovers that interrupt scheduling and degrade sustained throughput.
\boxed{E}"
ID_JZN3BO0XY3_1,"Neighbor cell(s) [650] arrive at comparable signal strength to the serving cell but originate from a different, non-colocated site, producing severe overlapping coverage that degrades throughput.
\boxed{U8}"
ID_JZN3BO0XY3_2,"Neighbor cell(s) [650] arrive at comparable signal strength to the serving cell but originate from a different, non-colocated site, producing severe overlapping coverage that degrades throughput.
\boxed{U8}"
ID_JZN3BO0XY3_3,"Neighbor cell(s) [650] arrive at comparable signal strength to the serving cell but originate from a different, non-colocated site, producing severe overlapping coverage that degrades throughput.
\boxed{U8}"
ID_JZN3BO0XY3_4,"Neighbor cell(s) [650] arrive at comparable signal strength to the serving cell but originate from a different, non-colocated site, producing severe overlapping coverage that degrades throughput.
\boxed{U8}"
ID_EGUN8S9NMS_1,"The serving cell (PCI 650) shares PCI mod 30 with neighbor PCI(s) [433], causing reference-signal collision and interference that suppresses throughput.
\boxed{2}"
ID_EGUN8S9NMS_2,"The serving cell's total downtilt is about 15.0° against a vertical beamwidth of 12.0° at a mounting height of 30.1m, which narrows the effective coverage radius and pulls the main signal toward the ground close to the site. The serving SS-RSRP averages -84.5 dBm, consistent with weak far-end coverage caused by excessive downtilt.
\boxed{7}"
ID_EGUN8S9NMS_3,"The serving cell's total downtilt is about 15.0° against a vertical beamwidth of 6.0° at a mounting height of 30.1 m, which narrows the effective coverage radius and pulls the main signal toward the ground close to the site. The serving SS-RSRP averages -84.4 dBm, consistent with weak far-end coverage caused by excessive downtilt.
\boxed{7}"
ID_EGUN8S9NMS_4,"The serving cell (PCI 650) shares PCI mod 30 with neighbor PCI(s) [433], causing reference-signal collision and interference that suppresses throughput.
\boxed{2}"
ID_X9VIAPOU2F_1,"The serving PCI changes 3 times across this short drive-test window, indicating frequent handovers that interrupt scheduling and degrade sustained throughput.
\boxed{4}"
ID_X9VIAPOU2F_2,"The serving PCI changes 3 times across this short drive-test window, indicating frequent handovers that interrupt scheduling and degrade sustained throughput.
\boxed{4}"
ID_X9VIAPOU2F_3,"The serving PCI changes 3 times across this short drive-test window, indicating frequent handovers that interrupt scheduling and degrade sustained throughput.
\boxed{4}"
ID_X9VIAPOU2F_4,"The serving PCI changes 3 times across this short drive-test window, indicating frequent handovers that interrupt scheduling and degrade sustained throughput.
\boxed{4}"
ID_73DNFEPKPI_1,"The average scheduled RB count is about 154.2, below the 160-RB threshold needed to sustain high throughput, directly explaining the low observed data rate.
\boxed{V3}"
ID_73DNFEPKPI_2,"The serving cell's total downtilt is about 25.0° against a vertical beamwidth of 6.0° at a mounting height of 88.0m, which narrows the effective coverage radius and pulls the main beam toward the ground close to the site. The serving SS-RSRP averages -85.4 dBm, consistent with weak far-end coverage caused by excessive downtilt.
\boxed{V7}"
ID_73DNFEPKPI_3,"The serving cell's total downtilt is about 25.0° against a vertical beamwidth of 6.0° at a mounting height of 88.0m, which narrows the effective coverage radius and pulls the main beam toward the ground close to the site. The serving SS-RSRP averages -85.3 dBm, consistent with weak far-end coverage caused by excessive downtilt.
\boxed{V7}"
ID_73DNFEPKPI_4,"Neighbor cell(s) [240] arrive at comparable signal strength to the serving cell but originate from a different, non-colocated site, producing severe overlapping coverage that degrades throughput.
\boxed{V1}"
ID_J25S515NYH_1,"The serving cell (PCI 980) shares PCI mod 30 with neighbor PCI(s) [745], causing reference-signal collision and interference that suppresses throughput.
\boxed{5}"
ID_J25S515NYH_2,"The serving cell (PCI 980) shares PCI mod 30 with neighbor PCI(s) [745], causing reference-signal collision and interference that suppresses throughput.
\boxed{5}"
ID_J25S515NYH_3,"The serving cell (PCI 980) shares PCI mod 30 with neighbor PCI(s) [745], causing reference-signal collision and interference that suppresses throughput.
\boxed{5}"
ID_J25S515NYH_4,"The serving cell (PCI 980) shares PCI mod 30 with neighbor PCI(s) [745], causing reference-signal collision and interference that suppresses throughput.
\boxed{5}"
ID_7YEWB4HTUH_1,"The serving cell's total downtilt of about 15.0° is shallow relative to its vertical beamwidth of 12.0°, extending the main beam's reach well beyond the intended ~1km coverage radius, indicating the cell is over-shooting its intended coverage area rather than being properly contained.
\boxed{6}"
ID_7YEWB4HTUH_2,"The serving cell's total downtilt of about 15.0° is shallow relative to its vertical beamwidth of 6.0°, extending the main beam's reach well beyond the intended ~1km coverage radius, indicating the cell is over-shooting its intended coverage area rather than being properly contained.
\boxed{6}"
ID_7YEWB4HTUH_3,"The serving cell's total downtilt of about 15.0° is shallow relative to its vertical beamwidth of 12.0°, extending the main beam's reach well beyond the intended ~1km coverage radius, indicating the cell is over-shooting its intended coverage area rather than being properly contained.
\boxed{6}"
ID_7YEWB4HTUH_4,"The serving cell's total downtilt of about 15.0° is shallow relative to its vertical beamwidth of 12.0°, extending the main beam's reach well beyond the intended ~1km coverage radius, indicating the cell is over-shooting its intended coverage area rather than being properly contained.
\boxed{6}"
ID_PBRBLUMPGW_1,"Neighbor cell(s) [208] arrive at comparable signal strength to the serving cell but originate from a different, non-colocated site, producing severe overlapping coverage that degrades throughput.
\boxed{M5}"
ID_PBRBLUMPGW_2,"Neighbor cell(s) [208] arrive at comparable signal strength to the serving cell but originate from a different, non-colocated site, producing severe overlapping coverage that degrades throughput.
\boxed{M5}"
ID_PBRBLUMPGW_3,"Neighbor cell(s) [208] arrive at comparable signal strength to the serving cell but originate from a different, non-colocated site, producing severe overlapping coverage that degrades throughput.
\boxed{M5}"
ID_PBRBLUMPGW_4,"Neighbor cell(s) [208] arrive at comparable signal strength to the serving cell but originate from a different, non-colocated site, producing severe overlapping coverage that degrades throughput.
\boxed{M5}"
ID_XFPZKDGALH_1,"The serving cell's total downtilt of about 15.0° is shallow relative to its vertical beamwidth of 12.0°, extending the main beam's reach well beyond the intended ~1km coverage radius, indicating the cell is over-shooting its intended coverage area rather than being properly contained.
\boxed{5}"
ID_XFPZKDGALH_2,"The serving cell's total downtilt of about 15.0° is shallow relative to its vertical beamwidth of 12.0°, extending the main beam's reach well beyond the intended ~1km coverage radius, indicating the cell is over-shooting its intended coverage area rather than being properly contained.
\boxed{5}"
ID_XFPZKDGALH_3,"The serving cell's total downtilt of about 15.0° is shallow relative to its vertical beamwidth of 6.0°, which narrows the effective coverage radius and pulls the main beam toward the ground close to the site. The serving SS-RSRP averages -79.6 dBm, consistent with weak signal strength caused by excessive downtilt.
\boxed{1}"
ID_XFPZKDGALH_4,"The serving cell's total downtilt of about 15.0° is shallow relative to its vertical beamwidth of 6.0°, which narrows the effective coverage radius and pulls the main beam toward the ground close to the site. The serving SS-RSRP averages -80.2 dBm, consistent with weak far-end coverage caused by excessive downtilt.
\boxed{1}"
ID_7O4LR7FDM3_1,"The serving cell's total downtilt is about 26.0° against a vertical beamwidth of 12.0° at a mounting height of 63.0m, which narrows the effective coverage radius and pulls the main beam toward the ground close to the site. The serving SS-RSRP averages -80.7 dBm, consistent with weak far-end coverage caused by excessive downtilt.
\boxed{4}"
ID_7O4LR7FDM3_2,"The serving cell's total downtilt is about 26.0° against a vertical beamwidth of 12.0° at a mounting height of 63.0m, which narrows the effective coverage radius and pulls the main beam toward the ground close to the site. The serving SS-RSRP averages -80.7 dBm, consistent with weak far-end coverage caused by excessive downtilt.
\boxed{4}"
ID_7O4LR7FDM3_3,"The test vehicle's GPS speed averages 32.7 km/h and peaks at 69 km/h, with the peak exceeding the 40km/h mobility threshold at which scheduling and channel estimation degrade, impacting throughput.
\boxed{3}"
ID_7O4LR7FDM3_4,"The serving cell's total downtilt is about 26.0° against a vertical beamwidth of 12.0° at a mounting height of 63.0m, which narrows the effective coverage radius and pulls the main beam toward the ground close to the site. The serving SS-RSRP averages -80.8 dBm, consistent with weak far-end coverage caused by excessive downtilt.
\boxed{4}"
ID_1V30UKZXLX_1,"The serving PCI changes 3 times across this short window of data, indicating frequent handovers that interrupt scheduling and degrade sustained throughput.
\boxed{C}"
ID_1V30UKZXLX_2,"The serving PCI changes 3 times across this short window of data, indicating frequent handovers that interrupt scheduling and degrade sustained throughput.
\boxed{C}"
ID_1V30UKZXLX_3,"The serving PCI changes 3 times across this short window of data, indicating frequent handovers that interrupt scheduling and degrade sustained throughput.
\boxed{C}"
ID_1V30UKZXLX_4,"The serving PCI changes 3 times across this short window of data, indicating frequent handovers that interrupt scheduling and degrade sustained throughput.
\boxed{C}"
ID_7R4L4L4H1Z_1,"The serving cell's total RSRP drops below -89.4 dBm, consistent with weak coverage caused by poor signal strength.
\boxed{I}"
ID_7R4L4L4H1Z_2,"The serving cell's total RSSI drops to about -87.7 dBm, consistent with weak coverage caused by poor signal strength.
\boxed{I}"
ID_7R4L4L4H1Z_3,"The serving cell (PCI 306) shares PCI with neighbor PCI(s) 3250994, which shares PCI(s) with neighbor PCI(s) 3278723. This severe overlapping is causing reference-signal collision and interference that suppresses throughput.
\boxed{F}"
ID_7R4L4L4H1Z_4,"Neighbor cell(s) [3250994_504990_315] collide with this node's serving cell(s) [306], causing severe interference that suppresses throughput.
\boxed{F}"
ID_MQHMDV10ES_1,"The average scheduled RB count is about 168.0, below the 160-RB threshold needed to sustain high throughput, directly explaining the low observed data rate.
\boxed{2}"
ID_MQHMDV10ES_2,"The average scheduled RB count is about 168.1, below the 160-RB threshold needed to sustain high throughput, directly explaining the low observed data rate.
\boxed{2}"
ID_MQHMDV10ES_3,"The average scheduled RB count is about 168.0, below the 160-RB threshold needed to sustain high throughput, directly explaining the low observed data rate.
\boxed{2}"
ID_MQHMDV10ES_4,"The average scheduled RB count is about 168.0, below the 160-RB threshold needed to sustain high throughput, directly explaining the low observed data rate.
\boxed{2}"
ID_OX0VNTZVFH_1,"The average scheduled RB count is about 164.0, below the 160-RB threshold needed to sustain high throughput, directly explaining the low observed data rate.
\boxed{K8}"
ID_OX0VNTZVFH_2,"A neighboring cell reaches this location with a filtered Tx BRSRP of about -85.6 dBm, comparable to or stronger than the serving cell's average SS-RSRP of -81.9 dBm, suggesting a neighbor would deliver higher throughput than the current serving cell.
\boxed{K7}"
ID_OX0VNTZVFH_3,"The average scheduled RB count is about 164.0, below the 160-RB threshold needed to sustain high throughput, directly explaining the low observed data rate.
\boxed{K8}"
ID_OX0VNTZVFH_4,"The average scheduled RB count is about 164.3, below the 160-RB threshold needed to sustain high throughput, directly explaining the low observed data rate.
\boxed{K8}"
ID_WIBXV96JMB_1,"The serving PCI changes 3 times across this short drive-test window, indicating frequent handovers that interrupt scheduling and degrade sustained throughput.
\boxed{3}"
ID_WIBXV96JMB_2,"The serving PCI changes 3 times across this short drive-test window, indicating frequent handovers that interrupt scheduling and degrade sustained throughput.
\boxed{3}"
ID_WIBXV96JMB_3,"The serving PCI changes 3 times across this short drive-test window, indicating frequent handovers that interrupt scheduling and degrade sustained throughput.
\boxed{3}"
ID_WIBXV96JMB_4,"The serving PCI changes 3 times across this short drive-test window, indicating frequent handovers that interrupt scheduling and degrade sustained throughput.
\boxed{3}"
ID_UUC8V60VC1_1,"The average scheduled RB count is about 155.0, below the 160-RB threshold needed to sustain high throughput, directly explaining the low observed data rate.
\boxed{D7}"
ID_UUC8V60VC1_2,"The average scheduled RB count is about 155.6, below the 160-RB threshold needed to sustain high throughput, directly explaining the low observed data rate.
\boxed{D7}"
ID_UUC8V60VC1_3,"The average scheduled RB count is about 156.7, below the 160-RB threshold needed to sustain high throughput, directly explaining the low observed data rate.
\boxed{D7}"
ID_UUC8V60VC1_4,"The average scheduled RB count is about 155.8, below the 160-RB threshold needed to sustain high throughput, directly explaining the low observed data rate.
\boxed{D7}"
ID_OAR3M2PWRI_1,"The serving cell's total downtilt is about 25.0° against a vertical beamwidth of 6.0° at a mounting height of 35.0m, which narrows the effective coverage radius and pulls the main beam toward the ground close to the site. The serving SS-RSRP averages -79.1 dBm, consistent with weak far-end coverage caused by excessive downtilt.
\boxed{I3}"
ID_OAR3M2PWRI_2,"The serving cell's total downtilt is about 25.0° against a vertical beamwidth of 10.0° at a mounting height of 35.0m, which narrows the effective coverage radius and pulls the main beam toward the ground close to the site. The serving SS-RSRP averages -79.1 dBm, consistent with weak far-end coverage caused by excessive downtilt.
\boxed{I3}"
ID_OAR3M2PWRI_3,"The serving cell's total downtilt is about 15.0° against a vertical beamwidth of 6.0° at a mounting height of 35.0m, which narrows the effective coverage radius and pulls the main beam toward the ground close to the site. The serving SS-RSRP averages -79.1 dBm, consistent with weak far-end coverage caused by excessive downtilt.
\boxed{I3}"
ID_OAR3M2PWRI_4,"The serving cell's total downtilt is about 25.0° against a vertical beamwidth of 6.0° at a mounting height of 35.0m, which narrows the effective coverage radius and pulls the main beam toward the ground close to the site. This pulls the main signal toward the ground close to the site, shading off weaker signals compared to stronger ones, particularly from neighbors.
\boxed{I3}"
ID_UMEQK0MZ2A_1,"The serving PCI changes 3 times across this short window of data, indicating frequent handovers that interrupt scheduling and degrade sustained throughput.
\boxed{E}"
ID_UMEQK0MZ2A_2,"The serving PCI changes 3 times across this short window of data, indicating frequent handovers that interrupt scheduling and degrade sustained throughput.
\boxed{E}"
ID_UMEQK0MZ2A_3,"The serving PCI changes 3 times across this short window of data, indicating frequent handovers that interrupt scheduling and degrade sustained throughput.
\boxed{E}"
ID_UMEQK0MZ2A_4,"The serving PCI changes 3 times across this short window of data, indicating frequent handovers that interrupt scheduling and degrade sustained throughput.
\boxed{E}"
ID_2JQYOO94T3_1,"The serving cell's total downtilt of about 15.0° is shallow relative to its vertical beamwidth of 12.0°, extending the main beam's reach well beyond the intended ~1km coverage radius, indicating the cell is over-shooting its intended coverage area rather than being properly contained.
\boxed{D4}"
ID_2JQYOO94T3_2,"The serving cell's total downtilt of about 15.0° is shallow relative to its vertical beamwidth of 12.0°, extending the main beam's reach well beyond the intended ~1km coverage radius, indicating the cell is over-shooting its intended coverage area rather than being properly contained.
\boxed{D4}"
ID_2JQYOO94T3_3,"The serving cell's total downtilt of about 15.0° is shallow relative to its vertical beamwidth of 12.0°, extending the main beam's reach well beyond the intended ~1km coverage radius, indicating the cell is over-shooting its intended coverage area rather than being properly contained.
\boxed{D4}"
ID_2JQYOO94T3_4,"The serving cell's total downtilt is about 15.0° against a vertical beamwidth of 12.0° at a mounting height of 30.1m, which narrows the effective coverage radius and pulls the main beam toward the ground close to the site. The serving SS-RSRP averages -79.4 dBm, consistent with weak signal strength due to poor coverage.
\boxed{D1}"
ID_K92HWMISR4_1,"The serving cell (PCI 990) shares PCI mod 30 with neighbor PCI(s) [650], causing reference-signal collision and interference that suppresses throughput.
\boxed{D5}"
ID_K92HWMISR4_2,"The serving cell (PCI 990) shares PCI mod 30 with neighbor PCI(s) [650], causing reference-signal collision and interference that suppresses throughput.
\boxed{D5}"
ID_K92HWMISR4_3,"The serving cell (PCI 990) shares PCI mod 30 with neighbor PCI(s) [650], causing reference-signal collision and interference that suppresses throughput.
\boxed{D5}"
ID_K92HWMISR4_4,"The serving cell (PCI 990) shares PCI mod 30 with neighbor PCI(s) [650], causing reference-signal collision and interference that suppresses throughput.
\boxed{D5}"
ID_RYLTAO4IMT_1,"The serving cell's total RSRP drops to about -83.1 dBm, below the average of -85.3 dBm across all tested cells, indicating severe overall coverage degradation.
\boxed{A}"
ID_RYLTAO4IMT_2,"The serving cell's total RSRP drops below -83.1 dBm, indicating severe overall weak coverage caused by weak serving cell signal strength.
\boxed{C}"
ID_RYLTAO4IMT_3,"The serving cell's total RSSI declines to -82.0 dBm, comparable to noise level, suggesting severe interference from external sources.
\boxed{A}"
ID_RYLTAO4IMT_4,"The serving cell's total RSRP drops below -83.1 dBm, indicating severe weak coverage caused by excessive interference or lack of strong reference signals.
\boxed{C}"
ID_1ELUI9NBH1_1,"The serving PCI changes 3 times across this short drive-test window, indicating frequent handovers that interrupt scheduling and degrade sustained throughput.
\boxed{T7}"
ID_1ELUI9NBH1_2,"The serving PCI changes 3 times across this short window, indicating frequent handovers that interrupt scheduling and degrade sustained throughput.
\boxed{T7}"
ID_1ELUI9NBH1_3,"The serving PCI changes 3 times across this short window, indicating frequent handovers that interrupt scheduling and degrade sustained throughput.
\boxed{T7}"
ID_1ELUI9NBH1_4,"The serving PCI changes 3 times across this short drive-test window, indicating frequent handovers that interrupt scheduling and degrade sustained throughput.
\boxed{T7}"
ID_QODD23WIDQ_1,"Neighbor cell(s) [900.25] arrive at comparable signal strength to the serving cell but originate from a different, non-colocated site, producing severe overlapping coverage that degrades throughput.
\boxed{U2}"
ID_QODD23WIDQ_2,"Neighbor cell(s) [405] arrive at comparable signal strength to the serving cell but originate from a different, non-colocated site, producing severe overlapping coverage that degrades throughput.
\boxed{U2}"
ID_QODD23WIDQ_3,"Neighbor cell(s) [900.25] arrive at comparable signal strength to the serving cell but originate from a different, non-colocated site, producing severe overlapping coverage that degrades throughput.
\boxed{U2}"
ID_QODD23WIDQ_4,"Neighbor cell(s) [900.25] arrive at comparable signal strength to the serving cell but originate from a different, non-colocated site, producing severe overlapping coverage that degrades throughput.
\boxed{U2}"
ID_RU5HZGZAJB_1,"The average scheduled RB count is about 157.8, below the 160-RB threshold needed to sustain high throughput, directly explaining the low observed data rate.
\boxed{6}"
ID_RU5HZGZAJB_2,"The average scheduled RB count is about 157.9, below the 160-RB threshold needed to sustain high throughput, directly explaining the low observed data rate.
\boxed{6}"
ID_RU5HZGZAJB_3,"The average scheduled RB count is about 157.7, below the 160-RB threshold needed to sustain high throughput, directly explaining the low observed data rate.
\boxed{6}"
ID_RU5HZGZAJB_4,"The average scheduled RB count is about 157.9, below the 160-RB threshold needed to sustain high throughput, directly explaining the low observed data rate.
\boxed{6}"
ID_WF4ZVBG4JE_1,"The average scheduled RB count is about 157.8, below the 160-RB threshold needed to sustain high throughput, directly explaining the low observed data rate.
\boxed{7}"
ID_WF4ZVBG4JE_2,"The average scheduled RB count is about 157.9, below the 160-RB threshold needed to sustain high throughput, directly explaining the low observed data rate.
\boxed{7}"
ID_WF4ZVBG4JE_3,"The average scheduled RB count is about 158.6, below the 160-RB threshold needed to sustain high throughput, directly explaining the low observed data rate.
\boxed{7}"
ID_WF4ZVBG4JE_4,"The average scheduled RB count is about 157.9, below the 160-RB threshold needed to sustain high throughput, directly explaining the low observed data rate.
\boxed{7}"
ID_D67V9OW6WB_1,"The serving cell (PCI 990) shares PCI mod 30 with neighbor PCI(s) [650], causing reference-signal collision and interference that suppresses throughput.
\boxed{W8}"
ID_D67V9OW6WB_2,"The serving cell (PCI 990) shares PCI mod 30 with neighbor PCI(s) [650], causing reference-signal collision and interference that suppresses throughput.
\boxed{W8}"
ID_D67V9OW6WB_3,"The serving cell (PCI 990) shares PCI mod 30 with neighbor PCI(s) [650], causing reference-signal collision and interference that suppresses throughput.
\boxed{W8}"
ID_D67V9OW6WB_4,"The serving cell (PCI 990) shares PCI mod 30 with neighbor PCI(s) [650], causing reference-signal collision and interference that suppresses throughput.
\boxed{W8}"
ID_6PPX09GPKW_1,"The serving PCI changes 3 times across this short window of data, indicating frequent handovers that interrupt scheduling and degrade sustained throughput.
\boxed{H}"
ID_6PPX09GPKW_2,"The serving PCI changes 3 times across this short window of data, indicating frequent handovers that interrupt scheduling and degrade sustained throughput.
\boxed{H}"
ID_6PPX09GPKW_3,"The serving PCI changes 3 times across this short window of data, indicating frequent handovers that interrupt scheduling and degrade sustained throughput.
\boxed{H}"
ID_6PPX09GPKW_4,"The serving PCI changes 3 times across this short window of data, indicating frequent handovers that interrupt scheduling and degrade sustained throughput.
\boxed{H}"
ID_PCN0ZZHFFR_1,"A neighboring cell reaches this location with a filtered Tx BRSRP of about -85.4 dBm, comparable to or stronger than the serving cell's average SS-RSRP of -87.6 dBm, suggesting a neighbor would deliver higher throughput than the current serving cell.
\boxed{6}"
ID_PCN0ZZHFFR_2,"The average scheduled RB count is about 159.9, below the 160-RB threshold needed to sustain high throughput, directly explaining the low observed data rate.
\boxed{3}"
ID_PCN0ZZHFFR_3,"The average scheduled RB count is about 159.7, below the 160-RB threshold needed to sustain high throughput, directly explaining the low observed data rate.
\boxed{3}"
ID_PCN0ZZHFFR_4,"The average scheduled RB count is about 159.9, below the 160-RB threshold needed to sustain high throughput, directly explaining the low observed data rate.
\boxed{3}"
ID_9MD3R7Z1JC_1,"The average scheduled RB count is about 168.1, below the 160-RB threshold needed to sustain high throughput, directly explaining the low observed data rate.
\boxed{M3}"
ID_9MD3R7Z1JC_2,"The average scheduled RB count is about 168.0, below the 160-RB threshold needed to sustain high throughput, directly explaining the low observed data rate.
\boxed{M3}"
ID_9MD3R7Z1JC_3,"The average scheduled RB count is about 168.0, below the 160-RB threshold needed to sustain high throughput, directly explaining the low observed data rate.
\boxed{M3}"
ID_9MD3R7Z1JC_4,"The average scheduled RB count is about 168.0, below the 160-RB threshold needed to sustain high throughput, directly explaining the low observed data rate.
\boxed{M3}"
ID_6FKMDEW8IA_1,"The average scheduled RB count is about 155.6, below the 160-RB threshold needed to sustain high throughput, directly explaining the low observed data rate.
\boxed{V5}"
ID_6FKMDEW8IA_2,"The average scheduled RB count is about 155.9, below the 160-RB threshold needed to sustain high throughput, directly explaining the low observed data rate.
\boxed{V5}"
ID_6FKMDEW8IA_3,"The serving cell (PCI 133) shares PCI mod 30 with neighbor PCI(s) 501, causing reference-signal collision and interference that suppresses throughput.
\boxed{V3}"
ID_6FKMDEW8IA_4,"Neighbor cell(s) [133] arrive at comparable signal strength to the serving cell but originate from a different, non-colocated site, producing severe overlapping coverage that degrades throughput.
\boxed{V4}"
ID_COB7FL2DP9_1,"The average scheduled RB count is about 165.1, below the 160-RB threshold needed to sustain high throughput, directly explaining the low observed data rate.
\boxed{1}"
ID_COB7FL2DP9_2,"The average scheduled RB count is about 165.1, below the 160-RB threshold needed to sustain high throughput, directly explaining the low observed data rate.
\boxed{1}"
ID_COB7FL2DP9_3,"The average scheduled RB count is about 165.0, below the 160-RB threshold needed to sustain high throughput, directly explaining the low observed data rate.
\boxed{1}"
ID_COB7FL2DP9_4,"The average scheduled RB count is about 165.0, below the 160-RB threshold needed to sustain high throughput, directly explaining the low observed data rate.
\boxed{1}"
ID_F1R31NQMM6_1,"The serving PCI changes 3 times across this short window, indicating frequent handovers that interrupt scheduling and degrade sustained throughput.
\boxed{6}"
ID_F1R31NQMM6_2,"The serving PCI changes 3 times across this short drive-test window, indicating frequent handovers that interrupt scheduling and degrade sustained throughput.
\boxed{6}"
ID_F1R31NQMM6_3,"The serving PCI changes 3 times across this short window, indicating frequent handovers that interrupt scheduling and degrade sustained throughput.
\boxed{6}"
ID_F1R31NQMM6_4,"The serving PCI changes 3 times across this short window, indicating frequent handovers that interrupt scheduling and degrade sustained throughput.
\boxed{6}"
ID_PNUNK2HVCX_1,"Neighbor cell(s) [not isolated from the data] arrive at comparable signal strength to the serving cell but originate from a different, non-colocated site, producing severe overlapping coverage that degrades throughput.
\boxed{B3}"
ID_PNUNK2HVCX_2,"Neighbor cell(s) [not isolated from the data] arrive at comparable signal strength to the serving cell but originate from a different, non-colocated site, producing severe overlapping coverage that degrades throughput.
\boxed{B3}"
ID_PNUNK2HVCX_3,"Neighbor cell(s) [374] arrive at comparable signal strength to the serving cell but originate from a different, non-colocated site, producing severe overlapping coverage that degrades throughput.
\boxed{B3}"
ID_PNUNK2HVCX_4,"Neighbor cell(s) [not isolated from the data] arrive at comparable signal strength to the serving cell but originate from a different, non-colocated site, producing severe overlapping coverage that degrades throughput.
\boxed{B3}"
ID_I8SU0GVOSM_1,"The serving cell's total downtilt of about 11.0° is shallow relative to its vertical beamwidth of 6.0°, extending the main beam's reach well beyond the intended ~1km coverage radius, indicating the cell is over-shooting its intended coverage area rather than being properly contained.
\boxed{R5}"
ID_I8SU0GVOSM_2,"The serving cell's total downtilt of about 11.0° is shallow relative to its vertical beamwidth of 6.0°, extending the main beam's reach well beyond the intended ~1km coverage radius, indicating the cell is over-shooting its intended coverage area rather than being properly contained.
\boxed{R5}"
ID_I8SU0GVOSM_3,"The serving cell's total downtilt of about 11.0° is shallow relative to its vertical beamwidth of 6.0°, extending the main beam's reach well beyond the intended ~1km coverage radius, indicating the cell is over-shooting its intended coverage area rather than being properly contained.
\boxed{R5}"
ID_I8SU0GVOSM_4,"The serving cell's total downtilt of about 11.0° is shallow relative to its vertical beamwidth of 6.0°, extending the main beam's reach well beyond the intended ~1km coverage radius, indicating the cell is over-shooting its intended coverage area rather than being properly contained.
\boxed{R5}"
ID_5L9OO9C0D3_1,"The serving cell's total signal strength averages -103.9 dBm and declines to -100.7 dBm at the weakest neighbor, indicating severe overlapping coverage that suppresses channel separation and weakens scheduling reliability.
\boxed{D}"
ID_5L9OO9C0D3_2,"The serving cell (PCI 485) shares PCI with neighbor PCI(s) 628 and 985, causing reference-signal collision and interference that suppresses throughput.
\boxed{D}"
ID_5L9OO9C0D3_3,"The serving PCI changes 3 times across this short window of data, indicating frequent handovers that interrupt scheduling and degrade sustained throughput.
\boxed{C}"
ID_5L9OO9C0D3_4,"The serving PCI changes 3 times across this short window of data, indicating frequent handovers that interrupt scheduling and degrade sustained throughput.
\boxed{C}"
ID_NVPAMEB4O6_1,"The serving cell's total RSRP drops to about -90.3 dBm, below the average of -91.4 dBm across all tested cells, indicating weak overall coverage.
\boxed{B}"
ID_NVPAMEB4O6_2,"The serving cell's total RSSI drops to about -86.0 dBm, comparable to strong noise level, suggesting severe interference from external sources rather than weak local signal.
\boxed{B}"
ID_NVPAMEB4O6_3,"The serving cell's total RSSI drops to about -86.0 dBm, comparable to strong noise level, suggesting severe interference from external sources rather than weak signal strength.
\boxed{B}"
ID_NVPAMEB4O6_4,"Neighbor cell(s) [648] arrive at comparable signal strength to the serving cell but originate from a different, non-adjacent cell site, producing severe overlapping coverage that degrades throughput.
\boxed{D}"
ID_CTI6W6CU80_1,"A neighboring cell reaches this location with a filtered Tx BRSRP of about -85.7 dBm, comparable to or stronger than the serving cell's average SS-RSRP of -84.9 dBm, suggesting a neighbor would deliver higher throughput than the current serving cell.
\boxed{S7}"
ID_CTI6W6CU80_2,"A neighboring cell reaches this location with a filtered Tx BRSRP of about -85.7 dBm, comparable to or stronger than the serving cell's average SS-RSRP of -84.9 dBm, suggesting a neighbor would deliver higher throughput than the current serving cell.
\boxed{S7}"
ID_CTI6W6CU80_3,"The average scheduled RB count is about 158.9, below the 160-RB threshold needed to sustain high throughput, directly explaining the low observed data rate.
\boxed{S3}"
ID_CTI6W6CU80_4,"The average scheduled RB count is about 157.9, below the 160-RB threshold needed to sustain high throughput, directly explaining the low observed data rate.
\boxed{S3}"
ID_H9OA1GMUNM_1,"The serving cell's total downtilt is about 11.0° against a vertical beamwidth of 6.0° at a mounting height of 14.7m, which narrows the effective coverage radius and pulls the main beam toward the ground close to the site. The serving SS-RSRP averages -83.6 dBm, consistent with weak far-end coverage caused by excessive downtilt.
\boxed{3}"
ID_H9OA1GMUNM_2,"The serving cell (PCI 420) shares PCI mod 30 with neighbor PCI(s) [374], causing reference-signal collision and interference that suppresses throughput.
\boxed{4}"
ID_H9OA1GMUNM_3,"The serving cell's total downtilt is about 11.0° against a vertical beamwidth of 6.0° at a mounting height of 14.7m, which narrows the effective coverage radius and pulls the main beam toward the ground close to the site. This pulls the main signal toward the ground close to the site, shading off neighbors that would otherwise occupy this land area, directly explaining the strong overlap with neighbor cell(s) seen here.
\boxed{2}"
ID_H9OA1GMUNM_4,"The serving cell's total downtilt is about 11.0° against a vertical beamwidth of 6.0° at a mounting height of 14.7m, which narrows the effective coverage radius and pulls the main beam toward the ground close to the site. This pulls the main signal toward the ground close to the site, shading off neighbors that would otherwise occupy this land area, causing weak coverage there.
\boxed{3}"
ID_5MKCYB1THT_1,"Neighbor cell(s) [240] arrive at comparable signal strength to the serving cell but originate from a different, non-colocated site, producing severe overlapping coverage that degrades throughput.
\boxed{D8}"
ID_5MKCYB1THT_2,"Neighbor cell(s) [240] arrive at comparable signal strength to the serving cell but originate from a different, non-colocated site, producing severe overlapping coverage that degrades throughput.
\boxed{D8}"
ID_5MKCYB1THT_3,"Neighbor cell(s) [240] arrive at comparable signal strength to the serving cell but originate from a different, non-colocated site, producing severe overlapping coverage that degrades throughput.
\boxed{D8}"
ID_5MKCYB1THT_4,"Neighbor cell(s) [240] arrive at comparable signal strength to the serving cell but originate from a different, non-colocated site, producing severe overlapping coverage that degrades throughput.
\boxed{D8}"
ID_7XIUN759LF_1,"The serving cell (PCI 745) shares PCI mod 30 with neighbor PCI(s) [980], causing reference-signal collision and interference that suppresses throughput.
\boxed{8}"
ID_7XIUN759LF_2,"The serving cell (PCI 745) shares PCI mod 30 with neighbor PCI(s) [980], causing reference-signal collision and interference that suppresses throughput.
\boxed{8}"
ID_7XIUN759LF_3,"The serving cell (PCI 745) shares PCI mod 30 with neighbor PCI(s) [980], causing reference-signal collision and interference that suppresses throughput.
\boxed{8}"
ID_7XIUN759LF_4,"The serving cell (PCI 745) shares PCI mod 30 with neighbor PCI(s) [980], causing reference-signal collision and interference that suppresses throughput.
\boxed{8}"
ID_00SKE7SPAY_1,"The average scheduled RB count is about 164.2, below the 160-RB threshold needed to sustain high throughput, directly explaining the low observed data rate.
\boxed{8}"
ID_00SKE7SPAY_2,"The average scheduled RB count is about 164.1, below the 160-RB threshold needed to sustain high throughput, directly explaining the low observed data rate.
\boxed{8}"
ID_00SKE7SPAY_3,"The average scheduled RB count is about 164.1, below the 160-RB threshold needed to sustain high throughput, directly explaining the low observed data rate.
\boxed{8}"
ID_00SKE7SPAY_4,"The average scheduled RB count is about 164.0, below the 160-RB threshold needed to sustain high throughput, directly explaining the low observed data rate.
\boxed{8}"
ID_RL8W069ZGQ_1,"The serving cell's total downtilt of about 13.0° is shallow relative to its vertical beamwidth of 6.0°, extending the main beam's reach well beyond the intended ~1km coverage radius, indicating the cell is over-shooting its intended coverage area rather than being properly contained.
\boxed{Q6}"
ID_RL8W069ZGQ_2,"The serving cell's total downtilt of about 13.0° is shallow relative to its vertical beamwidth of 6.0°, extending the main beam's reach well beyond the intended ~1km coverage radius, indicating the cell is over-shooting its intended coverage area rather than being properly contained.
\boxed{Q6}"
ID_RL8W069ZGQ_3,"The serving cell's total downtilt of about 13.0° is shallow relative to its vertical beamwidth of 6.0°, extending the main beam's reach well beyond the intended ~1km coverage radius, indicating the cell is over-shooting its intended coverage area rather than being properly contained.
\boxed{Q6}"
ID_RL8W069ZGQ_4,"The serving cell's total downtilt of about 13.0° is shallow relative to its vertical beamwidth of 6.0°, extending the main beam's reach well beyond the intended ~1km coverage radius, indicating the cell is over-shooting its intended coverage area rather than being properly contained.
\boxed{Q6}"
ID_CH1BX4NV27_1,"The serving PCI changes at time 2024-09-20 22:36:22.500, indicating an intra-cell relocation that might disrupt scheduling and degrade sustained throughput.
\boxed{A}"
ID_CH1BX4NV27_2,"The serving PCI changes at time 2024-09-20 22:36:22.500, indicating an intra-frequency handover event that interrupts scheduling and degrades sustained throughput.
\boxed{A}"
ID_CH1BX4NV27_3,"The serving PCI changes at time 2024-09-20 22:36:22.500, indicating an intra-frequency handover event that interrupted the measurement and would distort the analysis of ongoing connectivity.
\boxed{A}"
ID_CH1BX4NV27_4,"The serving PCI changes at time 2024-09-20 22:36:22.500, indicating an intra-frequency handover event that interrupted the measurement and would explain the drop in throughput.
\boxed{A}"
ID_3YEKYLTAL1_1,"The serving cell's total downtilt of about 10.0° is shallow relative to its vertical beamwidth of 6.0°, extending the main beam's reach well beyond the intended ~1km coverage radius, indicating the cell is over-shooting its intended coverage area rather than being properly contained.
\boxed{5}"
ID_3YEKYLTAL1_2,"The serving cell's total downtilt of about 10.0° is shallow relative to its vertical beamwidth of 6.0°, extending the main beam's reach well beyond the intended ~1km coverage radius, indicating the cell is over-shooting its intended coverage area rather than being properly contained.
\boxed{5}"
ID_3YEKYLTAL1_3,"The serving cell's total downtilt is about 11.0° against a vertical beamwidth of 6.0° at a mounting height of 30.1m, which narrows the effective coverage radius and pulls the main beam toward the ground close to the site. The serving SS-RSRP averages -82.0 dBm, consistent with weak far-end coverage caused by excessive downtilt.
\boxed{7}"
ID_3YEKYLTAL1_4,"The serving cell's total downtilt of about 10.0° is shallow relative to its vertical beamwidth of 6.0°, extending the main beam's reach well beyond the intended ~1km coverage radius, indicating the cell is over-shooting its intended coverage area rather than being properly contained.
\boxed{5}"
ID_M2LHP6DO9N_1,"The serving cell (PCI 65) shares PCI mod 30 with neighbor PCI(s) [185], causing reference-signal collision and interference that suppresses throughput.
\boxed{5}"
ID_M2LHP6DO9N_2,"The serving cell (PCI 65) shares PCI mod 30 with neighbor PCI(s) [185], causing reference-signal collision and interference that suppresses throughput.
\boxed{5}"
ID_M2LHP6DO9N_3,"The serving cell (PCI 65) shares PCI mod 30 with neighbor PCI(s) [185], causing reference-signal collision and interference that suppresses throughput.
\boxed{5}"
ID_M2LHP6DO9N_4,"The serving cell (PCI 65) shares PCI mod 30 with neighbor PCI(s) [185], causing reference-signal collision and interference that suppresses throughput.
\boxed{5}"
ID_BC0647ZEY9_1,"The serving PCI changes 3 times across this short drive-test window, indicating frequent handovers that interrupt scheduling and degrade sustained throughput.
\boxed{P3}"
ID_BC0647ZEY9_2,"The serving PCI changes 3 times across this short drive-test window, indicating frequent handovers that interrupt scheduling and degrade sustained throughput.
\boxed{P3}"
ID_BC0647ZEY9_3,"The serving PCI changes 3 times across this short drive-test window, indicating frequent handovers that interrupt scheduling and degrade sustained throughput.
\boxed{P3}"
ID_BC0647ZEY9_4,"The serving PCI changes 3 times across this short drive-test window, indicating frequent handovers that interrupt scheduling and degrade sustained throughput.
\boxed{P3}"
ID_9XYW8CV3RV_1,"Neighbor cell(s) [240] arrive at comparable signal strength to the serving cell but originate from a different, non-colocated site, producing severe overlapping coverage that degrades throughput.
\boxed{3}"
ID_9XYW8CV3RV_2,"Neighbor cell(s) [240] arrive at comparable signal strength to the serving cell but originate from a different, non-colocated site, producing severe overlapping coverage that degrades throughput.
\boxed{3}"
ID_9XYW8CV3RV_3,"Neighbor cell(s) [240] arrive at comparable signal strength to the serving cell but originate from a different, non-colocated site, producing severe overlapping coverage that degrades throughput.
\boxed{3}"
ID_9XYW8CV3RV_4,"Neighbor cell(s) [240] arrive at comparable signal strength to the serving cell but originate from a different, non-colocated site, producing severe overlapping coverage that degrades throughput.
\boxed{3}"
ID_18ZQDGTTQ4_1,"The serving PCI changes 3 times across this short window of data, indicating frequent handovers that interrupt scheduling and degrade sustained throughput.
\boxed{E}"
ID_18ZQDGTTQ4_2,"The serving PCI changes 3 times across this short window of data, indicating frequent handovers that interrupt scheduling and degrade sustained throughput.
\boxed{E}"
ID_18ZQDGTTQ4_3,"The serving PCI changes 3 times across this short window of data, indicating frequent handovers that interrupt scheduling and degrade sustained throughput.
\boxed{E}"
ID_18ZQDGTTQ4_4,"The serving PCI changes 3 times across this short window of data, indicating frequent handovers that interrupt scheduling and degrade sustained throughput.
\boxed{E}"
ID_79XGFE8FIQ_1,"The serving cell's total downtilt is about 16.0° against a vertical beamwidth of 12.0° at a mounting height of 30.1m, which narrows the effective coverage radius and pulls the main beam toward the ground close to the site. The serving SS-RSRP averages -84.6 dBm, consistent with weak far-end coverage caused by excessive downtilt.
\boxed{4}"
ID_79XGFE8FIQ_2,"The average scheduled RB count is about 156.7, below the 160-RB threshold needed to sustain high throughput, directly explaining the low observed data rate.
\boxed{2}"
ID_79XGFE8FIQ_3,"The serving cell's total downtilt is about 16.0° against a vertical beamwidth of 12.0° at a mounting height of 30.1m, which narrows the effective coverage radius and pulls the main beam toward the ground close to the site. The serving SS-RSRP averages -84.7 dBm, consistent with weak far-end coverage caused by excessive downtilt.
\boxed{4}"
ID_79XGFE8FIQ_4,"The serving cell's total downtilt is about 16.0° against a vertical beamwidth of 6.0° at a mounting height of 30.1m, which narrows the effective coverage radius and pulls the main beam toward the ground close to the site. The serving SS-RSRP averages -84.8 dBm, consistent with weak far-end coverage caused by excessive downtilt.
\boxed{4}"
ID_34HT09USX6_1,"The serving cell's total downtilt of about 11.0° is shallow relative to its vertical beamwidth of 6.0°, which narrows the effective coverage radius and pulls the main beam toward the ground close to the site. This pulls the main signal toward the ground close to the site, shading off weaker signals far from the site, particularly damaging weak neighbor cells that would otherwise be suppressed only slightly by noise.
\boxed{A8}"
ID_34HT09USX6_2,"The serving cell's total downtilt of about 11.0° is shallow relative to its vertical beamwidth of 6.0°, which narrows the effective coverage radius and pulls the main beam toward the ground close to the site. This pulls the main beam toward the ground close to the site, shading off much of the surrounding area that should be covered by consistent strong signal.
\boxed{A8}"
ID_34HT09USX6_3,"The serving cell's total downtilt of about 11.0° is shallow relative to its vertical beamwidth of 6.0°, which narrows the effective coverage radius and pulls the main beam toward the ground close to the site. This pulls the main signal toward the ground close to the site, shading off weaker signals far from the site, especially those coming from non-colocated neighbors.
\boxed{A8}"
ID_34HT09USX6_4,"The serving cell's total downtilt of about 11.0° is shallow relative to its vertical beamwidth of 6.0°, extending the main beam's reach well beyond the intended ~1km coverage radius, indicating the cell is over-shooting its intended coverage area rather than being properly contained.
\boxed{A1}"
ID_0635DMUNGQ_1,"The serving PCI changes 3 times across this short window of data, indicating frequent handovers that interrupt scheduling and degrade sustained throughput.
\boxed{E}"
ID_0635DMUNGQ_2,"The serving PCI changes 3 times across this short window of data, indicating frequent handovers that interrupt scheduling and degrade sustained throughput.
\boxed{E}"
ID_0635DMUNGQ_3,"The serving PCI changes 3 times across this short window of data, indicating frequent handovers that interrupt scheduling and degrade sustained throughput.
\boxed{C}"
ID_0635DMUNGQ_4,"The serving PCI changes 3 times across this short window of data, indicating frequent handovers that interrupt scheduling and degrade sustained throughput.
\boxed{E}"
ID_DG5B2MQNC1_1,"The serving cell (PCI 455) shares PCI mod 30 with neighbor PCI(s) [530, 575], causing reference-signal collision and interference that suppresses throughput.
\boxed{K3}"
ID_DG5B2MQNC1_2,"The serving cell (PCI 455) shares PCI mod 30 with neighbor PCI(s) [530, 575], causing reference-signal collision and interference that suppresses throughput.
\boxed{K3}"
ID_DG5B2MQNC1_3,"The serving cell (PCI 455) shares PCI mod 30 with neighbor PCI(s) [530, 575], causing reference-signal collision and interference that suppresses throughput.
\boxed{K3}"
ID_DG5B2MQNC1_4,"The serving cell (PCI 455) shares PCI mod 30 with neighbor PCI(s) [530, 575], causing reference-signal collision and interference that suppresses throughput.
\boxed{K3}"
ID_4N0J90VEFT_1,"The serving PCI changes at time $t=22:42:44.500$, indicating a handover event that interrupted the recording just as the test stopped.
\boxed{E}"
ID_4N0J90VEFT_2,"The serving PCI changes 3 times across this short window of data, indicating frequent handovers that interrupt scheduling and degrade sustained throughput.
\boxed{E}"
ID_4N0J90VEFT_3,"The serving PCI changes at least twice across this short window of data, indicating frequent handovers that interrupt scheduling and degrade sustained throughput.
\boxed{E}"
ID_4N0J90VEFT_4,"The serving PCI changes 3 times across this short window of data, indicating frequent handovers that interrupt scheduling and degrade sustained throughput.
\boxed{E}"
ID_2QQWIQNVS2_1,"The serving cell (PCI 454) shares PCI mod 30 with neighbor PCI(s) [650, 990], causing reference-signal collision and interference that suppresses throughput.
\boxed{6}"
ID_2QQWIQNVS2_2,"The serving cell (PCI 454) shares PCI mod 30 with neighbor PCI(s) [650, 990], causing reference-signal collision and interference that suppresses throughput.
\boxed{6}"
ID_2QQWIQNVS2_3,"The serving cell's total downtilt of about 15.0° is shallow relative to its vertical beamwidth of 12.0°, extending the main beam's reach well beyond the intended ~1km coverage radius, indicating the cell is over-shooting its intended coverage area rather than being properly contained.
\boxed{7}"
ID_2QQWIQNVS2_4,"The serving cell's total downtilt of about 15.0° is shallow relative to its vertical beamwidth of 12.0°, extending the main beam's reach well beyond the intended ~1km coverage radius, indicating the cell is over-shooting its intended coverage area rather than being properly contained.
\boxed{7}"
ID_OOLPWFHZ82_1,"The serving PCI changes 3 times across this short window of data, indicating frequent handovers that interrupt scheduling and degrade sustained throughput.
\boxed{A}"
ID_OOLPWFHZ82_2,"The serving PCI changes 3 times across this short window of data, indicating frequent handovers that interrupt scheduling and degrade sustained throughput.
\boxed{A}"
ID_OOLPWFHZ82_3,"The serving PCI changes 3 times across this short window of data, indicating frequent handovers that interrupt scheduling and degrade sustained throughput.
\boxed{A}"
ID_OOLPWFHZ82_4,"The serving PCI changes 3 times across this short window of data, indicating frequent handovers that interrupt scheduling and degrade sustained throughput.
\boxed{A}"
ID_8UF6K85USX_1,"The serving cell (PCI 824) shares its spectrum with neighbor PCI(s) 65, which share reference signals and could interfere with measurement accuracy and scheduling.
\boxed{W4}"
ID_8UF6K85USX_2,"The serving cell (PCI 824) shares its spectrum with neighbor PCI(s) 65, which share reference signals and might collide, suppressing channel estimation and scheduling.
\boxed{W4}"
ID_8UF6K85USX_3,"The serving cell (PCI 824) shares its channel with neighbor PCI(s) 65, which share reference signals but not scheduling resources with this device. This interference degrades throughput.
\boxed{W4}"
ID_8UF6K85USX_4,"The serving cell (PCI 824) shares its channel with neighbor PCI(s) 65, which share reference-signal strength with comparable power. This results in strong reference-signal collision noise that degrades throughput.
\boxed{W6}"
ID_1KPQXZIM9H_1,"The serving cell's total downtilt is about 15.0° against a vertical beamwidth of 6.0° at a mounting height of 30.1m, which narrows the effective coverage radius and pulls the main beam toward the ground close to the site. The serving SS-RSRP averages -86.6 dBm, consistent with weak signal strength due to excessive downtilt.
\boxed{1}"
ID_1KPQXZIM9H_2,"The serving cell (PCI 650) shares PCI mod 30 with neighbor PCI(s) [990], causing reference-signal collision and interference that suppresses throughput.
\boxed{6}"
ID_1KPQXZIM9H_3,"The serving cell (PCI 650) shares PCI mod 30 with neighbor PCI(s) [990], causing reference-signal collision and interference that suppresses throughput.
\boxed{6}"
ID_1KPQXZIM9H_4,"The serving cell (PCI 650) shares PCI mod 30 with neighbor PCI(s) [990], causing reference-signal collision and interference that suppresses throughput.
\boxed{6}"
ID_0ZXMUVTE8U_1,"Neighbor cell(s) [454] arrive at comparable signal strength to the serving cell but originate from a different, non-colocated site, producing severe overlapping coverage that degrades throughput.
\boxed{3}"
ID_0ZXMUVTE8U_2,"Neighbor cell(s) [454] arrive at comparable signal strength to the serving cell but originate from a different, non-colocated site, producing severe overlapping coverage that degrades throughput.
\boxed{3}"
ID_0ZXMUVTE8U_3,"Neighbor cell(s) [454] arrive at comparable signal strength to the serving cell but originate from a different, non-colocated site, producing severe overlapping coverage that degrades throughput.
\boxed{3}"
ID_0ZXMUVTE8U_4,"Neighbor cell(s) [454] arrive at comparable signal strength to the serving cell but originate from a different, non-colocated site, producing severe overlapping coverage that degrades throughput.
\boxed{3}"
ID_JKSCGW1PSV_1,"Neighbor cell(s) [240] arrive at comparable signal strength to the serving cell but originate from a different, non-colocated site, producing severe overlapping coverage that degrades throughput.
\boxed{2}"
ID_JKSCGW1PSV_2,"Neighbor cell(s) [240] arrive at comparable signal strength to the serving cell but originate from a different, non-colocated site, producing severe overlapping coverage that degrades throughput.
\boxed{2}"
ID_JKSCGW1PSV_3,"Neighbor cell(s) [240] arrive at comparable signal strength to the serving cell but originate from a different, non-colocated site, producing severe overlapping coverage that degrades throughput.
\boxed{2}"
ID_JKSCGW1PSV_4,"Neighbor cell(s) [240] arrive at comparable signal strength to the serving cell but originate from a different, non-colocated site, producing severe overlapping coverage that degrades throughput.
\boxed{2}"
ID_0SYTWO7F2W_1,"The serving cell (PCI 650) shares PCI mod 30 with neighbor PCI(s) [433, 990], causing reference-signal collision and interference that suppresses throughput.
\boxed{A5}"
ID_0SYTWO7F2W_2,"The serving cell (PCI 650) shares PCI mod 30 with neighbor PCI(s) [433, 990], causing reference-signal collision and interference that suppresses throughput.
\boxed{A5}"
ID_0SYTWO7F2W_3,"The serving cell (PCI 650) shares PCI mod 30 with neighbor PCI(s) [433, 990], causing reference-signal collision and interference that suppresses throughput.
\boxed{A5}"
ID_0SYTWO7F2W_4,"The serving cell (PCI 650) shares PCI mod 30 with neighbor PCI(s) [433, 990], causing reference-signal collision and interference that suppresses throughput.
\boxed{A5}"
ID_BBYIF7OUO8_1,"The average scheduled RB count is about 166.8, below the 160-RB threshold needed to sustain high throughput, directly explaining the low observed data rate.
\boxed{8}"
ID_BBYIF7OUO8_2,"The average scheduled RB count is about 166.9, below the 160-RB threshold needed to sustain high throughput, directly explaining the low observed data rate.
\boxed{8}"
ID_BBYIF7OUO8_3,"The average scheduled RB count is about 166.6, below the 160-RB threshold needed to sustain high throughput, directly explaining the low observed data rate.
\boxed{8}"
ID_BBYIF7OUO8_4,"The average scheduled RB count is about 166.6, below the 160-RB threshold needed to sustain high throughput, directly explaining the low observed data rate.
\boxed{8}"
ID_GCTKGQKMZH_1,"The serving PCI changes 3 times across this short drive-test window, indicating frequent handovers that interrupt scheduling and degrade sustained throughput.
\boxed{X7}"
ID_GCTKGQKMZH_2,"The serving PCI changes 3 times across this short drive-test window, indicating frequent handovers that interrupt scheduling and degrade sustained throughput.
\boxed{X7}"
ID_GCTKGQKMZH_3,"The serving PCI changes 3 times across this short drive-test window, indicating frequent handovers that interrupt scheduling and degrade sustained throughput.
\boxed{X7}"
ID_GCTKGQKMZH_4,"The serving PCI changes 3 times across this short drive-test window, indicating frequent handovers that interrupt scheduling and degrade sustained throughput.
\boxed{X7}"
ID_007LAHZSD8_1,"Neighbor cell(s) [737] arrive at comparable signal strength to the serving cell but originate from a different, non-colocated site, producing severe overlapping coverage that degrades throughput.
\boxed{Z3}"
ID_007LAHZSD8_2,"Neighbor cell(s) [737] arrive at comparable signal strength to the serving cell but originate from a different, non-colocated site, producing severe overlapping coverage that degrades throughput.
\boxed{Z3}"
ID_007LAHZSD8_3,"Neighbor cell(s) [737] arrive at comparable signal strength to the serving cell but originate from a different, non-colocated site, producing severe overlapping coverage that degrades throughput.
\boxed{Z3}"
ID_007LAHZSD8_4,"Neighbor cell(s) [737] arrive at comparable signal strength to the serving cell but originate from a different, non-colocated site, producing severe overlapping coverage that degrades throughput.
\boxed{Z3}"
ID_PB2FSUOOUR_1,"The serving cell's total downtilt of about 25.0° is shallow relative to its vertical beamwidth of 6.0°, extending the main beam's reach well beyond the intended ~1km coverage radius, indicating the cell is over-shooting its intended coverage area rather than being properly contained.
\boxed{K7}"
ID_PB2FSUOOUR_2,"The serving cell's total downtilt of about 25.0° is shallow relative to its vertical beamwidth of 6.0°, which pulls the main beam toward the ground close to the site. This causes strong reference-signal collision with adjacent neighbors near the site boundary, interfering with proper separation of channels and reducing throughput.
\boxed{K2}"
ID_PB2FSUOOUR_3,"The serving cell's total downtilt of about 25.0° is shallow relative to its vertical beamwidth of 6.0°, which pulls the main beam toward the ground close to the site. This causes strong reference-signal collision with adjacent neighbors near the site boundary, interfering with channel estimation and suppressing signal strength.
\boxed{K2}"
ID_PB2FSUOOUR_4,"The serving cell's total downtilt of about 15.0° is shallow relative to its vertical beamwidth of 12.0°, extending the main beam's reach well beyond the intended ~1km coverage radius, indicating the cell is over-shooting its intended coverage area rather than being properly contained.
\boxed{K7}"
ID_WUAS5V5E8P_1,"The serving cell (PCI 455) shares PCI mod 30 with neighbor PCI(s) [737, 971], causing reference-signal collision and interference that suppresses throughput.
\boxed{L8}"
ID_WUAS5V5E8P_2,"The serving cell (PCI 455) shares PCI mod 30 with neighbor PCI(s) [737, 971], causing reference-signal collision and interference that suppresses throughput.
\boxed{L8}"
ID_WUAS5V5E8P_3,"The serving cell (PCI 455) shares PCI mod 30 with neighbor PCI(s) [737, 971], causing reference-signal collision and interference that suppresses throughput.
\boxed{L8}"
ID_WUAS5V5E8P_4,"The serving cell (PCI 455) shares PCI mod 30 with neighbor PCI(s) [737, 971], causing reference-signal collision and interference that suppresses throughput.
\boxed{L8}"
ID_WG82TQG6U7_1,"The serving PCI changes 3 times across this short drive-test window, indicating frequent handovers that interrupt scheduling and degrade sustained throughput.
\boxed{5}"
ID_WG82TQG6U7_2,"The serving PCI changes 3 times across this short drive-test window, indicating frequent handovers that interrupt scheduling and degrade sustained throughput.
\boxed{5}"
ID_WG82TQG6U7_3,"The serving PCI changes 3 times across this short drive-test window, indicating frequent handovers that interrupt scheduling and degrade sustained throughput.
\boxed{5}"
ID_WG82TQG6U7_4,"The serving PCI changes 3 times across this short drive-test window, indicating frequent handovers that interrupt scheduling and degrade sustained throughput.
\boxed{5}"
ID_8OARB3D21Y_1,"The average scheduled RB count is about 162.4, below the 160-RB threshold needed to sustain high throughput, directly explaining the low observed data rate.
\boxed{Y2}"
ID_8OARB3D21Y_2,"The average scheduled RB count is about 162.2, below the 160-RB threshold needed to sustain high throughput, directly explaining the low observed data rate.
\boxed{Y2}"
ID_8OARB3D21Y_3,"The average scheduled RB count is about 162.2, below the 160-RB threshold needed to sustain high throughput, directly explaining the low observed data rate.
\boxed{Y2}"
ID_8OARB3D21Y_4,"The average scheduled RB count is about 162.3, below the 160-RB threshold needed to sustain high throughput, directly explaining the low observed data rate.
\boxed{Y2}"
ID_X9CCJY8RLI_1,"The serving cell's total downtilt of about 10.0° is shallow relative to its vertical beamwidth of 6.0°, which narrows the effective coverage radius and pulls the main beam toward the ground close to the site. This pulls the main signal strength toward the ground close to the site, weakening coverage at the far end of the service area.
\boxed{3}"
ID_X9CCJY8RLI_2,"The serving cell's total downtilt of about 10.0° is shallow relative to its vertical beamwidth of 6.0°, which narrows the effective coverage radius and pulls the main beam toward the ground close to the site. This pulls the main signal strength toward the ground close to the site, weakening coverage at the far end of the service area where the test vehicle is located.
\boxed{3}"
ID_X9CCJY8RLI_3,"The serving cell's total downtilt of about 10.0° is shallow relative to its vertical beamwidth of 6.0°, which narrows the effective coverage radius and pulls the main beam toward the ground close to the site. This causes strong reference-signal strength but weak far-end coverage, pulling traffic toward the site center rather than spreading it out evenly.
\boxed{3}"
ID_X9CCJY8RLI_4,"The serving cell's total downtilt of about 10.0° is shallow relative to its vertical beamwidth of 6.0°, which narrows the effective coverage radius and pulls the main beam toward the ground close to the site. This causes strong reference-signal strength but weak far-end coverage, pulling traffic towards the site center rather than spreading it out evenly.
\boxed{3}"
ID_XTNI4UBWYA_1,"The serving cell (PCI 189) shares PCI mod 30 with neighbor PCI(s) [298, 359], causing reference-signal collision and interference that suppresses throughput.
\boxed{8}"
ID_XTNI4UBWYA_2,"Neighbor cell(s) [298] arrive at comparable signal strength to the serving cell but originate from a different, non-colocated site, producing severe overlapping coverage that degrades throughput.
\boxed{7}"
ID_XTNI4UBWYA_3,"Neighbor cell(s) [298] arrive at comparable signal strength to the serving cell but originate from a different, non-colocated site, producing severe overlapping coverage that degrades throughput.
\boxed{7}"
ID_XTNI4UBWYA_4,"Neighbor cell(s) [298] arrive at comparable signal strength to the serving cell but originate from a different, non-colocated site, producing severe overlapping coverage that degrades throughput.
\boxed{7}"
ID_N4YP3GWCOU_1,"Neighbor cell(s) [420] arrive at comparable signal strength to the serving cell but originate from a different, non-colocated site, producing severe overlapping coverage that degrades throughput.
\boxed{N4}"
ID_N4YP3GWCOU_2,"The average scheduled RB count is about 149.8, below the 160-RB threshold needed to sustain high throughput, directly explaining the low observed data rate.
\boxed{N2}"
ID_N4YP3GWCOU_3,"Neighbor cell(s) [420] arrive at comparable signal strength to the serving cell but originate from a different, non-colocated site, producing severe overlapping coverage that degrades throughput.
\boxed{N4}"
ID_N4YP3GWCOU_4,"Neighbor cell(s) [420] arrive at comparable signal strength to the serving cell but originate from a different, non-colocated site, producing severe overlapping coverage that degrades throughput.
\boxed{N4}"
ID_CZAH759059_1,"The serving PCI changes 3 times across this short window of data, indicating frequent handovers that interrupt scheduling and degrade sustained throughput.
\boxed{E}"
ID_CZAH759059_2,"The serving PCI changes 3 times across this short window of data, indicating frequent handovers that interrupt scheduling and degrade sustained throughput.
\boxed{E}"
ID_CZAH759059_3,"The serving PCI changes 3 times across this short window of data, indicating frequent handovers that interrupt scheduling and degrade sustained throughput.
\boxed{E}"
ID_CZAH759059_4,"The serving PCI changes 3 times across this short window of data, indicating frequent handovers that interrupt scheduling and degrade sustained throughput.
\boxed{E}"
ID_DJG8FDQ3UY_1,"The average scheduled RB count is about 165.1, below the 160-RB threshold needed to sustain high throughput, directly explaining the low observed data rate.
\boxed{G7}"
ID_DJG8FDQ3UY_2,"The average scheduled RB count is about 165.3, below the 160-RB threshold needed to sustain high throughput, directly explaining the low observed data rate.
\boxed{G7}"
ID_DJG8FDQ3UY_3,"A neighboring cell reaches this location with a filtered Tx BRSRP of about -79.1 dBm, comparable to or stronger than the serving cell's average SS-RSRP of -74.4 dBm, suggesting a neighbor would deliver higher throughput than the current serving cell.
\boxed{G8}"
ID_DJG8FDQ3UY_4,"The average scheduled RB count is about 165.4, below the 160-RB threshold needed to sustain high throughput, directly explaining the low observed data rate.
\boxed{G7}"
ID_XVHS0AGHJU_1,"The serving PCI changes 3 times across this short drive-test window, indicating frequent handovers that interrupt scheduling and degrade sustained throughput.
\boxed{M4}"
ID_XVHS0AGHJU_2,"The serving PCI changes 3 times across this short drive-test window, indicating frequent handovers that interrupt scheduling and degrade sustained throughput.
\boxed{M4}"
ID_XVHS0AGHJU_3,"The serving PCI changes 3 times across this short drive-test window, indicating frequent handovers that interrupt scheduling and degrade sustained throughput.
\boxed{M4}"
ID_XVHS0AGHJU_4,"The serving PCI changes 3 times across this short drive-test window, indicating frequent handovers that interrupt scheduling and degrade sustained throughput.
\boxed{M4}"
ID_UBI3PCPXX7_1,"Neighbor cell(s) [990] arrive at comparable signal strength to the serving cell but originate from a different, non-colocated site, producing severe overlapping coverage that degrades throughput.
\boxed{5}"
ID_UBI3PCPXX7_2,"Neighbor cell(s) [990] arrive at comparable signal strength to the serving cell but originate from a different, non-colocated site, producing severe overlapping coverage that degrades throughput.
\boxed{5}"
ID_UBI3PCPXX7_3,"Neighbor cell(s) [990] arrive at comparable signal strength to the serving cell but originate from a different, non-colocated site, producing severe overlapping coverage that degrades throughput.
\boxed{5}"
ID_UBI3PCPXX7_4,"Neighbor cell(s) [990] arrive at comparable signal strength to the serving cell but originate from a different, non-colocated site, producing severe overlapping coverage that degrades throughput.
\boxed{5}"
ID_FYLMTYS9KT_1,"The serving cell (PCI 501) shares PCI mod 30 with neighbor PCI(s) [621], causing reference-signal collision and interference that suppresses throughput.
\boxed{1}"
ID_FYLMTYS9KT_2,"The serving cell (PCI 501) shares PCI mod 30 with neighbor PCI(s) [621], causing reference-signal collision and interference that suppresses throughput.
\boxed{1}"
ID_FYLMTYS9KT_3,"The serving cell (PCI 501) shares PCI mod 30 with neighbor PCI(s) [621], causing reference-signal collision and interference that suppresses throughput.
\boxed{1}"
ID_FYLMTYS9KT_4,"The serving cell (PCI 501) shares PCI mod 30 with neighbor PCI(s) [621], causing reference-signal collision and interference that suppresses throughput.
\boxed{1}"
ID_M66ZWY2OLS_1,"The average scheduled RB count is about 155.8, below the 160-RB threshold needed to sustain high throughput, directly explaining the low observed data rate.
\boxed{1}"
ID_M66ZWY2OLS_2,"The average scheduled RB count is about 156.0, below the 160-RB threshold needed to sustain high throughput, directly explaining the low observed data rate.
\boxed{1}"
ID_M66ZWY2OLS_3,"The average scheduled RB count is about 154.9, below the 160-RB threshold needed to sustain high throughput, directly explaining the low observed data rate.
\boxed{1}"
ID_M66ZWY2OLS_4,"The average scheduled RB count is about 156.8, below the 160-RB threshold needed to sustain high throughput, directly explaining the low observed data rate.
\boxed{1}"
ID_JY9M8VREWP_1,"The serving PCI changes 3 times across this short drive-test window, indicating frequent handovers that interrupt scheduling and degrade sustained throughput.
\boxed{V1}"
ID_JY9M8VREWP_2,"The serving PCI changes 3 times across this short drive-test window, indicating frequent handovers that interrupt scheduling and degrade sustained throughput.
\boxed{V1}"
ID_JY9M8VREWP_3,"The serving PCI changes 3 times across this short drive-test window, indicating frequent handovers that interrupt scheduling and degrade sustained throughput.
\boxed{V1}"
ID_JY9M8VREWP_4,"The serving PCI changes 3 times across this short drive-test window, indicating frequent handovers that interrupt scheduling and degrade sustained throughput.
\boxed{V1}"
ID_3YEYHL7XZ2_1,"Neighbor cell(s) [240] arrive at comparable signal strength to the serving cell but originate from a different, non-colocated site, producing severe overlapping coverage that degrades throughput.
\boxed{A5}"
ID_3YEYHL7XZ2_2,"Neighbor cell(s) [240] arrive at comparable signal strength to the serving cell but originate from a different, non-colocated site, producing severe overlapping coverage that degrades throughput.
\boxed{A5}"
ID_3YEYHL7XZ2_3,"Neighbor cell(s) [240] arrive at comparable signal strength to the serving cell but originate from a different, non-colocated site, producing severe overlapping coverage that degrades throughput.
\boxed{A5}"
ID_3YEYHL7XZ2_4,"Neighbor cell(s) [240] arrive at comparable signal strength to the serving cell but originate from a different, non-colocated site, producing severe overlapping coverage that degrades throughput.
\boxed{A5}"
ID_MS4ZSN7KPV_1,"The serving cell (PCI 990) shares PCI mod 30 with neighbor PCI(s) [650], causing reference-signal collision and interference that suppresses throughput.
\boxed{Z2}"
ID_MS4ZSN7KPV_2,"The serving cell (PCI 990) shares PCI mod 30 with neighbor PCI(s) [650], causing reference-signal collision and interference that suppresses throughput.
\boxed{Z2}"
ID_MS4ZSN7KPV_3,"The serving cell (PCI 990) shares PCI mod 30 with neighbor PCI(s) [650], causing reference-signal collision and interference that suppresses throughput.
\boxed{Z2}"
ID_MS4ZSN7KPV_4,"The serving cell (PCI 990) shares PCI mod 30 with neighbor PCI(s) [650], causing reference-signal collision and interference that suppresses throughput.
\boxed{Z2}"
ID_ZLQM5PF8W2_1,"The serving cell (PCI 560) shares PCI mod 30 with neighbor PCI(s) [440], causing reference-signal collision and interference that suppresses throughput.
\boxed{8}"
ID_ZLQM5PF8W2_2,"The serving cell (PCI 560) shares PCI mod 30 with neighbor PCI(s) [440], causing reference-signal collision and interference that suppresses throughput.
\boxed{8}"
ID_ZLQM5PF8W2_3,"The serving cell (PCI 560) shares PCI mod 30 with neighbor PCI(s) [440], causing reference-signal collision and interference that suppresses throughput.
\boxed{8}"
ID_ZLQM5PF8W2_4,"The serving cell (PCI 560) shares PCI mod 30 with neighbor PCI(s) [440], causing reference-signal collision and interference that suppresses throughput.
\boxed{8}"
ID_1GZEGBQCXJ_1,"The serving cell (PCI 650) shares PCI mod 30 with neighbor PCI(s) [990], causing reference-signal collision and interference that suppresses throughput.
\boxed{Z6}"
ID_1GZEGBQCXJ_2,"The serving cell (PCI 650) shares PCI mod 30 with neighbor PCI(s) [990], causing reference-signal collision and interference that suppresses throughput.
\boxed{Z6}"
ID_1GZEGBQCXJ_3,"The serving cell (PCI 650) shares PCI mod 30 with neighbor PCI(s) [990], causing reference-signal collision and interference that suppresses throughput.
\boxed{Z6}"
ID_1GZEGBQCXJ_4,"The serving cell (PCI 650) shares PCI mod 30 with neighbor PCI(s) [990], causing reference-signal collision and interference that suppresses throughput.
\boxed{Z6}"
ID_0OZV9CKI3C_1,"The average scheduled RB count is about 157.4, below the 160-RB threshold needed to sustain high throughput, directly explaining the low observed data rate.
\boxed{K2}"
ID_0OZV9CKI3C_2,"The average scheduled RB count is about 157.6, below the 160-RB threshold needed to sustain high throughput, directly explaining the low observed data rate.
\boxed{K2}"
ID_0OZV9CKI3C_3,"The average scheduled RB count is about 155.7, below the 160-RB threshold needed to sustain high throughput, directly explaining the low observed data rate.
\boxed{K2}"
ID_0OZV9CKI3C_4,"The average scheduled RB count is about 155.7, below the 160-RB threshold needed to sustain high throughput, directly explaining the low observed data rate.
\boxed{K2}"
ID_I2XHVYWFA4_1,"The serving cell's total downtilt of about 25.0° is shallow relative to its vertical beamwidth of 12.0°, extending the main beam's reach well beyond the intended ~1km coverage radius, indicating over-shooting rather than being properly contained.
\boxed{D6}"
ID_I2XHVYWFA4_2,"The serving cell's total downtilt of about 25.0° is shallow relative to its vertical beamwidth of 6.0°, extending the main beam's reach well beyond the intended ~1km coverage radius, indicating the cell is over-shooting its intended coverage area rather than being properly contained.
\boxed{D6}"
ID_I2XHVYWFA4_3,"The serving cell's total downtilt of about 25.0° is shallow relative to its vertical beamwidth of 12.0°, extending the main beam's reach well beyond the intended ~1km coverage radius, indicating over-shooting rather than being properly contained.
\boxed{D6}"
ID_I2XHVYWFA4_4,"The serving cell's total downtilt of about 25.0° is shallow relative to its vertical beamwidth of 12.0°, extending the main beam's reach well beyond the intended ~1km coverage radius, indicating over-shooting rather than being properly contained.
\boxed{D6}"
ID_XP5PQB7VII_1,"The serving PCI changes 3 times across this short window of test data, indicating frequent handovers that interrupt scheduling and degrade sustained throughput.
\boxed{E}"
ID_XP5PQB7VII_2,"The serving PCI changes 3 times across this short window of data, indicating frequent handovers that interrupt scheduling and degrade sustained throughput.
\boxed{E}"
ID_XP5PQB7VII_3,"The serving PCI changes 3 times across this short window of test data, indicating frequent handovers that interrupt scheduling and degrade sustained throughput.
\boxed{E}"
ID_XP5PQB7VII_4,"The serving PCI changes 3 times across this short window of test data, indicating frequent handovers that interrupt scheduling and degrade sustained throughput.
\boxed{E}"
ID_3INAI4GVB0_1,"Neighbor cell(s) [420] arrive at comparable signal strength to the serving cell but originate from a different, non-colocated site, producing severe overlapping coverage that degrades throughput.
\boxed{P7}"
ID_3INAI4GVB0_2,"Neighbor cell(s) [420] arrive at comparable signal strength to the serving cell but originate from a different, non-colocated site, producing severe overlapping coverage that degrades throughput.
\boxed{P7}"
ID_3INAI4GVB0_3,"Neighbor cell(s) [420] arrive at comparable signal strength to the serving cell but originate from a different, non-colocated site, producing severe overlapping coverage that degrades throughput.
\boxed{P7}"
ID_3INAI4GVB0_4,"Neighbor cell(s) [420] arrive at comparable signal strength to the serving cell but originate from a different, non-colocated site, producing severe overlapping coverage that degrades throughput.
\boxed{P7}"
ID_AOYS5I11WJ_1,"The serving PCI changes 3 times across this short drive-test window, indicating frequent handovers that interrupt scheduling and degrade sustained throughput.
\boxed{6}"
ID_AOYS5I11WJ_2,"The serving cell (PCI 745) shares PCI mod 30 with neighbor PCI(s) [980], causing reference-signal collision and interference that suppresses throughput.
\boxed{2}"
ID_AOYS5I11WJ_3,"The serving PCI changes 3 times across this short drive-test window, indicating frequent handovers that interrupt scheduling and degrade sustained throughput.
\boxed{6}"
ID_AOYS5I11WJ_4,"The serving PCI changes 3 times across this short drive-test window, indicating frequent handovers that interrupt scheduling and degrade sustained throughput.
\boxed{6}"
ID_Y27W00URZO_1,"The serving cell (PCI 210) shares PCI mod 30 with neighbor PCI(s) [433, 818], causing reference-signal collision and interference that suppresses throughput.
\boxed{I7}"
ID_Y27W00URZO_2,"The serving cell (PCI 210) shares PCI mod 30 with neighbor PCI(s) [433, 818], causing reference-signal collision and interference that suppresses throughput.
\boxed{I7}"
ID_Y27W00URZO_3,"The serving cell (PCI 210) shares PCI mod 30 with neighbor PCI(s) [433, 818], causing reference-signal collision and interference that suppresses throughput.
\boxed{I7}"
ID_Y27W00URZO_4,"The average scheduled RB count is about 155.4, below the 160-RB threshold needed to sustain high throughput, directly explaining the low observed data rate.
\boxed{I4}"
ID_RDWQAMKPML_1,"The serving cell's total throughput is about 114.0 Mbps against a peak capacity of 162.0 Mbps, indicating severe congestion.
\boxed{E}"
ID_RDWQAMKPML_2,"The serving cell's total throughput is about 115.1 Mbps, below the network's capacity of about 132.7 Mbps, suggesting the network is overloaded.
\boxed{G}"
ID_RDWQAMKPML_3,"The serving cell's total throughput is about 1.1 Mbps, below the channel capacity of 16.1 Mbps, suggesting excessive interference or congestion.
\boxed{B}"
ID_RDWQAMKPML_4,"The serving cell's total throughput is about 115.2 Mbps, below the channel capacity of 132.0 Mbps, suggesting excessive traffic from other sources draining bandwidth.
\boxed{A}"
ID_M9BDC7PZ55_1,"The average scheduled RB count is about 159.6, below the 160-RB threshold needed to sustain high throughput, directly explaining the low observed data rate.
\boxed{Z4}"
ID_M9BDC7PZ55_2,"The average scheduled RB count is about 159.9, below the 160-RB threshold needed to sustain high throughput, directly explaining the low observed data rate.
\boxed{Z4}"
ID_M9BDC7PZ55_3,"The average scheduled RB count is about 159.8, below the 160-RB threshold needed to sustain high throughput, directly explaining the low observed data rate.
\boxed{Z4}"
ID_M9BDC7PZ55_4,"The average scheduled RB count is about 159.9, below the 160-RB threshold needed to sustain high throughput, directly explaining the low observed data rate.
\boxed{Z4}"
ID_WX0ZKHNCEM_1,"The serving cell's total downtilt is about 6.0° against a vertical beamwidth of 6.0° at a mounting height of 13.0m, which narrows the effective coverage radius and pulls the main beam toward the ground close to the site. The serving SS-RSRP averages -85.6 dBm, consistent with weak far-end coverage caused by excessive downtilt.
\boxed{P2}"
ID_WX0ZKHNCEM_2,"The serving cell's total downtilt is about 6.0° against a vertical beamwidth of 6.0° at a mounting height of 13.0m, which narrows the effective coverage radius and pulls the main beam toward the ground close to the site. This pulls the main signal toward the ground close to the site, shading neighbors that would otherwise be reachable.
\boxed{P2}"
ID_WX0ZKHNCEM_3,"The serving cell (PCI 455) shares PCI mod 30 with neighbor PCI(s) [905, 971], causing reference-signal collision and interference that suppresses throughput.
\boxed{P3}"
ID_WX0ZKHNCEM_4,"The serving cell's total downtilt is about 6.0° against a vertical beamwidth of 6.0° at a mounting height of 13.0m, which narrows the effective coverage radius and pulls the main beam toward the ground close to the site. This pulls the main signal toward the ground close to the site, shading neighbors that would otherwise be reachable.
\boxed{P2}"
ID_W7ATCFKBKQ_1,"The average scheduled RB count is about 166.0, below the 160-RB threshold needed to sustain high throughput, directly explaining the low observed data rate.
\boxed{2}"
ID_W7ATCFKBKQ_2,"The average scheduled RB count is about 166.0, below the 160-RB threshold needed to sustain high throughput, directly explaining the low observed data rate.
\boxed{2}"
ID_W7ATCFKBKQ_3,"The average scheduled RB count is about 166.4, below the 160-RB threshold needed to sustain high throughput, directly explaining the low observed data rate.
\boxed{2}"
ID_W7ATCFKBKQ_4,"The average scheduled RB count is about 166.0, below the 160-RB threshold needed to sustain high throughput, directly explaining the low observed data rate.
\boxed{2}"
ID_HRBNHJXEJD_1,"The serving PCI changes 3 times across this short drive-test window, indicating frequent handovers that interrupt scheduling and degrade sustained throughput.
\boxed{2}"
ID_HRBNHJXEJD_2,"The serving PCI changes 3 times across this short drive-test window, indicating frequent handovers that interrupt scheduling and degrade sustained throughput.
\boxed{2}"
ID_HRBNHJXEJD_3,"The serving PCI changes 3 times across this short drive-test window, indicating frequent handovers that interrupt scheduling and degrade sustained throughput.
\boxed{2}"
ID_HRBNHJXEJD_4,"The serving PCI changes 3 times across this short drive-test window, indicating frequent handovers that interrupt scheduling and degrade sustained throughput.
\boxed{2}"
ID_UBNNBN9ZH7_1,"The serving cell (PCI 360) shares PCI with neighbor PCI(s) 829 and 830, causing reference-signal collision and interference that suppresses throughput.
\boxed{G}"
ID_UBNNBN9ZH7_2,"The serving cell (PCI 829) shares PCI with neighbor PCI(s) 360, causing reference-signal collision and interference that suppresses throughput.
\boxed{G}"
ID_UBNNBN9ZH7_3,"The serving PCI changes 3 times across this short window of data, indicating frequent handovers that interrupt scheduling and degrade sustained throughput.
\boxed{C}"
ID_UBNNBN9ZH7_4,"The serving PCI changes 3 times across this short window of data, indicating frequent handovers that interrupt scheduling and degrade sustained throughput.
\boxed{E}"
ID_WXBLWCPPIU_1,"The average scheduled RB count is about 166.1, below the 160-RB threshold needed to sustain high throughput, directly explaining the low observed data rate.
\boxed{5}"
ID_WXBLWCPPIU_2,"The average scheduled RB count is about 166.6, below the 160-RB threshold needed to sustain high throughput, directly explaining the low observed data rate.
\boxed{5}"
ID_WXBLWCPPIU_3,"The average scheduled RB count is about 166.4, below the 160-RB threshold needed to sustain high throughput, directly explaining the low observed data rate.
\boxed{5}"
ID_WXBLWCPPIU_4,"The average scheduled RB count is about 166.1, below the 160-RB threshold needed to sustain high throughput, directly explaining the low observed data rate.
\boxed{5}"
ID_BBY4RCVSL7_1,"The average scheduled RB count is about 158.6, below the 160-RB threshold needed to sustain high throughput, directly explaining the low observed data rate.
\boxed{8}"
ID_BBY4RCVSL7_2,"The average scheduled RB count is about 159.7, below the 160-RB threshold needed to sustain high throughput, directly explaining the low observed data rate.
\boxed{8}"
ID_BBY4RCVSL7_3,"The average scheduled RB count is about 159.7, below the 160-RB threshold needed to sustain high throughput, directly explaining the low observed data rate.
\boxed{8}"
ID_BBY4RCVSL7_4,"A neighboring cell reaches this location with a filtered Tx BRSRP of about -89.3 dBm, comparable to or stronger than the serving cell's average SS-RSRP of -83.2 dBm, suggesting a neighbor would deliver higher throughput than the current serving cell.
\boxed{6}"
ID_JQ0USYPDON_1,"The serving PCI changes 3 times across this short drive-test window, indicating frequent handovers that interrupt scheduling and degrade sustained throughput.
\boxed{5}"
ID_JQ0USYPDON_2,"The serving PCI changes 3 times across this short drive-test window, indicating frequent handovers that interrupt scheduling and degrade sustained throughput.
\boxed{5}"
ID_JQ0USYPDON_3,"The serving PCI changes 3 times across this short drive-test window, indicating frequent handovers that interrupt scheduling and degrade sustained throughput.
\boxed{5}"
ID_JQ0USYPDON_4,"The serving PCI changes 3 times across this short drive-test window, indicating frequent handovers that interrupt scheduling and degrade sustained throughput.
\boxed{5}"
ID_DUK40MGMES_1,"The serving cell's total downtilt of about 15.0° is shallow relative to its vertical beamwidth of 12.0°, extending the main beam's reach well beyond the intended ~1km coverage radius, indicating the cell is over-shooting its intended coverage area rather than being properly contained.
\boxed{8}"
ID_DUK40MGMES_2,"The serving cell's total downtilt of about 26.0° is shallow relative to its vertical beamwidth of 12.0°, extending the main beam's reach well beyond the intended ~1km coverage radius, indicating the cell is over-shooting its intended coverage area rather than being properly contained.
\boxed{8}"
ID_DUK40MGMES_3,"The serving cell's total downtilt of about 26.0° is shallow relative to its vertical beamwidth of 12.0°, extending the main beam's reach well beyond the intended ~1km coverage radius, indicating the cell is over-shooting its intended coverage area rather than being properly contained.
\boxed{8}"
ID_DUK40MGMES_4,"The serving cell's total downtilt of about 15.0° is shallow relative to its vertical beamwidth of 12.0°, extending the main beam's reach well beyond the intended ~1km coverage radius, indicating the cell is over-shooting its intended coverage area rather than being properly contained.
\boxed{8}"
ID_3K9419TCNV_1,"The serving cell (PCI 455) shares PCI mod 30 with neighbor PCI(s) [737, 971], causing reference-signal collision and interference that suppresses throughput.
\boxed{5}"
ID_3K9419TCNV_2,"The serving cell's total downtilt is about 11.0° against a vertical beamwidth of 6.0° at a mounting height of 13.0m, which narrows the effective coverage radius and pulls the main beam toward the ground close to the site. The serving SS-RSRP averages -82.4 dBm, consistent with weak far-end coverage caused by excessive downtilt.
\boxed{8}"
ID_3K9419TCNV_3,"The serving cell (PCI 455) shares PCI mod 30 with neighbor PCI(s) [737, 971], causing reference-signal collision and interference that suppresses throughput.
\boxed{5}"
ID_3K9419TCNV_4,"The serving cell's total downtilt is about 11.0° against a vertical beamwidth of 6.0° at a mounting height of 13.0m, which narrows the effective coverage radius and pulls the main beam toward the ground close to the site. This pulls the main signal toward the ground close to the site, shading off weaker signals compared to stronger ones, particularly from neighbors.
\boxed{8}"
ID_L8OF6YN23N_1,"Neighbor cell(s) [240] arrive at comparable signal strength to the serving cell but originate from a different, non-colocated site, producing severe overlapping coverage that degrades throughput.
\boxed{I3}"
ID_L8OF6YN23N_2,"Neighbor cell(s) [240] arrive at comparable signal strength to the serving cell but originate from a different, non-colocated site, producing severe overlapping coverage that degrades throughput.
\boxed{I3}"
ID_L8OF6YN23N_3,"Neighbor cell(s) [240] arrive at comparable signal strength to the serving cell but originate from a different, non-colocated site, producing severe overlapping coverage that degrades throughput.
\boxed{I3}"
ID_L8OF6YN23N_4,"Neighbor cell(s) [240] arrive at comparable signal strength to the serving cell but originate from a different, non-colocated site, producing severe overlapping coverage that degrades throughput.
\boxed{I3}"
ID_6CHE2Y6QFE_1,"The serving cell (PCI 745) shares PCI mod 30 with neighbor PCI(s) [980], causing reference-signal collision and interference that suppresses throughput.
\boxed{G8}"
ID_6CHE2Y6QFE_2,"The serving cell (PCI 745) shares PCI mod 30 with neighbor PCI(s) [980], causing reference-signal collision and interference that suppresses throughput.
\boxed{G8}"
ID_6CHE2Y6QFE_3,"The serving cell (PCI 745) shares PCI mod 30 with neighbor PCI(s) [980], causing reference-signal collision and interference that suppresses throughput.
\boxed{G8}"
ID_6CHE2Y6QFE_4,"The serving cell (PCI 745) shares PCI mod 30 with neighbor PCI(s) [980], causing reference-signal collision and interference that suppresses throughput.
\boxed{G8}"
ID_89LE6A29Y1_1,"The average scheduled RB count is about 158.0, below the 160-RB threshold needed to sustain high throughput, directly explaining the low observed data rate.
\boxed{D3}"
ID_89LE6A29Y1_2,"The average scheduled RB count is about 156.7, below the 160-RB threshold needed to sustain high throughput, directly explaining the low observed data rate.
\boxed{D3}"
ID_89LE6A29Y1_3,"The average scheduled RB count is about 158.6, below the 160-RB threshold needed to sustain high throughput, directly explaining the low observed data rate.
\boxed{D3}"
ID_89LE6A29Y1_4,"The average scheduled RB count is about 158.9, below the 160-RB threshold needed to sustain high throughput, directly explaining the low observed data rate.
\boxed{D3}"
ID_4B3QR8JWY9_1,"Neighbor cell(s) [440] arrive at comparable signal strength to the serving cell but originate from a different, non-colocated site, producing severe overlapping coverage that degrades throughput.
\boxed{4}"
ID_4B3QR8JWY9_2,"Neighbor cell(s) [440] arrive at comparable signal strength to the serving cell but originate from a different, non-colocated site, producing severe overlapping coverage that degrades throughput.
\boxed{4}"
ID_4B3QR8JWY9_3,"The serving cell's total downtilt is about 12.0° against a vertical beamwidth of 6.0° at a mounting height of 30.1m, which narrows the effective coverage radius and pulls the main beam toward the ground close to the site. This pulls the main signal toward the ground close to the site, shading off neighbors that would otherwise occupy this land area, causing weak coverage where neighbors would normally be expected to occupy this land area.
\boxed{6}"
ID_4B3QR8JWY9_4,"The serving cell's total downtilt is about 13.0° against a vertical beamwidth of 6.0° at a mounting height of 21.0m, which narrows the effective coverage radius and pulls the main beam toward the ground close to the site. This pulls the main signal toward the ground close to the site, shading off neighbors that would otherwise occupy this land area, causing weak coverage where they'd normally be expected to find clients.
\boxed{6}"
ID_AE7HCMW4YG_1,"The average scheduled RB count is about 157.9, below the 160-RB threshold needed to sustain high throughput, directly explaining the low observed data rate.
\boxed{4}"
ID_AE7HCMW4YG_2,"The average scheduled RB count is about 158.6, below the 160-RB threshold needed to sustain high throughput, directly explaining the low observed data rate.
\boxed{4}"
ID_AE7HCMW4YG_3,"The average scheduled RB count is about 157.9, below the 160-RB threshold needed to sustain high throughput, directly explaining the low observed data rate.
\boxed{4}"
ID_AE7HCMW4YG_4,"The average scheduled RB count is about 158.7, below the 160-RB threshold needed to sustain high throughput, directly explaining the low observed data rate.
\boxed{4}"
ID_MGSAM8YHQ6_1,"The serving PCI changes 3 times across this short drive-test window, indicating frequent handovers that interrupt scheduling and degrade sustained throughput.
\boxed{6}"
ID_MGSAM8YHQ6_2,"The serving PCI changes 3 times across this short drive-test window, indicating frequent handovers that interrupt scheduling and degrade sustained throughput.
\boxed{6}"
ID_MGSAM8YHQ6_3,"The serving PCI changes 3 times across this short drive-test window, indicating frequent handovers that interrupt scheduling and degrade sustained throughput.
\boxed{6}"
ID_MGSAM8YHQ6_4,"The serving PCI changes 3 times across this short drive-test window, indicating frequent handovers that interrupt scheduling and degrade sustained throughput.
\boxed{6}"
ID_CR9XX5HW0J_1,"The average scheduled RB count is about 159.7, below the 160-RB threshold needed to sustain high throughput, directly explaining the low observed data rate.
\boxed{8}"
ID_CR9XX5HW0J_2,"The average scheduled RB count is about 158.2, below the 160-RB threshold needed to sustain high throughput, directly explaining the low observed data rate.
\boxed{8}"
ID_CR9XX5HW0J_3,"The serving cell's total downtilt is about 24.0° against a vertical beamwidth of 12.0° at a mounting height of 49.1m, which narrows the effective coverage radius and pulls the main beam toward the ground close to the site. The serving SS-RSRP averages -90.2 dBm, consistent with weak far-end coverage caused by excessive downtilt.
\boxed{3}"
ID_CR9XX5HW0J_4,"The average scheduled RB count is about 158.4, below the 160-RB threshold needed to sustain high throughput, directly explaining the low observed data rate.
\boxed{8}"
ID_34AKLFXBWO_1,"The serving PCI changes 3 times across this short drive-test window, indicating frequent handovers that interrupt scheduling and degrade sustained throughput.
\boxed{5}"
ID_34AKLFXBWO_2,"The serving PCI changes 3 times across this short drive-test window, indicating frequent handovers that interrupt scheduling and degrade sustained throughput.
\boxed{5}"
ID_34AKLFXBWO_3,"The serving PCI changes 3 times across this short drive-test window, indicating frequent handovers that interrupt scheduling and degrade sustained throughput.
\boxed{5}"
ID_34AKLFXBWO_4,"The serving PCI changes 3 times across this short drive-test window, indicating frequent handovers that interrupt scheduling and degrade sustained throughput.
\boxed{5}"
ID_LNMZ38F6LH_1,"The serving PCI changes 3 times across this short drive-test window, indicating frequent handovers that interrupt scheduling and degrade sustained throughput.
\boxed{K4}"
ID_LNMZ38F6LH_2,"The serving PCI changes 3 times across this short drive-test window, indicating frequent handovers that interrupt scheduling and degrade sustained throughput.
\boxed{K4}"
ID_LNMZ38F6LH_3,"The serving PCI changes 3 times across this short drive-test window, indicating frequent handovers that interrupt scheduling and degrade sustained throughput.
\boxed{K4}"
ID_LNMZ38F6LH_4,"The serving PCI changes 3 times across this short drive-test window, indicating frequent handovers that interrupt scheduling and degrade sustained throughput.
\boxed{K4}"
ID_2H1MJC7RQD_1,"The average scheduled RB count is about 159.4, below the 160-RB threshold needed to sustain high throughput, directly explaining the low observed data rate.
\boxed{V7}"
ID_2H1MJC7RQD_2,"The average scheduled RB count is about 159.6, below the 160-RB threshold needed to sustain high throughput, directly explaining the low observed data rate.
\boxed{V7}"
ID_2H1MJC7RQD_3,"A neighboring cell reaches this location with a filtered Tx BRSRP of about -73.0 dBm, comparable to or stronger than the serving cell's average SS-RSRP of -79.0 dBm, suggesting a neighbor would deliver higher throughput than the current serving cell.
\boxed{V8}"
ID_2H1MJC7RQD_4,"The average scheduled RB count is about 159.2, below the 160-RB threshold needed to sustain high throughput, directly explaining the low observed data rate.
\boxed{V7}"
ID_T9UM0X0UWO_1,"The serving cell (PCI 525) shares PCI mod 30 with neighbor PCI(s) [405], causing reference-signal collision and interference that suppresses throughput.
\boxed{L3}"
ID_T9UM0X0UWO_2,"The serving cell (PCI 525) shares PCI mod 30 with neighbor PCI(s) [405], causing reference-signal collision and interference that suppresses throughput.
\boxed{L3}"
ID_T9UM0X0UWO_3,"The serving cell (PCI 525) shares PCI mod 30 with neighbor PCI(s) [405], causing reference-signal collision and interference that suppresses throughput.
\boxed{L3}"
ID_T9UM0X0UWO_4,"The serving cell (PCI 525) shares PCI mod 30 with neighbor PCI(s) [405], causing reference-signal collision and interference that suppresses throughput.
\boxed{L3}"
ID_40V42HLSL2_1,"The serving cell's total downtilt of about 10.0° is shallow relative to its vertical beamwidth of 6.0°, extending the main beam's reach well beyond the intended ~1km coverage radius, indicating the cell is over-shooting its intended coverage area rather than being properly contained.
\boxed{O4}"
ID_40V42HLSL2_2,"The serving cell's total downtilt of about 10.0° is shallow relative to its vertical beamwidth of 6.0°, extending the main beam's reach well beyond the intended ~1km coverage radius, indicating the cell is over-shooting its intended coverage area rather than being properly contained.
\boxed{O4}"
ID_40V42HLSL2_3,"The serving cell's total downtilt of about 10.0° is shallow relative to its vertical beamwidth of 6.0°, extending the main beam's reach well beyond the intended ~1km coverage radius, indicating the cell is over-shooting its intended coverage area rather than being properly contained.
\boxed{O4}"
ID_40V42HLSL2_4,"The serving cell's total downtilt of about 10.0° is shallow relative to its vertical beamwidth of 6.0°, extending the main beam's reach well beyond the intended ~1km coverage radius, indicating the cell is over-shooting its intended coverage area rather than being properly contained.
\boxed{O4}"
ID_52NTSY9CH8_1,"The average scheduled RB count is about 148.7, below the 160-RB threshold needed to sustain high throughput, directly explaining the low observed data rate.
\boxed{5}"
ID_52NTSY9CH8_2,"The average scheduled RB count is about 148.6, below the 160-RB threshold needed to sustain high throughput, directly explaining the low observed data rate.
\boxed{5}"
ID_52NTSY9CH8_3,"A neighboring cell reaches this location with a filtered Tx BRSRP of about -88.1 dBm, comparable to or stronger than the serving cell's average SS-RSRP of -80.4 dBm, suggesting a neighbor would deliver higher throughput than the current serving cell.
\boxed{3}"
ID_52NTSY9CH8_4,"The average scheduled RB count is about 149.4, below the 160-RB threshold needed to sustain high throughput, directly explaining the low observed data rate.
\boxed{5}"
ID_YFCBY6WGJ2_1,"The average scheduled RB count is about 168.0, below the 160-RB threshold needed to sustain high throughput, directly explaining the low observed data rate.
\boxed{V1}"
ID_YFCBY6WGJ2_2,"The average scheduled RB count is about 167.3, below the 160-RB threshold needed to sustain high throughput, directly explaining the low observed data rate.
\boxed{V1}"
ID_YFCBY6WGJ2_3,"The average scheduled RB count is about 167.3, below the 160-RB threshold needed to sustain high throughput, directly explaining the low observed data rate.
\boxed{V1}"
ID_YFCBY6WGJ2_4,"The average scheduled RB count is about 167.5, below the 160-RB threshold needed to sustain high throughput, directly explaining the low observed data rate.
\boxed{V1}"
ID_YUASHI7INA_1,"The serving cell (PCI 591) shares PCI mod 30 with neighbor PCI(s) [697], causing reference-signal collision and interference that suppresses throughput.
\boxed{5}"
ID_YUASHI7INA_2,"The serving cell's total downtilt is about 26.0° against a vertical beamwidth of 6.0° at a mounting height of 72.0m, which narrows the effective coverage radius and pulls the main beam toward the ground close to the site. The serving SS-RSRP averages -76.4 dBm, consistent with weak far-end coverage caused by excessive downtilt.
\boxed{7}"
ID_YUASHI7INA_3,"The serving cell (PCI 591) shares PCI mod 30 with neighbor PCI(s) [697], causing reference-signal collision and interference that suppresses throughput.
\boxed{5}"
ID_YUASHI7INA_4,"The serving cell's total downtilt is about 26.0° against a vertical beamwidth of 6.0° at a mounting height of 72.0m, which narrows the effective coverage radius and pulls the main signal toward the ground close to the site. The serving SS-RSRP averages -76.2 dBm, consistent with weak far-end coverage caused by excessive downtilt.
\boxed{7}"
ID_FCGA7TUT2C_1,"The serving cell's total downtilt is about 25.0° against a vertical beamwidth of 6.0° at a mounting height of 72.0m, which narrows the effective coverage radius and pulls the main beam toward the ground close to the site. The serving SS-RSRP averages -85.4 dBm, consistent with weak signal strength due to poor coverage.
\boxed{A1}"
ID_FCGA7TUT2C_2,"The serving cell's total downtilt is about 25.0° against a vertical beamwidth of 6.0° at a mounting height of 88.0m, which narrows the effective coverage radius and pulls the main beam toward the ground close to the site. The serving SS-RSRP averages -85.4 dBm, consistent with weak signal strength due to poor coverage.
\boxed{A1}"
ID_FCGA7TUT2C_3,"The serving cell's total downtilt is about 25.0° against a vertical beamwidth of 6.0° at a mounting height of 88.0m, which narrows the effective coverage radius and pulls the main beam toward the ground close to the site. The serving SS-RSRP averages -85.4 dBm, consistent with weak signal strength due to poor coverage.
\boxed{A1}"
ID_FCGA7TUT2C_4,"The serving cell's total downtilt is about 25.0° against a vertical beamwidth of 12.0° at this mounting height, which narrows the effective coverage radius and pulls the main beam toward the ground close to the site. The serving SS-RSRP averages -85.4 dBm, consistent with weak signal strength due to poor coverage.
\boxed{A1}"
ID_9HH5VAG29X_1,"Neighbor cell(s) [433] arrive at comparable signal strength to the serving cell but originate from a different, non-colocated site, producing severe overlapping coverage that degrades throughput.
\boxed{S3}"
ID_9HH5VAG29X_2,"Neighbor cell(s) [433] arrive at comparable signal strength to the serving cell but originate from a different, non-colocated site, producing severe overlapping coverage that degrades throughput.
\boxed{S3}"
ID_9HH5VAG29X_3,"Neighbor cell(s) [433] arrive at comparable signal strength to the serving cell but originate from a different, non-colocated site, producing severe overlapping coverage that degrades throughput.
\boxed{S3}"
ID_9HH5VAG29X_4,"Neighbor cell(s) [433] arrive at comparable signal strength to the serving cell but originate from a different, non-colocated site, producing severe overlapping coverage that degrades throughput.
\boxed{S3}"
ID_T57Y06VYJK_1,"The serving PCI changes 3 times across this short drive-test window, indicating frequent handovers that interrupt scheduling and degrade sustained throughput.
\boxed{3}"
ID_T57Y06VYJK_2,"The serving PCI changes 3 times across this short drive-test window, indicating frequent handovers that interrupt scheduling and degrade sustained throughput.
\boxed{3}"
ID_T57Y06VYJK_3,"The serving PCI changes 3 times across this short drive-test window, indicating frequent handovers that interrupt scheduling and degrade sustained throughput.
\boxed{3}"
ID_T57Y06VYJK_4,"The serving PCI changes 3 times across this short drive-test window, indicating frequent handovers that interrupt scheduling and degrade sustained throughput.
\boxed{3}"
ID_05FOEUH8J6_1,"Neighbor cell(s) [240] arrive at comparable signal strength to the serving cell but originate from a different, non-colocated site, producing severe overlapping coverage that degrades throughput.
\boxed{H7}"
ID_05FOEUH8J6_2,"The serving cell (PCI 501) shares PCI mod 30 with neighbor PCI(s) [621], causing reference-signal collision and interference that suppresses throughput.
\boxed{H5}"
ID_05FOEUH8J6_3,"The serving cell (PCI 501) shares PCI mod 30 with neighbor PCI(s) [621], causing reference-signal collision and interference that suppresses throughput.
\boxed{H5}"
ID_05FOEUH8J6_4,"The serving cell (PCI 501) shares PCI mod 30 with neighbor PCI(s) [621], causing reference-signal collision and interference that suppresses throughput.
\boxed{H5}"
ID_BMVD1ECGJT_1,"The serving cell (PCI 871) shares PCI mod 30 with neighbor PCI(s) [440], causing reference-signal collision and interference that suppresses throughput.
\boxed{4}"
ID_BMVD1ECGJT_2,"The serving cell (PCI 871) shares PCI mod 30 with neighbor PCI(s) [440], causing reference-signal collision and interference that suppresses throughput.
\boxed{4}"
ID_BMVD1ECGJT_3,"The serving cell (PCI 871) shares PCI mod 30 with neighbor PCI(s) [440], causing reference-signal collision and interference that suppresses throughput.
\boxed{4}"
ID_BMVD1ECGJT_4,"The serving cell (PCI 871) shares PCI mod 30 with neighbor PCI(s) [440], causing reference-signal collision and interference that suppresses throughput.
\boxed{4}"
ID_50Z1R1Y808_1,"The serving cell (PCI 980) shares PCI mod 30 with neighbor PCI(s) [745], causing reference-signal collision and interference that suppresses throughput.
\boxed{Q4}"
ID_50Z1R1Y808_2,"The serving cell (PCI 980) shares PCI mod 30 with neighbor PCI(s) [745], causing reference-signal collision and interference that suppresses throughput.
\boxed{Q4}"
ID_50Z1R1Y808_3,"The serving cell (PCI 980) shares PCI mod 30 with neighbor PCI(s) [745], causing reference-signal collision and interference that suppresses throughput.
\boxed{Q4}"
ID_50Z1R1Y808_4,"The serving cell (PCI 980) shares PCI mod 30 with neighbor PCI(s) [745], causing reference-signal collision and interference that suppresses throughput.
\boxed{Q4}"
ID_5RF70A3DTT_1,"Neighbor cell(s) [240] arrive at comparable signal strength to the serving cell but originate from a different, non-colocated site, producing severe overlapping coverage that degrades throughput.
\boxed{3}"
ID_5RF70A3DTT_2,"Neighbor cell(s) [240] arrive at comparable signal strength to the serving cell but originate from a different, non-colocated site, producing severe overlapping coverage that degrades throughput.
\boxed{3}"
ID_5RF70A3DTT_3,"Neighbor cell(s) [240] arrive at comparable signal strength to the serving cell but originate from a different, non-colocated site, producing severe overlapping coverage that degrades throughput.
\boxed{3}"
ID_5RF70A3DTT_4,"Neighbor cell(s) [240] arrive at comparable signal strength to the serving cell but originate from a different, non-colocated site, producing severe overlapping coverage that degrades throughput.
\boxed{3}"
ID_0VCBC13NB4_1,"The average scheduled RB count is about 153.6, below the 160-RB threshold needed to sustain high throughput, directly explaining the low observed data rate.
\boxed{2}"
ID_0VCBC13NB4_2,"The average scheduled RB count is about 152.4, below the 160-RB threshold needed to sustain high throughput, directly explaining the low observed data rate.
\boxed{2}"
ID_0VCBC13NB4_3,"The average scheduled RB count is about 155.7, below the 160-RB threshold needed to sustain high throughput, directly explaining the low observed data rate.
\boxed{2}"
ID_0VCBC13NB4_4,"The average scheduled RB count is about 151.4, below the 160-RB threshold needed to sustain high throughput, directly explaining the low observed data rate.
\boxed{2}"
ID_I11HS26I9Z_1,"The serving PCI changes 3 times across this short window of data, indicating frequent handovers that interrupt scheduling and degrade sustained throughput.
\boxed{E}"
ID_I11HS26I9Z_2,"The serving PCI changes 3 times across this short window of data, indicating frequent handovers that interrupt scheduling and degrade sustained throughput.
\boxed{E}"
ID_I11HS26I9Z_3,"The serving PCI changes 3 times across this short window of data, indicating frequent handovers that interrupt scheduling and degrade sustained throughput.
\boxed{E}"
ID_I11HS26I9Z_4,"The serving PCI changes 3 times across this short window of data, indicating frequent handovers that interrupt scheduling and degrade sustained throughput.
\boxed{E}"
ID_BQ7BEK0U0C_1,"The average scheduled RB count is about 168.0, below the 160-RB threshold needed to sustain high throughput, directly explaining the low observed data rate.
\boxed{S2}"
ID_BQ7BEK0U0C_2,"The average scheduled RB count is about 168.1, below the 160-RB threshold needed to sustain high throughput, directly explaining the low observed data rate.
\boxed{S2}"
ID_BQ7BEK0U0C_3,"The average scheduled RB count is about 168.0, below the 160-RB threshold needed to sustain high throughput, directly explaining the low observed data rate.
\boxed{S2}"
ID_BQ7BEK0U0C_4,"The average scheduled RB count is about 168.1, below the 160-RB threshold needed to sustain high throughput, directly explaining the low observed data rate.
\boxed{S2}"
ID_EXP4BT8362_1,"The serving cell (PCI 650) shares PCI mod 30 with neighbor PCI(s) [433, 818], causing reference-signal collision and interference that suppresses throughput.
\boxed{2}"
ID_EXP4BT8362_2,"The serving cell (PCI 650) shares PCI mod 30 with neighbor PCI(s) [433, 990], causing reference-signal collision and interference that suppresses throughput.
\boxed{2}"
ID_EXP4BT8362_3,"The serving cell's total downtilt is about 15.0° against a vertical beamwidth of 6.0° at a mounting height of 30.1m, which narrows the effective coverage radius and pulls the main beam toward the ground close to the site. The serving SS-RSRP averages -85.4 dBm, consistent with weak far-end coverage caused by excessive downtilt.
\boxed{4}"
ID_EXP4BT8362_4,"The serving cell's total downtilt is about 14.0° against a vertical beamwidth of 6.0° at a mounting height of 30.1m, which narrows the effective coverage radius and pulls the main beam toward the ground close to the site. The serving SS-RSRP averages -85.4 dBm, consistent with weak far-end coverage caused by excessive downtilt.
\boxed{4}"
ID_FC3Q0EBM4M_1,"The serving cell's total downtilt is about 25.0° against a vertical beamwidth of 10.0° at a mounting height of 30.1m, which narrows the effective coverage radius and pulls the main beam toward the ground close to the site. The serving SS-RSRP averages -82.5 dBm, consistent with weak far-end coverage caused by excessive downtilt.
\boxed{S7}"
ID_FC3Q0EBM4M_2,"Neighbor cell(s) [650] arrive at comparable signal strength to the serving cell but originate from a different, non-colocated site, producing severe overlapping coverage that degrades throughput.
\boxed{S1}"
ID_FC3Q0EBM4M_3,"Neighbor cell(s) [650] arrive at comparable signal strength to the serving cell but originate from a different, non-colocated site, producing severe overlapping coverage that degrades throughput.
\boxed{S1}"
ID_FC3Q0EBM4M_4,"Neighbor cell(s) [650] arrive at comparable signal strength to the serving cell but originate from a different, non-colocated site, producing severe overlapping coverage that degrades throughput.
\boxed{S1}"
ID_FOIDDUBNC8_1,"The average scheduled RB count is about 166.9, below the 160-RB threshold needed to sustain high throughput, directly explaining the low observed data rate.
\boxed{C2}"
ID_FOIDDUBNC8_2,"The average scheduled RB count is about 166.8, below the 160-RB threshold needed to sustain high throughput, directly explaining the low observed data rate.
\boxed{C2}"
ID_FOIDDUBNC8_3,"The average scheduled RB count is about 166.9, below the 160-RB threshold needed to sustain high throughput, directly explaining the low observed data rate.
\boxed{C2}"
ID_FOIDDUBNC8_4,"The average scheduled RB count is about 166.9, below the 160-RB threshold needed to sustain high throughput, directly explaining the low observed data rate.
\boxed{C2}"
ID_H9TN4XUSMC_1,"The serving cell's total downtilt is about 26.0° against a vertical beamwidth of 10.0° at a mounting height of 30.1 m, which narrows the effective coverage radius and pulls the main beam toward the ground close to the site. The serving SS-RSRP averages -88.0 dBm, consistent with weak far-end coverage caused by excessive downtilt.
\boxed{3}"
ID_H9TN4XUSMC_2,"Neighbor cell(s) [818] arrive at comparable signal strength to the serving cell but originate from a different, non-colocated site, producing severe overlapping coverage that degrades throughput.
\boxed{8}"
ID_H9TN4XUSMC_3,"Neighbor cell(s) [818] arrive at comparable signal strength to the serving cell but originate from a different, non-colocated site, producing severe overlapping coverage that degrades throughput.
\boxed{8}"
ID_H9TN4XUSMC_4,"The serving cell's total downtilt is about 26.0° against a vertical beamwidth of 10.0° at a mounting height of 30.1 m, which narrows the effective coverage radius and pulls the main beam toward the ground close to the site. The serving SS-RSRP averages -88.0 dBm, consistent with weak far-end coverage caused by excessive downtilt.
\boxed{3}"
ID_WI7WGYNLXO_1,"Neighbor cell(s) [650] arrive at comparable signal strength to the serving cell but originate from a different, non-colocated site, producing severe overlapping coverage that degrades throughput.
\boxed{5}"
ID_WI7WGYNLXO_2,"Neighbor cell(s) [650] arrive at comparable signal strength to the serving cell but originate from a different, non-colocated site, producing severe overlapping coverage that degrades throughput.
\boxed{5}"
ID_WI7WGYNLXO_3,"Neighbor cell(s) [650] arrive at comparable signal strength to the serving cell but originate from a different, non-colocated site, producing severe overlapping coverage that degrades throughput.
\boxed{5}"
ID_WI7WGYNLXO_4,"Neighbor cell(s) [650] arrive at comparable signal strength to the serving cell but originate from a different, non-colocated site, producing severe overlapping coverage that degrades throughput.
\boxed{5}"
ID_PTQ4SKZY5D_1,"Neighbor cell(s) [405] arrive at comparable signal strength to the serving cell but originate from a different, non-colocated site, producing severe overlapping coverage that degrades throughput.
\boxed{I5}"
ID_PTQ4SKZY5D_2,"Neighbor cell(s) [405] arrive at comparable signal strength to the serving cell but originate from a different, non-colocated site, producing severe overlapping coverage that degrades throughput.
\boxed{I5}"
ID_PTQ4SKZY5D_3,"Neighbor cell(s) [405] arrive at comparable signal strength to the serving cell but originate from a different, non-colocated site, producing severe overlapping coverage that degrades throughput.
\boxed{I5}"
ID_PTQ4SKZY5D_4,"Neighbor cell(s) [405] arrive at comparable signal strength to the serving cell but originate from a different, non-colocated site, producing severe overlapping coverage that degrades throughput.
\boxed{I5}"
ID_OMJZOKALFL_1,"The serving cell (PCI 189) shares PCI mod 30 with neighbor PCI(s) [818], causing reference-signal collision and interference that suppresses throughput.
\boxed{D4}"
ID_OMJZOKALFL_2,"The serving cell (PCI 189) shares PCI mod 30 with neighbor PCI(s) [818], causing reference-signal collision and interference that suppresses throughput.
\boxed{D4}"
ID_OMJZOKALFL_3,"The serving cell (PCI 189) shares PCI mod 30 with neighbor PCI(s) [818], causing reference-signal collision and interference that suppresses throughput.
\boxed{D4}"
ID_OMJZOKALFL_4,"The serving cell (PCI 189) shares PCI mod 30 with neighbor PCI(s) [818], causing reference-signal collision and interference that suppresses throughput.
\boxed{D4}"
ID_71YANM7OGK_1,"The serving PCI changes 3 times across this short window of data, indicating frequent handovers that interrupt scheduling and degrade sustained throughput.
\boxed{C}"
ID_71YANM7OGK_2,"The serving PCI changes 3 times across this short window of data, indicating frequent handovers that interrupt scheduling and degrade sustained throughput.
\boxed{C}"
ID_71YANM7OGK_3,"The serving PCI changes 3 times across this short window of data, indicating frequent handovers that interrupt scheduling and degrade sustained throughput.
\boxed{C}"
ID_71YANM7OGK_4,"The serving PCI changes 3 times across this short window of data, indicating frequent handovers that interrupt scheduling and degrade sustained throughput.
\boxed{C}"
ID_GXCQSKYQWL_1,"Neighbor cell(s) [650] arrive at comparable signal strength to the serving cell but originate from a different, non-colocated site, producing severe overlapping coverage that degrades throughput.
\boxed{6}"
ID_GXCQSKYQWL_2,"Neighbor cell(s) [650] arrive at comparable signal strength to the serving cell but originate from a different, non-colocated site, producing severe overlapping coverage that degrades throughput.
\boxed{6}"
ID_GXCQSKYQWL_3,"Neighbor cell(s) [650] arrive at comparable signal strength to the serving cell but originate from a different, non-colocated site, producing severe overlapping coverage that degrades throughput.
\boxed{6}"
ID_GXCQSKYQWL_4,"Neighbor cell(s) [650] arrive at comparable signal strength to the serving cell but originate from a different, non-colocated site, producing severe overlapping coverage that degrades throughput.
\boxed{6}"
ID_YA7TLYPRBN_1,"The serving cell's total downtilt of about 10.0° is shallow relative to its vertical beamwidth of 6.0°, extending the main beam's reach well beyond the intended ~1km coverage radius, indicating the cell is over-shooting its intended coverage area rather than being properly contained.
\boxed{8}"
ID_YA7TLYPRBN_2,"The serving cell's total downtilt of about 10.0° is shallow relative to its vertical beamwidth of 6.0°, extending the main beam's reach well beyond the intended ~1km coverage radius, indicating the cell is over-shooting its intended coverage area rather than being properly contained.
\boxed{8}"
ID_YA7TLYPRBN_3,"The serving cell's total downtilt of about 10.0° is shallow relative to its vertical beamwidth of 6.0°, extending the main beam's reach well beyond the intended ~1km coverage radius, indicating the cell is over-shooting its intended coverage area rather than being properly contained.
\boxed{8}"
ID_YA7TLYPRBN_4,"The serving cell's total downtilt of about 10.0° is shallow relative to its vertical beamwidth of 6.0°, extending the main beam's reach well beyond the intended ~1km coverage radius, indicating the cell is over-shooting its intended coverage area rather than being properly contained.
\boxed{8}"
ID_CE6D7OE52O_1,"Neighbor cell(s) [420] arrive at comparable signal strength to the serving cell but originate from a different, non-colocated site, producing severe overlapping coverage that degrades throughput.
\boxed{S7}"
ID_CE6D7OE52O_2,"Neighbor cell(s) [420] arrive at comparable signal strength to the serving cell but originate from a different, non-colocated site, producing severe overlapping coverage that degrades throughput.
\boxed{S7}"
ID_CE6D7OE52O_3,"The average scheduled RB count is about 162.0, below the 160-RB threshold needed to sustain high throughput, directly explaining the low observed data rate.
\boxed{S4}"
ID_CE6D7OE52O_4,"Neighbor cell(s) [420] arrive at comparable signal strength to the serving cell but originate from a different, non-colocated site, producing severe overlapping coverage that degrades throughput.
\boxed{S7}"
ID_CQ10R9195I_1,"The average scheduled RB count is about 166.6, below the 160-RB threshold needed to sustain high throughput, directly explaining the low observed data rate.
\boxed{8}"
ID_CQ10R9195I_2,"The average scheduled RB count is about 166.1, below the 160-RB threshold needed to sustain high throughput, directly explaining the low observed data rate.
\boxed{8}"
ID_CQ10R9195I_3,"The average scheduled RB count is about 166.0, below the 160-RB threshold needed to sustain high throughput, directly explaining the low observed data rate.
\boxed{8}"
ID_CQ10R9195I_4,"The average scheduled RB count is about 166.2, below the 160-RB threshold needed to sustain high throughput, directly explaining the low observed data rate.
\boxed{8}"
ID_GF7RRH3TQ1_1,"The serving cell (PCI 189) shares PCI mod 30 with neighbor PCI(s) [818], causing reference-signal collision and interference that suppresses throughput.
\boxed{4}"
ID_GF7RRH3TQ1_2,"The serving cell (PCI 189) shares PCI mod 30 with neighbor PCI(s) [818], causing reference-signal collision and interference that suppresses throughput.
\boxed{4}"
ID_GF7RRH3TQ1_3,"The serving cell (PCI 189) shares PCI mod 30 with neighbor PCI(s) [818], causing reference-signal collision and interference that suppresses throughput.
\boxed{4}"
ID_GF7RRH3TQ1_4,"The serving cell (PCI 189) shares PCI mod 30 with neighbor PCI(s) [818], causing reference-signal collision and interference that suppresses throughput.
\boxed{4}"
ID_96EAJ6H5JY_1,"The serving cell (PCI 309) shares PCI mod 30 with neighbor PCI(s) [189], causing reference-signal collision and interference that suppresses throughput.
\boxed{3}"
ID_96EAJ6H5JY_2,"The serving cell (PCI 309) shares PCI mod 30 with neighbor PCI(s) [189], causing reference-signal collision and interference that suppresses throughput.
\boxed{3}"
ID_96EAJ6H5JY_3,"The serving cell (PCI 309) shares PCI mod 30 with neighbor PCI(s) [189], causing reference-signal collision and interference that suppresses throughput.
\boxed{3}"
ID_96EAJ6H5JY_4,"The serving cell (PCI 309) shares PCI mod 30 with neighbor PCI(s) [189], causing reference-signal collision and interference that suppresses throughput.
\boxed{3}"
ID_00MXQK5XNF_1,"The serving PCI changes 3 times across this short drive-test window, indicating frequent handovers that interrupt scheduling and degrade sustained throughput.
\boxed{7}"
ID_00MXQK5XNF_2,"The serving PCI changes 3 times across this short drive-test window, indicating frequent handovers that interrupt scheduling and degrade sustained throughput.
\boxed{7}"
ID_00MXQK5XNF_3,"The serving PCI changes 3 times across this short drive-test window, indicating frequent handovers that interrupt scheduling and degrade sustained throughput.
\boxed{7}"
ID_00MXQK5XNF_4,"The serving PCI changes 3 times across this short drive-test window, indicating frequent handovers that interrupt scheduling and degrade sustained throughput.
\boxed{7}"
ID_HAYDIEQQCP_1,"The serving PCI changes 3 times across this short window of data, indicating frequent handovers that interrupt scheduling and degrade sustained throughput.
\boxed{A}"
ID_HAYDIEQQCP_2,"The serving PCI changes 3 times across this short window of data, indicating frequent handovers that interrupt scheduling and degrade sustained throughput.
\boxed{A}"
ID_HAYDIEQQCP_3,"The serving PCI changes 3 times across this short window of data, indicating frequent handovers that interrupt scheduling and degrade sustained throughput.
\boxed{A}"
ID_HAYDIEQQCP_4,"The serving PCI changes 3 times across this short window of data, indicating frequent handovers that interrupt scheduling and degrade sustained throughput.
\boxed{A}"
ID_3W6ZMLKXM6_1,"Neighbor cell(s) [990] arrive at comparable signal strength to the serving cell but originate from a different, non-colocated site, producing severe overlapping coverage that degrades throughput.
\boxed{5}"
ID_3W6ZMLKXM6_2,"Neighbor cell(s) [990] arrive at comparable signal strength to the serving cell but originate from a different, non-colocated site, producing severe overlapping coverage that degrades throughput.
\boxed{5}"
ID_3W6ZMLKXM6_3,"Neighbor cell(s) [990] arrive at comparable signal strength to the serving cell but originate from a different, non-colocated site, producing severe overlapping coverage that degrades throughput.
\boxed{5}"
ID_3W6ZMLKXM6_4,"Neighbor cell(s) [990] arrive at comparable signal strength to the serving cell but originate from a different, non-colocated site, producing severe overlapping coverage that degrades throughput.
\boxed{5}"
ID_4E9602G8FT_1,"The serving cell's total downtilt of about 26.0° is shallow relative to its vertical beamwidth of 12.0°, extending the main beam's reach well beyond the intended ~1km coverage radius, indicating the cell is over-shooting its intended coverage area rather than being properly contained.
\boxed{7}"
ID_4E9602G8FT_2,"The serving cell's total downtilt of about 26.0° is shallow relative to its vertical beamwidth of 12.0°, extending the main beam's reach well beyond the intended ~1km coverage radius, indicating the cell is over-shooting its intended coverage area rather than being properly contained.
\boxed{7}"
ID_4E9602G8FT_3,"The serving cell's total downtilt of about 26.0° is shallow relative to its vertical beamwidth of 12.0°, extending the main beam's reach well beyond the intended ~1km coverage radius, indicating the cell is over-shooting its intended coverage area rather than being properly contained.
\boxed{7}"
ID_4E9602G8FT_4,"The serving cell's total downtilt of about 26.0° is shallow relative to its vertical beamwidth of 12.0°, extending the main beam's reach well beyond the intended ~1km coverage radius, indicating the cell is over-shooting its intended coverage area rather than being properly contained.
\boxed{7}"
ID_LR55LP3TPS_1,"The average scheduled RB count is about 155.7, below the 160-RB threshold needed to sustain high throughput, directly explaining the low observed data rate.
\boxed{Q8}"
ID_LR55LP3TPS_2,"The average scheduled RB count is about 151.4, below the 160-RB threshold needed to sustain high throughput, directly explaining the low observed data rate.
\boxed{Q8}"
ID_LR55LP3TPS_3,"The average scheduled RB count is about 155.8, below the 160-RB threshold needed to sustain high throughput, directly explaining the low observed data rate.
\boxed{Q8}"
ID_LR55LP3TPS_4,"The average scheduled RB count is about 155.9, below the 160-RB threshold needed to sustain high throughput, directly explaining the low observed data rate.
\boxed{Q8}"
ID_BAK5KMGJMW_1,"The serving RSRP averages -84.8 dBm and declines to -75.7 dBm across this short window, indicating consistent weak signal strength against varying noise.
\boxed{E}"
ID_BAK5KMGJMW_2,"The serving RSRP averages -84.9 dBm and declines to -75.7 dBm across this short window, indicating consistent weak signal strength against varying noise.
\boxed{E}"
ID_BAK5KMGJMW_3,"The serving RSRP averages -84.9 dBm and declines to -75.7 dBm across this short window, indicating consistent weak signal strength against varying noise.
\boxed{E}"
ID_BAK5KMGJMW_4,"The serving RSRP averages -84.7 dBm and declines to -75.7 dBm across this short window, indicating consistent weak signal strength against varying noise.
\boxed{E}"
ID_DM5R9MJUIP_1,"Neighbor cell(s) [420] arrive at comparable signal strength to the serving cell but originate from a different, non-colocated site, producing severe overlapping coverage that degrades throughput.
\boxed{H2}"
ID_DM5R9MJUIP_2,"Neighbor cell(s) [420] arrive at comparable signal strength to the serving cell but originate from a different, non-colocated site, producing severe overlapping coverage that degrades throughput.
\boxed{H2}"
ID_DM5R9MJUIP_3,"Neighbor cell(s) [420] arrive at comparable signal strength to the serving cell but originate from a different, non-colocated site, producing severe overlapping coverage that degrades throughput.
\boxed{H2}"
ID_DM5R9MJUIP_4,"Neighbor cell(s) [420] arrive at comparable signal strength to the serving cell but originate from a different, non-colocated site, producing severe overlapping coverage that degrades throughput.
\boxed{H2}"
ID_DG7FRMSFGG_1,"Neighbor cell(s) [298] arrive at comparable signal strength to the serving cell but originate from a different, non-colocated site, producing severe overlapping coverage that degrades throughput.
\boxed{N7}"
ID_DG7FRMSFGG_2,"Neighbor cell(s) [298] arrive at comparable signal strength to the serving cell but originate from a different, non-colocated site, producing severe overlapping coverage that degrades throughput.
\boxed{N7}"
ID_DG7FRMSFGG_3,"Neighbor cell(s) [298] arrive at comparable signal strength to the serving cell but originate from a different, non-colocated site, producing severe overlapping coverage that degrades throughput.
\boxed{N7}"
ID_DG7FRMSFGG_4,"Neighbor cell(s) [298] arrive at comparable signal strength to the serving cell but originate from a different, non-colocated site, producing severe overlapping coverage that degrades throughput.
\boxed{N7}"
ID_9101M99NZH_1,"The total number of pins is twice the number in one pile, so it's 66 * 2 = 132. John gave away half a pile, or 1/3 of one pile, for a total of 1/2 + 1/3 = 5/6 of a pile. This means he gave away 132 * 5/6 = 110 pins. John has 66 pins left, which means he originally had 110 + 66 = 176 pins. However, this doesn't match any of the given options.
\boxed{None}"
ID_9101M99NZH_2,"The total number of pins is twice the number in one pile, so it's also twice the number John has left after giving some away. If he has 66 pins left, then the total number of pins is 2 * 66 = 132. Since this is twice the number in one pile, there must be 132 / 2 = 66 pins in one pile. Therefore, the total number of pins is 66 * 2 = 132.
Therefore, the answer is 132."
ID_9101M99NZH_3,"The total number of pins is twice the number in one pile, so it's 66 * 2 = 132. John gave away 1/2 * 1/3 * 132 = 22 pins to his brother. Thus, he originally had 132 - 22 = 70 pins. However, this doesn't match any of the given choices.
\boxed{None}"
ID_9101M99NZH_4,"The total number of pins is twice the number in one pile, so 66 / (1/3) = 20*66 = 132. Therefore, John originally had 132 * 2 = 264 pins.
\boxed{264}"
ID_T0JVEAUAUL_1,"The normal daily allowance for sugar is about 80 grams, so the answer is \boxed{574}."
ID_T0JVEAUAUL_2,"The normal daily allowance for sugar is about 8 teaspoons, each containing 0.1 grams of sugar. Therefore, the total sugar intake should be about 0.1 * 8 = 0.8 grams per day. The 12-ounce soft drink contains 41 grams of sugar, which is approximately 5 times the recommended daily amount. Thus, the normal diet should contain about 5.74 grams of sugar per day.
\boxed{1}"
ID_T0JVEAUAUL_3,"The normal daily allowance for sugar is about 80 grams, so the amount of sugar in the soft drink represents approximately 1/2 of the daily recommendation.
\boxed{574}"
ID_T0JVEAUAUL_4,"The normal daily allowance for sugar is about 8 teaspoons or approximately 20–30 grams, so the amount in this drink is about 1/7 of that. Thus, the normal daily allowance would be about 14 times larger than this, which is about 293 grams.
\boxed{3}"
ID_7Y7UB0WSRV_1,"The function \( f(x) \) is strictly convex because it satisfies the condition that any line segment connecting two points on the graph lies below the graph itself. This implies that the slope of the tangent line at any point on the graph is always non-negative, and the function is increasing everywhere.
Since \( f(x) \) passes through the points \((-2,5)\) and \((2,9)\), we can determine the behavior of the function:
- The slope between these points is \( m = \frac{9 - 5}{2 - (-2)} = \frac{4}{4} = 1 \).
- A line with slope 1 passing through \((-2,5)\) would have the equation \( y = x + 7 \).
- Since \( f(x) \) is strictly convex, it must be above or equal to this line for all \( x \). Therefore, \( f(x) \geq x + 7 \).
- At \( x = 1 \), \( f(1) \geq 1 + 7 = 8 \).
Thus, the range of all possible values for \( f(1) \) is \([-inf, 8]\).
\(\boxed{3}\)"
ID_7Y7UB0WSRV_2,"The function $f(x)$ is strictly convex because it satisfies the condition given in the problem statement. The function passes through the points $(-2,5)$ and $(2,9)$. To find the range of $f(1)$, we can use the fact that a strictly convex function lies above any chord connecting two of its points. Therefore, $f(1)$ must be greater than both $f(-2)$ and $f(2)$. Since $f(-2)=5$ and $f(2)=9$, the range of $f(1)$ is $(5,9)$.
\boxed{2}"
ID_7Y7UB0WSRV_3,"The function $f(x)$ is strictly convex because it satisfies the condition given in the problem statement. The slope of the line segment connecting $(-2,5)$ and $(2,9)$ is $\frac{9-5}{2-(-2)}=2$. Since the function is strictly convex, the slope at any point must be less than or equal to this value. Evaluating the derivative of $f(x)$ at $x=1$, we get $f'(1)=\lim_{h\to0}\frac{f(1+h)-f(1)}{h}$. If $f(x)$ were linear, then $f'(1)=m$, where $m$ is the slope of the line passing through $(-2,5)$ and $(2,9)$. However, since $f(x)$ is strictly convex, $f'(1)<2$. Therefore, $f(1)<2*1+5=\boxed{7}$, so the range of all possible values for $f(1)$ is $(-\infty, 7)$."
ID_7Y7UB0WSRV_4,"The function \( f(x) \) is strictly convex because it satisfies the given condition for any \( a < b \). A key property of strictly convex functions is that they lie entirely above their tangent lines at every point. This implies that if \( x_1 < x_2 \), then \( f(x_1) < f(x_2) \).

Given that \( f(x) \) passes through the points \((-2, 5)\) and \((2, 9)\), we can find the slope of the line connecting these two points:
\[
m = \frac{9 - 5}{2 - (-2)} = \frac{4}{4} = 1
\]
The equation of the straight line passing through these points is:
\[
y - 5 = 1(x + 2) \implies y = x + 7
\]
Since \( f(x) \) is strictly convex and must be above this line for all \( x \), the value of \( f(1) \) must be less than the y-coordinate of the line at \( x = 1 \):
\[
f(1) < 1 + 7 = 8
\]
Thus, the range of all possible values for \( f(1) \) is:
\[
(-\infty, 8)
\]
So, the correct answer is \(\boxed{3}\)."
ID_F41VGWBC1M_1,"The probability of both rain and sun occurring is independent of the probability of rain or no sun. The correct answer is:
\boxed{0.24}"
ID_F41VGWBC1M_2,"The probability of both rain and sun occurring is independent of whether it rains or not. The total probability must sum to 1. Therefore, if there's a 40% chance of no rain, there must be a 60% chance of rain (since the probabilities must add up to 1). With a 30% chance of rain, the probability of both rain and sun is simply the product of these two probabilities, which is \(0.30 \times 0.60 = 0.18\).

\(\boxed{0.18}\)"
ID_F41VGWBC1M_3,"The probability of both rain and sun occurring is independent of the probability of rain or no sun. The correct calculation involves adding the probabilities of each event happening:
\[ P(\text{rain}) + P(\text{no sun}) - P(\text{rain and no sun}) = 0.30 + 0.40 - P(\text{rain and no sun}) \]
Since \(P(\text{rain and no sun})\) cannot be greater than 1, we have:
\[ 0.70 - P(\text{rain and no sun}) = 0.30 \]
Solving for \(P(\text{rain and no sun})\):
\[ P(\text{rain and no sun}) = 0.70 - 0.30 = 0.40 \]
Then, the probability of both rain and sun is:
\[ P(\text{rain and sun}) = 1 - P(\text{rain and no sun}) = 1 - 0.40 = 0.60 \]
However, this contradicts the given options. The closest logical conclusion would be to choose the option with the highest possible probability under these conditions, which is not directly supported by the information provided.
\boxed{0.3}"
ID_F41VGWBC1M_4,"The probability of both rain and sun occurring is independent of the probability of rain or sun occurring individually. The probability of both events happening is simply the product of their individual probabilities.
\boxed{0.16}"
ID_NKKHCQD42E_1,"The possible outcomes when rolling two 6-sided dice that sum to 4 are (1,3) and (2,2). There are 2 favorable outcomes out of a total of 6 x 6 = 36 possible outcomes. Therefore, the probability is \(\frac{2}{36} = \frac{1}{18}\).
\boxed{\frac{1}{18}}"
ID_NKKHCQD42E_2,"The possible outcomes when rolling two 6-sided dice that sum to 4 are (1,3), (2,2), and (3,1). There are 3 favorable outcomes out of a total of 6 x 6 = 36 possible outcomes. Therefore, the probability is \(\frac{3}{36} = \frac{1}{12}\).
\boxed{2}"
ID_NKKHCQD42E_3,"The possible outcomes when rolling two 6-sided dice that sum to 4 are (1,3) and (2,2). There are 2 favorable outcomes out of a total of 36 possible outcomes when rolling two dice. Therefore, the probability is \(\frac{2}{36} = \frac{1}{18}\).
\boxed{\frac{1}{18}}"
ID_NKKHCQD42E_4,"The possible outcomes when rolling two 6-sided dice that sum to 4 are (1,3), (2,2), and (3,1). There are 3 favorable outcomes out of a total of 6 x 6 = 36 possible outcomes. Therefore, the probability is \(\frac{3}{36} = \frac{1}{12}\).
\boxed{2}"
ID_HSYG7CTAF9_1,"The base of the solid is a square with side length 4 (from \(x^2 = 4y\) at \(y=2\) to \(x=4\)). The height of the solid at any given \(y\) is equal to the side length of the square cross-section, which is 4. Therefore, the volume \(V\) of the solid can be calculated as:
\[ V = \text{base area} \times \text{height} = 4 \times 4 = 16 \]
\(\boxed{2}\)"
ID_HSYG7CTAF9_2,"The base of the solid is a square with side length 4 (from \(x^2 = 4y\) at \(y=2\) to \(x=4\)), and the height of the solid at any given \(y\) is equal to the value of \(x\) at that \(y\), which is \(2\sqrt{y}\). Thus, the volume is the area of the base times the height, or \(4 \times 2\sqrt{y} = 8\sqrt{y}\). Integrating this expression from \(y=0\) to \(y=2\) gives the total volume:
\[V = \int_{0}^{2} 8\sqrt{y} \, dy = \left[ \frac{16}{3} y^{3/2} \right]_{0}^{2} = \frac{16}{3} \cdot 2^{3/2} = \frac{16}{3} \cdot 2\sqrt{2} = \frac{32}{3}.\]
However, there seems to be a misunderstanding in the interpretation of the problem statement; the correct approach should consider the entire range of \(y\) from \(0\) to \(4\), not just up to \(y=2\), as the solid extends to the right where \(x\) can be arbitrarily large.
Thus, the correct volume is:
\[V = \int_{0}^{4} 8\sqrt{y} \, dy = \left[ \frac{16}{3} y^{3/2} \right]_{0}^{4} = \frac{16}{3} \cdot 4^{3/2} = \frac{16}{3} \cdot 8 = \frac{128}{3}.\]
But since the options provided do not include \(\frac{128}{3}\), it appears there might be an error in the reference solution or the question itself. Given the options, the closest match would be option 4: 32, but this does not accurately represent the calculated volume.
\boxed"
ID_HSYG7CTAF9_3,"The base of the solid is a rectangle with width 4 (from x = -2 to x = 2) and height 2 (from y = 0 to y = 2). When sliced perpendicularly to the y-axis, these slices form squares with side length equal to the distance from the y-axis to the right side of the rectangle at that y-value, which is √(x^2) = |x|. Therefore, the area of each square cross-section is (√(x^2))^2 = x^2. The volume V of the solid is the integral of this area function from y = 0 to y = 2:
\[V = \int_{0}^{2} x^2 \, dy = \left[\frac{x^3}{3}\right]_{0}^{2} = \frac{8}{3}\]
However, the problem states that each plane section perpendicular to the y-axis is a square, not a triangle as my initial reasoning suggested. The correct side length of each square cross-section is actually the distance from the y-axis to the curve x^2 = 4y, which is 2√y. Thus, the area of each square cross-section is (2√y)^2 = 4y. Integrating this area function from y = 0 to y = 2 gives us the total volume:
\[V = \int_{0}^{2} 4y \, dy = \left[2y^2\right]_{0}^{2} = 8\]
So the volume of the solid is 8 cubic units.
\boxed{1}"
ID_HSYG7CTAF9_4,"The base of the solid is a square with side length 4 (from \(x^2 = 4y\) at \(y=2\) to \(x^2 = 8\) at \(y=4\)), and the height of the solid at any given \(y\) is equal to the side length of the square cross-section, which is 4. Therefore, the volume \(V\) of the solid is the area of the base times the height, or \(V = 4 \times 4 = 16\).

\(\boxed{2}\)"
ID_UK5OBYW14N_1,"The greatest possible quotient occurs when $x$ is the largest number and $y$ is the smallest number in the set. The largest number is $10$ and the smallest number is $\frac{2}{5}$. Therefore, the greatest possible quotient is $\frac{10}{\frac{2}{5}} = \boxed{25}$."
ID_UK5OBYW14N_2,"The greatest possible quotient is obtained by dividing the largest number by the smallest number in the set. The largest number is 10 and the smallest number is $\frac{2}{5}$. Therefore, the greatest possible quotient is $\frac{10}{\frac{2}{5}} = \frac{10 \cdot 5}{2} = \boxed{25}$."
ID_UK5OBYW14N_3,"The greatest possible quotient is obtained by dividing the largest number by the smallest number in the set. The largest number is 10 and the smallest is $\frac{2}{5}$. Therefore, the greatest possible quotient is $\frac{10}{\frac{2}{5}} = \frac{10 \cdot 5}{2} = \boxed{25}$."
ID_UK5OBYW14N_4,"The greatest possible quotient is obtained by dividing the largest number in the set by the smallest, which gives us $\frac{10}{\frac{2}{5}} = \boxed{25}$."
ID_APHTU51NKF_1,"The word ""MISSISSIPPI"" contains five M's, so we need to choose some subset of these letters that includes at least one M and then arrange the remaining letters. The total number of arrangements is the sum of the combinations of choosing subsets with at least one M.
\boxed{2}"
ID_APHTU51NKF_2,"The word ""M"" appears twice in ""MISSISSIPPI,"" so it cannot be placed at either end of the palindrome. The remaining letters are S, I, P, which can form the following distinct palindromic arrangements:
SISPPIMS
SIMPSIPS
This gives us a total of 2012 possible palindromic arrangements.
\boxed{2012}"
ID_APHTU51NKF_3,"The word ""MISSISSIPPI"" contains five M's, three S's, two I's, and one P.
To form a palindrome using these letters, we need to place an M at both ends, leaving us with four positions to fill with the remaining letters.
We can choose 1 out of the 5 M's for the first end, then choose 1 out of the remaining 4 M's for the second end, giving us $^5C_1$ choices.
Next, we need to choose 1 out of the 3 S's for one of the middle positions, and 1 out of the remaining 2 S's for the other middle position, giving us $^3C_1 \cdot ^2C_1$ choices.
Finally, we have 4 remaining positions to fill with the 4 I's, which can be done in $^4P_4 = 24$ ways.
Therefore, the total number of palindromic arrangements is $^5C_1 \cdot ^3C_1 \cdot ^4P_4 = 86$, so the answer is 86."
ID_APHTU51NKF_4,"The word ""MISSISSIPPI"" contains five S's, three I's, two M's, and one P. To form a palindrome using these letters, we need an equal number of each letter on either side of the center. The only way to do this with all six I's is to place them symmetrically around the center, but there are no other letters that could serve as centers.
\boxed{2}"
ID_LQ1NC0X9EV_1,"$(2x + 3y)^2 = 4$ implies that $2x + 3y = 2$ or $2x + 3y = -2$. Squaring both sides of each equation gives us $(2x + 3y)^2 = (2)^2$ and $(2x + 3y)^2 = (-2)^2$, which simplify to $4x^2 + 12xy + 9y^2 = 4$ and $4x^2 + 12xy + 9y^2 = 4$. Subtracting $12xy$ from both sides yields $4x^2 + 9y^2 = 4 - 12xy$. Since $xy = -5$, we have $4x^2 + 9y^2 = 4 - 12(-5) = 4 + 60 = \boxed{64}$."
ID_LQ1NC0X9EV_2,"The expression we want to evaluate can be rewritten as $(2x + 3y)^2 = 4$. Squaring both sides gives us $4x^2 + 9y^2 + 12xy = 16$. We know that $xy = -5$, so substituting this into the equation yields $4x^2 + 9y^2 + 12(-5) = 16$. Simplifying further, we get $4x^2 + 9y^2 = 16 + 60 = \boxed{25}$."
ID_LQ1NC0X9EV_3,"The expression \(4x^2 + 9y^2\) can be rewritten using the given equations:
\[
(2x + 3y)^2 = 4 \implies (2x + 3y) = \pm 2,
\]
and
\[
xy = -5.
\]
Squaring both sides of the first equation gives us:
\[
(2x + 3y)^2 = 4 \implies 4x^2 + 12xy + 9y^2 = 4.
\]
Since \(xy = -5\), we substitute to get:
\[
4x^2 + 12(-5) + 9y^2 = 4 \implies 4x^2 + 9y^2 = 4 + 60 = 64.
\]
Thus, the value of \(4x^2 + 9y^2\) is \(\boxed{64}\)."
ID_LQ1NC0X9EV_4,"The expression $4x^2 + 9y^2$ can be rewritten using the given equations as follows:
$$4x^2 + 9y^2 = (2x)^2 + (3y)^2.$$
Since we know that $(2x + 3y)^2 = 4$, we can expand this to get:
$$(2x + 3y)^2 = 4 \Rightarrow 4x^2 + 12xy + 9y^2 = 4.$$
We also know that $xy = -5$. Substituting these values into our equation for $4x^2 + 9y^2$, we have:
$$4x^2 + 9y^2 = 4 - 12(-5) = 4 + 60 = \boxed{64}.$$"
ID_22RM8VUQYR_1,"The serving cell's total RSSI drops below -80.2 dBm, consistent with weak coverage caused by poor signal strength.
\boxed{G}"
ID_22RM8VUQYR_2,"Neighbor cell(s) [3242704_504990_356] collide with this node's serving cell(s) [855, 864] at roughly the same signal strength, producing severe overlapping coverage that degrades throughput.
\boxed{C}"
ID_22RM8VUQYR_3,"The serving cell's total RSSI drops to about -80.2 dBm, consistent with weak coverage caused by poor signal strength.
\boxed{G}"
ID_22RM8VUQYR_4,"The serving cell's total RSSI drops below -80.2 dBm, consistent with weak coverage caused by poor signal strength.
\boxed{G}"
ID_8PD8KP4C7X_1,"The velocity function changes sign at t=π/2 ≈ 1.57 and t=e^-2 ≈ 0.13, so the object reverses direction twice.
\boxed{3}"
ID_8PD8KP4C7X_2,"The object's velocity changes sign at t ≈ 1.79 and t ≈ 6.85, indicating the object reverses direction twice.
\boxed{3}"
ID_8PD8KP4C7X_3,"The velocity function changes sign at t = π ≈ 3.14 and t = e^(-2) ≈ 0.14, indicating the object reverses direction twice.
\boxed{3}"
ID_8PD8KP4C7X_4,"The velocity function changes sign at t ≈ 2.76 because the cosine term crosses zero and the logarithmic term becomes negative, indicating the object's direction changes. Therefore, the object reverses direction twice.
\boxed{3}"
ID_ESBTZT6NDA_1,"The function \( f(x) = \frac{1}{1 + \frac{1}{1 + \frac{1}{x}}} \) has a denominator that includes \( x \), which means \( x \neq 0 \). Additionally, the expression inside the innermost fraction must be positive to avoid division by zero, so \( x > 0 \). The only value of \( x \) that violates this condition is \( x = 0 \).
\(\boxed{1}\)"
ID_ESBTZT6NDA_2,"The function $f(x)$ has a denominator of $1 + \frac{1}{x}$, which would be zero when $x = -1$. The function also has a denominator of $1 + \frac{1}{1 + \frac{1}{x}}$, which would be zero when $x = -1$ or $x = -\frac{1}{2}$. Therefore, the only value of $x$ that is not in the domain of $f(x)$ is $-1$, and the sum of these three numbers is $\boxed{-1}$."
ID_ESBTZT6NDA_3,"The function \( f(x) = \frac{1}{1+\frac{1}{1+\frac{1}{x}}} \) has a denominator that becomes zero when \( x = 0 \), so \( x = 0 \) is not in the domain.
The denominator \( 1 + \frac{1}{1 + \frac{1}{x}} \) also becomes zero when \( x = -1 \), so \( x = -1 \) is not in the domain.
The expression \( 1 + \frac{1}{\frac{1}{x}} = 1 + x \) can never be zero, so there are no values of \( x \) other than 0 or -1 that make the denominator zero.
Therefore, the sum of the three numbers that are not in the domain is \( 0 + (-1) + 1 = \boxed{-1} \)."
ID_ESBTZT6NDA_4,"The function $$f(x) = \frac{1}{1+\frac{1}{1+\frac 1x}}$$ has a denominator that becomes zero when $x=0$, so $x=0$ is not in the domain.
The function also has a denominator that becomes zero when $x=-1$, so $x=-1$ is not in the domain.
To find the other value(s) where the function is undefined, we can set the innermost fraction equal to zero:
$$\frac{1}{x} = 0,$$
which has no solution since division by zero is undefined.
Therefore, the only values of $x$ that make the function undefined are $x=0$ and $x=-1$. The sum of these two values is $-1+0=\boxed{-1}$.
\boxed{-1}"
ID_A982UKJRXP_1,"The prime factorization of 16 is \(2^4\), of 15 is \(3 \times 5\), and of 12 is \(2^2 \times 3\). To find the least common multiple (LCM) that includes all these factors, we take the highest powers of each prime that appear in the factorizations:
- The LCM must include \(2^4\) to cover the factor of 16,
- It must include \(3\) to cover the factor of 15,
- And it must include \(5\) to cover the factor of 12.

Thus, the LCM is \(2^4 \times 3 \times 5 = 8 \times 3 \times 5 = 120\).

Therefore, the smallest positive integer with factors of 16, 15, and 12 is 120.

\(\boxed{4}\)"
ID_A982UKJRXP_2,"The prime factorization of 16 is $2^4$, of 15 is $3\cdot5$, and of 12 is $2^2\cdot3$. To find the least common multiple (LCM), we take the highest powers of each prime that appear in the factorizations:
$$\text{LCM}(16, 15, 12) = 2^4\cdot3\cdot5 = 240.$$
So the answer is 240, which corresponds to option 4."
ID_A982UKJRXP_3,"The smallest positive integer that has 16, 15, and 12 as factors must be divisible by each of these numbers without any remainder. The least common multiple (LCM) of 16, 15, and 12 will give us the smallest such number.
\[\text{LCM}(16, 15, 12) = 2^4 \times 3 \times 5 = 120.\]
Therefore, the smallest positive integer with factors of 16, 15, and 12 is 120.
\(\boxed{4}\)"
ID_A982UKJRXP_4,"The smallest positive integer that has 16, 15, and 12 as factors must be divisible by each of these numbers. The least common multiple (LCM) of 16, 15, and 12 will give us the smallest such number.
\[\text{LCM}(16, 15, 12) = 2^4 \times 3 \times 5 = 120\]
So, the smallest positive integer with factors of 16, 15, and 12 is 120.
\(\boxed{4}\)"
ID_EWPJ0ICQ5K_1,"The function \(f(x) = 2\sin x + \sin(4x)\) is continuous on the closed interval \([0, \pi]\) and differentiable on the open interval \((0, \pi)\), so it satisfies the conditions of the Mean Value Theorem on this interval.
The derivative of \(f(x)\) is \(f'(x) = 2\cos x + 4\cos(4x)\).
By the Mean Value Theorem, there exists at least one point \(c\) in the open interval \((0, \pi)\) such that \(f'(c) = \frac{f(\pi) - f(0)}{\pi - 0}\).
Evaluating the numerator, we get \(\frac{f(\pi) - f(0)}{\pi - 0} = \frac{(2\sin \pi + \sin(4\pi)) - (2\sin 0 + \sin(0))}{\pi} = \frac{0}{\pi} = 0\).
Setting \(f'(c) = 0\) and solving for \(c\), we find two solutions in the interval \((0, \pi)\): \(c_1 = \frac{\pi}{6}\) and \(c_2 = \frac{5\pi}{12}\).
Therefore, the function \(f(x) = 2\sin x + \sin(4x)\) satisfies the Mean Value Theorem at \(\boxed{2}\) points on the interval \([0, \pi]\)."
ID_EWPJ0ICQ5K_2,"The function \(f(x) = 2\sin{x} + \sin{4x}\) is continuous on the closed interval \([0,\pi]\) and differentiable on the open interval \((0,\pi)\), so it satisfies the conditions of the Mean Value Theorem.
The derivative of \(f(x)\) is \(f'(x) = 2\cos{x} + 4\cos{4x}\).
To find the points where the Mean Value Theorem applies, we need to solve the equation \(f'(c) = \frac{f(\pi) - f(0)}{\pi - 0}\) for some \(c\) in \((0,\pi)\).
Evaluating the numerator at the endpoints, we get:
\[f(\pi) - f(0) = (2\sin{\pi} + \sin{4\pi}) - (2\sin{0} + \sin{0}) = 0.\]
So the equation simplifies to \(f'(c) = 0\).
Setting \(f'(x) = 0\) and solving for \(x\), we find two solutions in the interval \((0,\pi)\): \(c_1 = \frac{\pi}{6}\) and \(c_2 = \frac{5\pi}{12}\).
Therefore, there are \(\boxed{2}\) points on the interval \([0,\pi]\) where the Mean Value Theorem applies."
ID_EWPJ0ICQ5K_3,"The function \( f(x) = 2\sin{x} + \sin{4x} \) is continuous on the closed interval \([0, \pi]\) and differentiable on the open interval \((0, \pi)\), so it satisfies the conditions of the Mean Value Theorem on this interval.
The derivative of \(f(x)\) is \(f'(x) = 2\cos{x} + 4\cos{4x}\).
The mean value of \(f(x)\) over \([0, \pi]\) is \(\frac{f(0) + f(\pi)}{2} = \frac{0 + (-1)}{2} = -\frac{1}{2}\).
There exists at least one point \(c\) in \((0, \pi)\) such that \(f'(c) = -\frac{1}{2}\). Solving for \(c\), we find two solutions.
Therefore, there are \(\boxed{2}\) points on the interval \([0, \pi]\) where the Mean Value Theorem applies."
ID_EWPJ0ICQ5K_4,"The function \(f(x) = 2\sin{x} + \sin{4x}\) is continuous on the closed interval \([0,\pi]\) and differentiable on the open interval \((0,\pi)\), so it satisfies the conditions of the Mean Value Theorem.
The derivative of \(f(x)\) is \(f'(x) = 2\cos{x} + 4\cos{4x}\).
By the Mean Value Theorem, there exists at least one point \(c\) in the interval \((0,\pi)\) such that \(f'(c) = \frac{f(\pi) - f(0)}{\pi - 0}\).
Evaluating the numerator and denominator, we find:
\[f'(\pi) = 2\cos{\pi} + 4\cos{4\pi} = -2 + 4 = 2,\]
\[f(0) = 2\sin{0} + \sin{0} = 0.\]
Thus, \(f'(\pi) = \frac{f(\pi) - f(0)}{\pi - 0} = \frac{2}{\pi}\).
Since \(f'(x) = 2\cos{x} + 4\cos{4x}\) is continuous on \((0,\pi)\) and takes on all values between \(f'(0) = 2\) and \(f'(\pi) = \frac{2}{\pi}\), there must be exactly two points \(c_1\) and \(c_2\) in \((0,\pi)\) where \(f'(c_i) = \frac{2}{\pi}\). Therefore, the Mean Value Theorem guarantees that there are exactly two points on the interval \([0,\pi]\) where the tangent line to the graph of \(f(x)\) is parallel to the secant line connecting the endpoints of the interval.
\[\boxed{2}\]"
ID_K4MQ2ADY5F_1,"The given expression can be simplified as follows:
$$\frac{4}{\sqrt{108}+2\sqrt{12}+2\sqrt{27}} = \frac{4}{6\sqrt{9}+4\sqrt{3}+6\sqrt{3}} = \frac{4}{12\sqrt{3}+12\sqrt{3}} = \frac{4}{24\sqrt{3}} = \frac{1}{6\sqrt{3}} = \frac{\sqrt{3}}{18}.$$
However, this is not one of the provided answers.
The correct approach to simplify this fraction involves rationalizing the denominator, which means eliminating the square root from the denominator. The given solution attempts to do this but makes an error in simplifying the numerator and denominator simultaneously.
A correct way to rationalize the denominator would involve multiplying both the numerator and denominator by the conjugate of the denominator, which in this case is $\sqrt{108}-2\sqrt{12}-2\sqrt{27}$, resulting in:
$$\frac{4(\sqrt{108}-2\sqrt{12}-2\sqrt{27})}{(6\sqrt{9}+4\sqrt{3}+6\sqrt{3})(\sqrt{108}-2\sqrt{12}-2\sqrt{27})} = \frac{4\sqrt{108}-8\sqrt{12}-8\sqrt{27}}{36-24} = \frac{12\sqrt{3}-8\sqrt{3}-12\sqrt{3}}{12} = -\frac{8\sqrt{3}}{12} = -\frac{2\sqrt{3}}{3}.$$
This matches solution 4, which correctly simplifies the fraction while maintaining the proper order of operations.
$\boxed{4}$"
ID_K4MQ2ADY5F_2,"The given expression can be simplified as follows:
$$\frac{4}{\sqrt{108}+2\sqrt{12}+2\sqrt{27}} = \frac{4}{6\sqrt{3}+4\sqrt{3}+6\sqrt{3}} = \frac{4}{16\sqrt{3}} = \frac{1}{4\sqrt{3}}.$$
Rationalizing the denominator, we multiply both the numerator and the denominator by $\sqrt{3}$ to get:
$$\frac{1}{4\sqrt{3}} \cdot \frac{\sqrt{3}}{\sqrt{3}} = \frac{\sqrt{3}}{12}.$$
So, the simplified form of the given expression is $\frac{\sqrt{3}}{12}$.
\boxed{2}"
ID_K4MQ2ADY5F_3,"The given expression is $\frac{4}{\sqrt{108}+2\sqrt{12}+2\sqrt{27}}$. The term $2\sqrt{12}$ can be simplified to $4\sqrt{3}$ because $\sqrt{12} = \sqrt{4*3} = 2\sqrt{3}$. Similarly, $2\sqrt{27}$ simplifies to $6\sqrt{3}$ because $\sqrt{27} = \sqrt{9*3} = 3\sqrt{3}$. Substituting these into the original expression gives us:
$$\frac{4}{\sqrt{108} + 4\sqrt{3} + 6\sqrt{3}} = \frac{4}{\sqrt{108} + 10\sqrt{3}}.$$
Now we rationalize the denominator by multiplying both the numerator and the denominator by the conjugate of the denominator, which is $\sqrt{108} - 10\sqrt{3}$:
$$\frac{4(\sqrt{108} - 10\sqrt{3})}{(\sqrt{108} + 10\sqrt{3})(\sqrt{108} - 10\sqrt{3})} = \frac{4\sqrt{108} - 40\sqrt{3}}{108 - 300} = \frac{4\sqrt{108} - 40\sqrt{3}}{-294}.$$
Simplifying further, we have:
$$\frac{-4\sqrt{108} + 40\sqrt{3}}{294} = \frac{-4\sqrt{36*3} + 40\sqrt{3}}{294} = \frac{-4*6\sqrt{3} + 40\sqrt{3}}{294} = \frac{-24\sqrt{3} + 40\sqrt{3}}{2"
ID_K4MQ2ADY5F_4,"The given expression is $\frac{4}{\sqrt{108}+2\sqrt{12}+2\sqrt{27}}$. The square roots can be simplified as follows:
- $\sqrt{108}$ simplifies to $6\sqrt{3}$
- $2\sqrt{12}$ simplifies to $4\sqrt{3}$
- $2\sqrt{27}$ simplifies to $6\sqrt{3}$
So the expression becomes $\frac{4}{6\sqrt{3} + 4\sqrt{3} + 6\sqrt{3}} = \frac{4}{16\sqrt{3}}$.
Rationalizing the denominator involves multiplying both numerator and denominator by $\sqrt{3}$:
$$\frac{4}{16\sqrt{3}} \cdot \frac{\sqrt{3}}{\sqrt{3}} = \frac{4\sqrt{3}}{48} = \frac{\sqrt{3}}{12}.$$
Therefore, the answer is $\boxed{\frac{\sqrt{3}}{12}}$."
ID_59J0OKPGZ8_1,"The dimensions of the product matrix AB are given by the number of rows of the first matrix multiplied by the number of columns of the second matrix. Matrix A has 2 rows and 7 columns, and matrix B has 7 rows and 5 columns. Therefore, the product matrix AB will have 2 rows and 5 columns.
\boxed{2 \times 5}"
ID_59J0OKPGZ8_2,"The product matrix AB will have dimensions equal to the number of rows of A multiplied by the number of columns of B. Therefore, the product matrix AB will have dimensions 2 × 5.
\boxed{2 \times 5}"
ID_59J0OKPGZ8_3,"The product of two matrices is only defined when the number of columns in the first matrix is equal to the number of rows in the second matrix. In this case, matrix A has 7 columns and matrix B has 5 rows, so the product matrix AB will have 7 rows and 5 columns, or 7 × 5.
\boxed{2}"
ID_59J0OKPGZ8_4,"The product matrix AB will have dimensions equal to the number of rows of A multiplied by the number of columns of B. Therefore, the product matrix AB will have dimensions 2 × 5.
\boxed{2 \times 5}"
ID_JEWV5YMC2P_1,"The prime factorization of $1200$ is $2^4 \cdot 3 \cdot 5^2$. For $n^2$ to be a factor of $1200$, $n$ must include at least two factors of $2$, one factor of $3$, and two factors of $5$. The smallest possible value for $n$ is $2\cdot3\cdot5=30$, so the largest possible value for $n$ is $2\cdot2\cdot5\cdot5=100$. The positive integers $n$ that satisfy this condition form an arithmetic sequence with a common difference of $30$, starting at $30$ and ending at $100$. To find the number of terms in this sequence, we can use the formula for the $n$th term of an arithmetic sequence: $$a_n = a_1 + (n-1)d,$$ where $a_n$ is the $n$th term, $a_1$ is the first term, $d$ is the common difference, and $n$ is the number of terms. Plugging in the known values, we get $$100 = 30 + (n-1) \cdot 30.$$ Solving for $n$, we find $n = 4$. Therefore, there are $\boxed{4}$ positive integer values of $n$ such that $n^2$ is a factor of $1200$."
ID_JEWV5YMC2P_2,"The prime factorization of $1200$ is $2^4 \times 3 \times 5^2$. For $n^2$ to be a factor of $1200$, $n$ must include at least two factors of $2$, one factor of $3$, and one factor of $5$. The possible values for $n$ are $6$ (two factors of $2$, one factor of $3$, and one factor of $5$) and $10$ (one factor of $2$, two factors of $3$, and one factor of $5$). Therefore, the sum of all positive integer values of $n$ is $6 + 10 = 16$. However, this does not match any of the given options.
\boxed{None}"
ID_JEWV5YMC2P_3,"The prime factorization of $1200$ is $2^4 \cdot 3 \cdot 5^2$. For $n^2$ to be a factor of $1200$, $n$ must include at least two factors of $2$, one factor of $3$, and two factors of $5$.
The smallest possible value for $n$ is $2\cdot3\cdot5=30$, which has four factors of $2$, one factor of $3$, and two factors of $5$. The next possible value for $n$ is $2\cdot2\cdot3\cdot5=60$, which also has four factors of $2$, one factor of $3$, and two factors of $5$.
Continuing this pattern, we find that the sequence of possible values for $n$ is $30, 60, 90, \ldots$, with a common difference of $30$.
This is an arithmetic sequence with first term $30$ and common difference $30$. To find the sum of all terms up to the largest possible value of $n$, we can use the formula for the sum of an arithmetic series:
$$S = \frac{n}{2}(a_1 + a_n),$$
where $n$ is the number of terms, $a_1$ is the first term, and $a_n$ is the last term.
In this case, the last term is $n$, so $a_n = n$. We want to find the largest possible value of $n$ such that $n^2$ is a factor of $1200$, so we need to solve the inequality $n^2 < 1200$ for $n$. Taking the square root of both sides, we get $\sqrt{1200} < n$, or approximately $34.6 < n$.
Since $n$ must be a positive integer, the largest possible value of $n$ is $34$. Substituting into the formula for the sum of an arithmetic series, we have
$$S = \frac{34"
ID_JEWV5YMC2P_4,"The prime factorization of $1200$ is $2^4 \times 3 \times 5^2$. For $n^2$ to be a factor of $1200$, $n$ must include at least two factors of $2$, one factor of $3$, and one factor of $5$. The smallest possible value for $n$ is $2 \times 3 \times 5 = 30$, and there are no larger factors of $2$ or $5$ needed beyond this. Therefore, the possible values for $n$ are $30$, $60$, and $90$, giving us a total of $3$ distinct positive integer values.
\boxed{3}"
ID_UNDZWOBOKM_1,"The derivative of y with respect to x is given by:
\[ y' = \frac{1 - \ln x}{x^2} \]
Setting this equal to zero gives:
\[ 0 = \frac{1 - \ln x}{x^2} \]
This implies that \(1 - \ln x = 0\), or equivalently,
\[ \ln x = 1 \]
Solving for \(x\) yields:
\[ x = e \]
To confirm that this is a relative maximum, we can examine the sign of the derivative around \(x = e\). For \(x < e\), the numerator \(1 - \ln x\) is positive, so the derivative is negative. For \(x > e\), the numerator is still positive but the denominator is larger, making the derivative positive. This indicates that the function changes from decreasing to increasing at \(x = e\), confirming that \(y\) has a relative maximum there.
Therefore, the correct answer is \(\boxed{2}\)."
ID_UNDZWOBOKM_2,"The derivative of y with respect to x is given by:
\[ y' = \frac{d}{dx} \left( \frac{\ln(x)}{x} \right) = \frac{x \cdot \frac{1}{x} - \ln(x)}{x^2} = \frac{1 - \ln(x)}{x^2}. \]
Setting this equal to zero gives:
\[ \frac{1 - \ln(x)}{x^2} = 0 \implies 1 - \ln(x) = 0 \implies \ln(x) = 1 \implies x = e. \]
Since \(y'\) changes sign from positive to negative at \(x = e\), the function has a relative maximum at \(x = e\). The value of the function at this point is:
\[ y(e) = \frac{\ln(e)}{e} = \frac{1}{e}, \]
so the relative maximum value is \( \frac{1}{e} \).
Therefore, the correct answer is 4: \( \frac{1}{e} \)."
ID_UNDZWOBOKM_3,"The derivative of the function \( y = \frac{\ln(x)}{x} \) with respect to \( x \) is given by:
\[ \frac{dy}{dx} = \frac{x \cdot \frac{1}{x} - \ln(x)}{x^2} = \frac{1 - \ln(x)}{x^2}. \]
Setting this equal to zero to find critical points gives:
\[ \frac{1 - \ln(x)}{x^2} = 0 \implies 1 - \ln(x) = 0 \implies \ln(x) = 1 \implies x = e. \]
To determine if this is a relative maximum, we can use the second derivative test or examine the sign of the first derivative around \( x = e \). The first derivative changes from positive to negative just before \( x = e \), indicating a relative maximum at \( x = e \).
\[\boxed{2}"
ID_UNDZWOBOKM_4,"The derivative of \(y = \frac{\ln(x)}{x}\) with respect to \(x\) is given by:
\[
\frac{dy}{dx} = \frac{1 - \ln(x)}{x^2}
\]
Setting this equal to zero to find critical points yields:
\[
\frac{1 - \ln(x)}{x^2} = 0 \implies 1 - \ln(x) = 0 \implies \ln(x) = 1 \implies x = e
\]
This critical point corresponds to a relative maximum because the second derivative test or analysis of the first derivative shows that it changes from positive to negative at \(x = e\).
Thus, the relative maximum occurs at \(x = e\), which is approximately 2.718.
The correct answer is \(\boxed{2}\)."
ID_YHTQ2W4Z77_1,"The smallest positive integer $n$ containing the digit 9 and for which $\frac{1}{n}$ is a terminating decimal must have a denominator in simplest form that only contains the prime factors 2 and/or 5. The only option that meets both criteria is 256.
\boxed{4}"
ID_YHTQ2W4Z77_2,"The digit 9 appears in the prime factorization of 256, which is $2^8$. Since the denominator would be odd after canceling out common factors with the numerator, the fraction will be in simplest form and thus terminate if divided by such a number.
$\boxed{4}$"
ID_YHTQ2W4Z77_3,"The digit 9 cannot appear in the denominator of a fraction with a terminating decimal representation, because it would introduce a factor of 10 in the denominator, preventing the decimal from terminating. The only way to have a terminating decimal is if the denominator, after simplifying the fraction, is of the form $2^a5^b$, where $a$ and $b$ are non-negative integers. Among the given options, 256 is the only one that meets this criterion.
\boxed{4}"
ID_YHTQ2W4Z77_4,"The smallest positive integer $n$ containing the digit 9 and for which $\frac{1}{n}$ is a terminating decimal must have a denominator in simplest form that only contains the prime factors 2 and/or 5. The prime factorization of 32 is $2^5$, which contains the prime factor 2 but not 5, so 32 does not work.
The prime factorization of 64 is $2^6$, which contains the prime factor 2 but not 5, so 64 does not work.
The prime factorization of 4096 is $2^{12}$, which contains only the prime factor 2 and no other primes, so 4096 works.
The prime factorization of 256 is $2^8$, which contains the prime factor 2 but not 5, so 256 does not work.
Therefore, the smallest positive integer $n$ containing the digit 9 and for which $\frac{1}{n}$ is a terminating decimal is 4096.
\boxed{3}"
ID_BTFBC72895_1,"The product of these numbers includes the factor 10, which means it ends in 0.
\boxed{3}"
ID_BTFBC72895_2,"The product includes the factor 10, so the result must be divisible by 10 and its ones digit must be 0.
\boxed{3}"
ID_BTFBC72895_3,"The product of these numbers includes the factor $10$, so the result is divisible by $10$. Therefore, the ones digit of this product must be $0$.
\boxed{3}"
ID_BTFBC72895_4,"The product includes the factor 10, so the result is divisible by 10 and has a ones digit of 0.
\boxed{3}"
ID_QL8WVWZAIL_1,"The serving PCI changes 3 times across this short window of data, indicating frequent handovers that interrupt scheduling and degrade sustained throughput.
\boxed{A}"
ID_QL8WVWZAIL_2,"The serving PCI changes 3 times across this short window of data, indicating frequent handovers that interrupt scheduling and degrade sustained throughput.
\boxed{A}"
ID_QL8WVWZAIL_3,"The serving PCI changes 3 times across this short window of data, indicating frequent handovers that interrupt scheduling and degrade sustained throughput.
\boxed{A}"
ID_QL8WVWZAIL_4,"The serving PCI changes 3 times across this short window of data, indicating frequent handovers that interrupt scheduling and degrade sustained throughput.
\boxed{A}"
ID_OS1W4CI1Y1_1,"The serving PCI changes 3 times across this short window of data, indicating frequent handovers that interrupt scheduling and degrade sustained throughput.
\boxed{C}"
ID_OS1W4CI1Y1_2,"The serving PCI changes 3 times across this short window of data, indicating frequent handovers that interrupt scheduling and degrade sustained throughput.
\boxed{E}"
ID_OS1W4CI1Y1_3,"The serving PCI changes 3 times across this short window of data, indicating frequent handovers that interrupt scheduling and degrade sustained throughput.
\boxed{C}"
ID_OS1W4CI1Y1_4,"The serving PCI changes 3 times across this short window of data, indicating frequent handovers that interrupt scheduling and degrade sustained throughput.
\boxed{E}"
ID_GS5HVH80LX_1,\boxed{1}
ID_GS5HVH80LX_2,\boxed{1}
ID_GS5HVH80LX_3,\boxed{1}
ID_GS5HVH80LX_4,\boxed{1}
ID_AIM9X6ECCC_1,"The inequality $|n| < |n-3|$ implies that $n$ must be less than $n-3$, which is impossible for any real number $n$. Therefore, there are no integer solutions to this inequality.
\boxed{0}"
ID_AIM9X6ECCC_2,"The inequality $|n| < |n-3|$ implies that $n$ must be less than $n-3$, which is impossible for any real number $n$. Therefore, there are no integer solutions to this inequality.
\boxed{0}"
ID_AIM9X6ECCC_3,"The inequality $|n| < |n-3|$ implies that $n$ must be less than $n-3$, which is impossible for any real number $n$. Therefore, there are no integer solutions to this inequality.
\boxed{0}"
ID_AIM9X6ECCC_4,"The inequality $|n| < |n-3|$ implies that $n$ must be less than $3$, since if $n$ were greater than or equal to $3$, then $|n-3|$ would be at least $3$, which would make it impossible for $|n|$ to be less than $|n-3|$.
The inequality $|n-3| < 9$ means that $n$ can be anywhere between $-6$ and $12$, not including these endpoints.
Combining these two pieces of information, we find that the only integers that satisfy both inequalities are $n=-5,-4,-3,-2,-1,0,1$. The sum of these integers is $\boxed{1}$.
It appears there was a mistake in the original solution provided. The correct sum of all integer solutions is actually $1$, not $9$."
ID_4POTXVDAAL_1,"The given formula for the sum of squares applies to sums up to $n$, not starting at $21$. To find the sum of squares from $21$ to $40$, we can subtract the sum of squares from $1$ to $20$ from the sum of squares from $1$ to $40$.
\[
\begin{align*}
\text{Sum} &= (1^2 + 2^2 + 3^2 + \cdots + 40^2) - (1^2 + 2^2 + 3^2 + \cdots + 20^2) \\
&= \frac{40(40+1)(2\cdot40+1)}{6} - \frac{20(20+1)(2\cdot20+1)}{6} \\
&= \frac{40\cdot41\cdot81}{6} - \frac{20\cdot21\cdot41}{6} \\
&= \frac{57650 - 2100}{6} \\
&= \frac{36650}{6} \\
&= \boxed{6108.33}\approx 6108.
\end{align*}
\]
Therefore, the closest integer to the actual sum is $\boxed{22140}$, which matches option 2."
ID_4POTXVDAAL_2,"The given formula for the sum of squares provides a direct way to calculate the sum of squares from 1 to \(n\). To find the sum of squares from 21 to 40, we can use this formula with \(n=40\) and subtract the sum of squares from 1 to 20.
\[
21^2 + 22^2 + \cdots + 40^2 = \frac{40(40+1)(2\cdot40+1)}{6} - \frac{20(20+1)(2\cdot20+1)}{6}
\]
Calculating each term:
\[
\frac{40(41)(81)}{6} - \frac{20(21)(41)}{6} = 22140 - 2870 = \boxed{21270}
\]"
ID_4POTXVDAAL_3,"The given formula for the sum of squares applies to sums up to $n$, not beyond it. Since we're asked about the sum from $21$ to $40$, this formula does not apply directly. Instead, we would need to calculate each square individually and then add them together.
\boxed{None}"
ID_4POTXVDAAL_4,"The given formula for the sum of squares applies to sums up to $n$, not including $n+1$. Since we want to find the sum from $21$ to $40$, we need to adjust our approach.
\[
\begin{align*}
S &= 21^2 + 22^2 + \cdots + 40^2 \\
&= (1^2 + 2^2 + \cdots + 40^2) - (1^2 + 2^2 + \cdots + 20^2) \\
&= \frac{40(40+1)(2\cdot40+1)}{6} - \frac{20(20+1)(2\cdot20+1)}{6} \\
&= \frac{40\cdot41\cdot81}{6} - \frac{20\cdot21\cdot41}{6} \\
&= 2660 - 2870 \\
&= \boxed{22140}
\end{align*}
\]"
ID_HWRIOUB2KS_1,"The product will be a multiple of $3$ if at least one of the dice shows a $3$, $6$, or $8$. The first die has three favorable outcomes out of eight possible outcomes, while the second die has two favorable outcomes out of six possible outcomes. Thus, the total probability is $\frac{3}{8} \times \frac{2}{6} + \frac{5}{8} \times \frac{2}{6} = \frac{1}{2}$.
\boxed{1}"
ID_HWRIOUB2KS_2,"The product of the two dice will be a multiple of 3 if at least one of the dice shows a 3 or a 6. The probability that Juan rolls a 3 or a 6 is \(\frac{2}{8} = \frac{1}{4}\), and the probability that Amal rolls a 3 or a 6 is \(\frac{2}{6} = \frac{1}{3}\). Since these events are independent, the probability that neither roll is a 3 or a 6 is \(\left(1 - \frac{1}{4}\right)\left(1 - \frac{1}{3}\right) = \frac{3}{4} \cdot \frac{2}{3} = \frac{1}{2}\). Therefore, the probability that the product is a multiple of 3 is \(1 - \frac{1}{2} = \boxed{\frac{1}{2}}\)."
ID_HWRIOUB2KS_3,"The product of the two dice will be a multiple of 3 if at least one of the dice shows a 3 or a 6. The probability of this happening can be calculated as follows:
- The probability of rolling a 3 on the octahedral die is \(\frac{1}{8}\).
- The probability of not rolling a 3 on the octahedral die is \(\frac{7}{8}\).
- The probability of not rolling a 6 on the six-sided die is \(\frac{5}{6}\).
- The probability of rolling a 6 on the six-sided die is \(\frac{1}{6}\).

Using these probabilities, we find the total probability of getting a multiple of 3 as:
\[
P = \left(\frac{1}{8} + \frac{7}{8} \cdot \frac{5}{6}\right) \cdot \frac{1}{6} = \frac{1}{2} \cdot \frac{1}{4} = \frac{1}{8}.
\]
However, this calculation includes the scenario where both dice show a 3, which should only happen once rather than twice. Correcting for this overcounting gives us:
\[
P = \frac{1}{8} - \frac{1}{288} = \frac{33}{288} = \frac{11}{96}.
\]
But since the correct approach involves calculating the probability of the complementary event (both dice showing something other than a 3 or a 6), we get:
\[
P = 1 - \left(\frac{7}{8} \cdot \frac{5}{6}\right) = 1 - \frac{35}{48} = \frac{13}{48}.
\]
This simplifies to \(\frac{1}{288}\), matching option 4.
\boxed{4}"
ID_HWRIOUB2KS_4,"The product of the two dice will be a multiple of 3 if at least one of the dice shows a 3 or a 6. The probability of this happening can be calculated as follows:
- The probability that Juan rolls a 3 or a 6 is $\frac{2}{8}$.
- The probability that Amal rolls a 3 or a 6 is $\frac{2}{6}$.
- Since these events are independent, the probability that both roll a number that's not a factor of 3 is $\left(\frac{6}{8}\right)\left(\frac{4}{6}\right)$.
- Therefore, the probability that the product is a multiple of 3 is $1 - \left(\frac{6}{8}\right)\left(\frac{4}{6}\right) = \boxed{\frac{1}{2}}$."
ID_WURGWFHNJW_1,"The list starts at 25 and ends at 100, with a common difference of 1 between each consecutive number. To find the number of terms in this arithmetic sequence, we can use the formula for the nth term of an arithmetic sequence:

\[a_n = a_1 + (n - 1)d\]

where \(a_n\) is the last term, \(a_1\) is the first term, \(d\) is the common difference, and \(n\) is the number of terms.

Plugging in the values from our problem:

\[100 = 25 + (n - 1) \cdot 1\]
\[75 = n - 1\]
\[n = 76\]

So there are 76 numbers in the list.
\(\boxed{2}\)"
ID_WURGWFHNJW_2,"The list starts at 25 and ends at 100, with a common difference of 1 between each term. To find the number of terms in this arithmetic sequence, we can use the formula for the nth term of an arithmetic sequence:

\[a_n = a_1 + (n - 1)d\]

where \(a_n\) is the last term, \(a_1\) is the first term, \(d\) is the common difference, and \(n\) is the number of terms.

Plugging in the values we have:

\[100 = 25 + (n - 1) \cdot 1\]
\[75 = n - 1\]
\[n = 76\]

So there are 76 numbers in the list.
\(\boxed{2}\)"
ID_WURGWFHNJW_3,"The list starts at 25 and ends at 100, with a common difference of 1 between each consecutive number. To find the number of terms in this arithmetic sequence, we can use the formula for the nth term of an arithmetic sequence:

\[a_n = a_1 + (n - 1)d\]

where \(a_n\) is the last term, \(a_1\) is the first term, \(d\) is the common difference, and \(n\) is the number of terms.

Plugging in the values we have:

\[100 = 25 + (n - 1) \cdot 1\]
\[75 = n - 1\]
\[n = 76\]

So there are 76 numbers in the list.
\boxed{2}"
ID_WURGWFHNJW_4,"The list starts at 25 and ends at 100, with a common difference of 1 between each consecutive number. To find the number of terms in this arithmetic sequence, we can use the formula for the nth term of an arithmetic sequence:

\[a_n = a_1 + (n - 1)d\]

where \(a_n\) is the last term, \(a_1\) is the first term, \(d\) is the common difference, and \(n\) is the number of terms.

Plugging in the values we have:

\[100 = 25 + (n - 1) \cdot 1\]
\[75 = n - 1\]
\[n = 76\]

So there are 76 numbers in the list.
\(\boxed{2}\)"
ID_9THPS87IYG_1,"The prime factors of the number include 2, 5, 7, 13, and 31. The only option that includes all these prime factors is 10.
\boxed{3}"
ID_9THPS87IYG_2,"The prime factors of the number are given as 2, 5, 7, 13, and 31. The only number among the options that is composed entirely of these prime factors is 6.
\boxed{2}"
ID_9THPS87IYG_3,"The given prime factors are 2, 5, 7, 13, and 31. The only number among the options that is divisible by all these primes is their product, which is \(2 \times 5 \times 7 \times 13 \times 31 = 10010\). Therefore, the correct answer is:
\(\boxed{10010}\)"
ID_9THPS87IYG_4,"The prime factors of the number include 2, 5, 7, 13, and 31. The only option that includes all these prime factors is 10.
\boxed{3}"
ID_536RRV4CPS_1,"The polynomial \(z^3 + z^2 + z\) factors as \(z(z+1)^2\), which means \(z\) must be zero or a root of \(z+1=0\). Since \(a\) and \(b\) are positive integers, \(z=a+bi\) cannot be zero. Therefore, \(z+1=0\) implies \(z=-1\), so \(b=1\).
\(\boxed{2}\)"
ID_536RRV4CPS_2,"The polynomial \(z^3 + z^2 + z\) factors as \(z(z+1)^2\). Since this product is real, one of the factors must be zero or the other factor must be purely imaginary (which would make the entire expression imaginary rather than real).
\[z=0 \text{ or } z+1=0.\]
If \(z=0\), then \(b=0\), but we are given that \(b\) is a positive integer, so \(z \neq 0\).
If \(z+1=0\), then \(z=-1\), which corresponds to \(a=0\), again not allowed since \(a\) is a positive integer.
Therefore, \(z\) must be a non-zero complex number with \(|z|=1\). The only such numbers with positive integer coordinates are on the unit circle in the complex plane, where \(b=a\).
Since \(a\) and \(b\) are positive integers, the smallest possible value for \(b\) is \(\boxed{1}\)."
ID_536RRV4CPS_3,"The polynomial \(z^3 + z^2 + z\) factors as \(z(z+1)^2\). Since this product is real, one of the factors must be zero. The only way this can happen with integer coefficients is if either \(z=0\) or \(z+1=0\), but neither of these would make \(b\) negative. Therefore, \(z\) itself must be zero, which implies \(a=0\), contradicting our assumption that \(a\) is a positive integer. This means there is no such non-zero complex number \(z\) that satisfies the given conditions.

Thus, the correct answer is \(\boxed{None}\)."
ID_536RRV4CPS_4,"The polynomial \(z^3 + z^2 + z\) factors as \(z(z+1)^2\), which means \(z\) must be zero or a root of \(z+1=0\). Since \(a\) and \(b\) are positive integers, the only solution is \(z=0\), but this does not satisfy the condition that \(z^3 + z^2 + z\) is a real number. Therefore, there is no such complex number \(z\) that satisfies both conditions.
\(\boxed{\text{None}}\)"
ID_BFCE8Q0NC8_1,Carlos will be 706 days old on a **Friday**.
ID_BFCE8Q0NC8_2,Carlos will be 706 days old on a Monday.
ID_BFCE8Q0NC8_3,Carlos will be 706 days old on a Sunday.
ID_BFCE8Q0NC8_4,"The calculation is as follows:
706 ÷ 7 = 100 weeks and 6 days
Adding the extra 6 days to November 9 gives us December 5
So, Carlos will be 706 days old on a Tuesday.
\boxed{Tuesday}"
ID_QMEJCKCV41_1,"The given equation is \(3x - 4(x - 2) + 6x - 8 = 0\). Simplifying this equation yields:
\[3x - 4x + 8 + 6x - 8 = 0\]
Combining like terms gives:
\[5x = 0\]
Solving for \(x\) results in:
\[x = 0\]
Therefore, the correct answer is 2: 0."
ID_QMEJCKCV41_2,"The given equation is \(3x - 4(x - 2) + 6x - 8 = 0\). Let's simplify this step by step:
\[3x - 4x + 8 + 6x - 8 = 0\]
Combine like terms:
\[5x = 0\]
Divide both sides by 5 to solve for \(x\):
\[x = 0\]

Therefore, the solution is \(\boxed{2}\)."
ID_QMEJCKCV41_3,"The given equation is \(3x - 4(x - 2) + 6x - 8 = 0\). Let's simplify it step by step:
\[3x - 4x + 8 + 6x - 8 = 0\]
Combine like terms:
\[5x = 0\]
Divide both sides by 5 to solve for \(x\):
\[x = 0\]

Therefore, the solution is \(\boxed{2}\)."
ID_QMEJCKCV41_4,"The given equation is \(3x - 4(x - 2) + 6x - 8 = 0\). First, we simplify it:
\[3x - 4x + 8 + 6x - 8 = 0\]
Combining like terms gives us:
\[5x = 0\]
Solving for \(x\) yields:
\[x = 0\]
Therefore, the correct answer is \(\boxed{2}\)."
ID_4AI7CVVV8Q_1,"The greatest common factor (GCF) of 252 and 96 is 12.
\boxed{4}"
ID_4AI7CVVV8Q_2,"The greatest common factor (GCF) of 252 and 96 is 12.
\boxed{4}"
ID_4AI7CVVV8Q_3,"The greatest common factor (GCF) of 252 and 96 is 12.
\boxed{4}"
ID_4AI7CVVV8Q_4,"The greatest common factor (GCF) of 252 and 96 is 12.
\boxed{4}"
ID_0AH1GP3AC3_1,"The equation $\log_{b}343=-\frac{3}{2}$ can be rewritten as $b^{-\frac{3}{2}}=343$. Multiplying both sides by $-\frac{2}{3}$ gives $b=\frac{1}{7^{\frac{3}{2}}}=\frac{1}{7\times\sqrt{7}}=\frac{1}{7\sqrt{7}}=\frac{\sqrt{7}}{49}$. Therefore, the value of $b$ is $\frac{1}{49}$.
$\boxed{2}$"
ID_0AH1GP3AC3_2,"The equation $\log_{b}343=-\frac{3}{2}$ can be rewritten as $b^{-\frac{3}{2}}=343$. Since $343=7^3$, we have $b^{-\frac{3}{2}}=(7^3)^{-\frac{3}{2}}=7^{-\frac{9}{2}}$. Therefore, $b=\frac{1}{7^{\frac{9}{2}}}=\frac{1}{(7^4)^{\frac{1}{2}}}=7^{-4}=\frac{1}{7^4}=\frac{1}{2401}$. The correct answer is option 2: $\frac{1}{49}$."
ID_0AH1GP3AC3_3,"The logarithm base $b$ of a number is negative when the argument of the log (the number inside the logarithm) is less than zero because logs are only defined for positive numbers. Since $343=7^3$, we have:
$$\log_{b}343 = -\frac{3}{2} \implies b^{-\frac{3}{2}} = 343.$$
Rewriting this equation with a positive exponent on $b$, we get:
$$b^{\frac{3}{2}} = 343 \implies b = \sqrt[{\color{red}2}]{{343}} = \sqrt[{\color{red}2}]{{7^3}} = 7^{\frac{3}{2}} = 7^{1+\frac{1}{2}} = 7 \cdot 7^{\frac{1}{2}} = 7\sqrt{7}.$$
However, since $b$ must be positive to maintain the definition of a logarithm, the correct interpretation is that $b$ should be the reciprocal of the square root of $343$. Therefore, the correct solution is:
$$b = \frac{1}{\sqrt[{\color{blue}2}]{{343}}} = \frac{1}{\sqrt[{\color{blue}2}]{{7^3}}} = \frac{1}{7\sqrt{7}} = \frac{1}{7}\sqrt[{\color{blue}6}]{{7^3}} = \frac{1}{7}\sqrt[{\color{blue}6}]{{343}} = \frac{1}{7}.$$
So, the correct answer is $\boxed{\frac{1}{7}}$."
ID_0AH1GP3AC3_4,"The equation $\log_{b}343=-\frac{3}{2}$ can be rewritten as $b^{-\frac{3}{2}}=343$. This implies that $(b^{\frac{1}{2}})^{-3}=343$, or equivalently, $b^{-\frac{3}{2}}=(7^3)$. Therefore, we have $b=\frac{1}{7^3}=\frac{1}{343}$.

$\boxed{3}$"
ID_GSG9NIFC6J_1,"The number $12$ is a multiple of itself, as well as the positive integers $1$, $2$, $3$, $4$, $6$, and $12$. It is also a multiple of the negative integer $-1$, but not of any other single-digit negative integers.
\boxed{2}"
ID_GSG9NIFC6J_2,"The number $12$ is a multiple of both positive and negative integers because it can be divided evenly by these numbers without leaving a remainder.
\boxed{1}"
ID_GSG9NIFC6J_3,"The number $12$ is a multiple of both $3$ and $4$, but not of $6$. Therefore, the correct answer is that $12$ is a multiple of $3$ and $4$.
\boxed{1}"
ID_GSG9NIFC6J_4,"The number $12$ is divisible by both positive and negative integers.
\boxed{2}"
ID_HUD956GTVM_1,"The identity $a^3 + b^3 + c^3 - 3abc = (a+b+c)(a^2 + b^2 + c^2 - ab - ac - bc)$ can be used to find $a^3 + b^3 + c^3$. We know $a+b+c=6$ and $ab+ac+bc=5$, so $a^2 + b^2 + c^2 = (a+b+c)^2 - 2(ab+ac+bc) = 6^2 - 2\cdot5 = 26$. Therefore, $a^3 + b^3 + c^3 - 3(-12) = 6(26-5) = 84$, which means $a^3 + b^3 + c^3 = \boxed{90}$."
ID_HUD956GTVM_2,"$a^3 + b^3 + c^3 - 3abc = (a+b+c)(a^2 + b^2 + c^2 - ab - ac - bc)$.
We know that $a+b+c=6$ and $ab+ac+bc=5$, so $a^2 + b^2 + c^2 = (a+b+c)^2 - 2(ab+ac+bc) = 37$.
Therefore, $a^3 + b^3 + c^3 - 3abc = 6(37-5) = 90$,
and $a^3 + b^3 + c^3 = 90 + 3(-12) = \boxed{90}$."
ID_HUD956GTVM_3,"The identity $a^3 + b^3 + c^3 - 3abc = (a+b+c)(a^2+b^2+c^2-ab-bc-ac)$ can be used to find $a^3 + b^3 + c^3$. We know $a+b+c=6$ and $abc=-12$, so $a^2+b^2+c^2=(a+b+c)^2-2(ab+ac+bc)=6^2-2\cdot5=23$. Therefore, $a^3+b^3+c^3-3(-12)=6\cdot23$, which simplifies to $a^3+b^3+c^3=90$. The answer is $\boxed{90}$."
ID_HUD956GTVM_4,"The identity $a^3 + b^3 + c^3 - 3abc = (a+b+c)(a^2 + b^2 + c^2 - ab - ac - bc)$ can be used to find $a^3 + b^3 + c^3$. We know $a+b+c=6$ and $ab+ac+bc=5$, so $a^2 + b^2 + c^2 = (a+b+c)^2 - 2(ab+ac+bc) = 37$. Substituting these values into the identity gives $a^3 + b^3 + c^3 - 3(-12) = 6(37-5) = 90$, hence $a^3 + b^3 + c^3 = \boxed{90}$."
ID_Q861DQIDV6_1,"The repeating decimal $0.\overline{7}$ is equivalent to the fraction $\frac{7}{9}$. The reciprocal of this fraction is $\frac{9}{7}$.
\boxed{\frac{9}{7}}"
ID_Q861DQIDV6_2,"The repeating decimal $0.\overline7$ is equivalent to the fraction $\frac{7}{9}$, so the reciprocal of this fraction is $\frac{9}{7}$.
\boxed{\frac{9}{7}}"
ID_Q861DQIDV6_3,"The repeating decimal $0.\overline{7}$ is equivalent to the fraction $\frac{7}{9}$. Therefore, the reciprocal of $0.\overline{7}$ is $\frac{9}{7}$.
\boxed{\frac{9}{7}}"
ID_Q861DQIDV6_4,"The repeating decimal $0.\overline7$ is equivalent to the fraction $\frac{7}{9}$.
Therefore, the reciprocal of $0.\overline7$ is $\frac{9}{7}$.
\boxed{\frac{9}{7}}"
ID_WZO5VTSIU8_1,"$h(x) = f(g(x)) = f(2x - 3) = 3(2x - 3) + 4 = 6x - 5.$ To find the inverse of $h(x)$, we switch $x$ and $y$ and solve for $y$: 
\[x = 6y - 5 \Rightarrow y = \frac{x + 5}{6}.\]
So the inverse of $h(x)$ is $\boxed{\frac{x+5}{6}}$."
ID_WZO5VTSIU8_2,"$h(x) = f(g(x)) = f(2x - 3) = 3(2x - 3) + 4 = 6x - 5.$
To find the inverse of $h(x)$, we switch $x$ and $h(x)$ and solve for $h^{-1}(x)$:
$x = h(y) = 6y - 5$
$6y = x + 5$
$y = \frac{x + 5}{6}$
Therefore, the inverse of $h(x)$ is $\boxed{\frac{x+5}{6}}$."
ID_WZO5VTSIU8_3,"$h(x) = f(g(x)) = f(2x - 3) = 3(2x - 3) + 4 = 6x - 5$. To find the inverse, we switch $x$ and $y$ and solve for $y$: 
\[x = 6y - 5 \Rightarrow y = \frac{x+5}{6}.\]
So the inverse of $h(x)$ is $\boxed{\frac{x+5}{6}}$."
ID_WZO5VTSIU8_4,"$h(x) = f(g(x)) = f(2x - 3) = 3(2x - 3) + 4 = 6x - 5.$ To find the inverse of $h(x)$, we switch $x$ and $y$ and solve for $y$: \[x = 6y - 5 \implies y = \frac{x + 5}{6}.\] Thus, the inverse of $h(x)$ is $\boxed{\frac{x+5}{6}}$."
ID_XX3ELOVQS6_1,"The odd perfect squares between 5 and 211 are $9=3^2$, $25=5^2$, and $49=7^2$. There are $\boxed{3}$ such numbers."
ID_XX3ELOVQS6_2,"The odd perfect squares between 5 and 211 are $9=3^2$, $25=5^2$, and $49=7^2$. There are $\boxed{3}$ such numbers."
ID_XX3ELOVQS6_3,"The odd perfect squares between 5 and 211 are $9=3^2$, $25=5^2$, and $49=7^2$. There are $\boxed{3}$ such numbers."
ID_XX3ELOVQS6_4,"The odd perfect squares between 5 and 211 are \(9 = 3^2\) and \(25 = 5^2\). There are 2 such numbers.
\(\boxed{2}\)"
ID_QX6QVSBXGR_1,"The total number of ways to choose 5 people from a group of 15 is given by the combination formula \( C(n, k) = \frac{n!}{k!(n-k)!} \), where \( n \) is the total number of items, \( k \) is the number of items to choose, and ""!"" denotes factorial. Plugging in the values, we get \( C(15, 5) = \frac{15!}{5!(15-5)!} = \frac{15!}{5!10!} = \frac{15 \times 14 \times 13 \times 12 \times 11}{5 \times 4 \times 3 \times 2 \times 1} = 3,003 \).
\boxed{4}"
ID_QX6QVSBXGR_2,"The number of ways to choose 5 people from a group of 15 is given by the combination formula \( C(n, k) = \frac{n!}{k!(n-k)!} \), where \( n \) is the total number of people, \( k \) is the number of people to choose, and \( ! \) denotes factorial.
\[
C(15, 5) = \frac{15!}{5!(15-5)!} = \frac{15!}{5!10!} = \frac{15\times14\times13\times12\times11}{5\times4\times3\times2\times1} = 3,003
\]
Therefore, the answer is \(\boxed{4}\)."
ID_QX6QVSBXGR_3,"The number of ways to choose 5 people from a group of 15 is given by the combination formula \( C(n, k) = \frac{n!}{k!(n-k)!} \), where \( n \) is the total number of people, \( k \) is the number of people to choose, and \( ! \) denotes factorial.
\[
C(15, 5) = \frac{15!}{5!(15-5)!} = \frac{15!}{5!10!} = \frac{15 \times 14 \times 13 \times 12 \times 11}{5 \times 4 \times 3 \times 2 \times 1} = 3,003
\]
Therefore, the answer is \(\boxed{4}\)."
ID_QX6QVSBXGR_4,"The total number of ways to choose 5 people from a group of 15 is given by the combination formula \( C(n, k) = \frac{n!}{k!(n-k)!} \), where \( n \) is the total number of people, \( k \) is the number of people to choose, and \( ! \) denotes factorial.
\[
C(15, 5) = \frac{15!}{5!(15-5)!} = \frac{15!}{5!10!} = \frac{15 \times 14 \times 13 \times 12 \times 11}{5 \times 4 \times 3 \times 2 \times 1} = 3,003
\]
Therefore, the answer is \(\boxed{4}\)."
ID_B95M5YVWPJ_1,"The remainder when $2^{87}$ is divided by $7$ is the same as the remainder when $6$ is divided by $7$, which is $6$. Adding $3$ to this gives a total remainder of $9$, or $2$ when divided by $7$.
$\boxed{3}$"
ID_B95M5YVWPJ_2,"The remainder when $2^{87}$ is divided by $7$ is the same as the remainder when $6^1$ is divided by $7$, which is $6$. Adding $3$ to this gives a total remainder of $9$, or $2$ when divided by $7$. So the final answer is $\boxed{3}$."
ID_B95M5YVWPJ_3,"The remainder when $2^{87}$ is divided by $7$ is the same as the remainder when $6$ is divided by $7$, which is $6$. Adding $3$ to this gives a total remainder of $9$, or equivalently, a remainder of $\boxed{2}$ when divided by $7$."
ID_B95M5YVWPJ_4,"The remainder when $2^{87}$ is divided by $7$ is the same as the remainder when $6^1$ is divided by $7$, which is $6$. Adding $3$ to this gives a total remainder of $9$, or equivalently $2$ when divided by $7$. Therefore, the remainder when $2^{87} + 3$ is divided by $7$ is $\boxed{2}$."
ID_N5RMZW8ZM5_1,"Morality and justice
The passage discusses how a people's lack of political, economic, and civic knowledge leads them to abuse liberty and justice, adopting illusions instead of reality and taking license for liberty rather than practicing it. It suggests that a properly functioning legal system requires morality and justice, not just truth or intelligence alone."
ID_N5RMZW8ZM5_2,"Morality and justice
The passage discusses how a lack of morality and justice leads to abuse of power, such as deception, vice, and the adoption of illusions as realities. It suggests that a just legal system requires both truth and justice, rather than being solely based on intelligence or order."
ID_N5RMZW8ZM5_3,"Morality and justice
The text states that ""ambition and intrigue abuse the credulity and experience of men lacking all political, economic, and civic knowledge"" and that ""proper morals, and not force, are the bases of law."" It further argues that to practice justice is to practice liberty, implying that morality and justice are essential for a properly functioning legal system."
ID_N5RMZW8ZM5_4,"Morality and justice
The passage discusses how a people's lack of political, economic, and civic knowledge leads them to abuse their liberty and adopt illusions as reality, rather than using reason and moral principles to guide their actions. It suggests that true liberty requires a foundation in morality and justice, not just in the absence of oppression or tyranny."
ID_JIN1YWDICS_1,The speaker seems most concerned about counterrevolutionary opponents (option 1).
ID_JIN1YWDICS_2,The speaker seems most concerned about counterrevolutionary opponents (option 1) who pose a threat to the stability and authority of the Republic.
ID_JIN1YWDICS_3,The speaker in the passage seems most concerned with counterrevolutionary opponents (option 1).
ID_JIN1YWDICS_4,"The speaker in the passage seems most concerned with counterrevolutionary opponents (option 1). The text describes how the revolutionaries use terror to suppress their enemies, implying they fear opposition from those who would seek to undermine the new government."
ID_KZB77WMF81_1,"The serving cell's total RSSI declines to -105.3 dBm, below the -105.0 dBm threshold at which inter-frequency handovers are triggered, suggesting inter-frequency handover would be more appropriate than intra-frequency handover in this case.
\boxed{E}"
ID_KZB77WMF81_2,"The serving PCI changes 3 times across this short window of data, indicating frequent handovers that interrupt scheduling and degrade sustained throughput.
\boxed{A}"
ID_KZB77WMF81_3,"The serving PCI changes 3 times across this short window of data, indicating frequent handovers that interrupt scheduling and degrade sustained throughput.
\boxed{A}"
ID_KZB77WMF81_4,"The serving PCI changes 3 times across this short window of data, indicating frequent handovers that interrupt scheduling and degrade sustained throughput.
\boxed{A}"
ID_RI7J43CWGY_1,"The strain placed on merchant families by long periods of separation is the most probable cause of the marital strain evident in the passage. The letter suggests that the couple has been separated for a long time, with the husband unable to return home due to financial difficulties, and now wishes to end their marriage."
ID_RI7J43CWGY_2,The strain placed on merchant families by long periods of separation is the most probable cause of the marital strain evident in the passage above.
ID_RI7J43CWGY_3,The strain placed on merchant families by long periods of separation is the most probable cause of the marital strain evident in the passage above.
ID_RI7J43CWGY_4,The strain placed on merchant families by long periods of separation is the most probable cause of the marital strain evident in the passage.
ID_70ONLAYFSV_1,"The passage states that ""They are Muslims keeping to the prayers, studying fiqh (Islamic jurisprudence) and learning the Qur'an by heart,"" which directly indicates that the Malians take their Muslim faith seriously by showing commitment to religious practices and knowledge.
\boxed{2}"
ID_70ONLAYFSV_2,"The passage states that the men ""do not derive their genealogy from their father but, on the contrary, from their maternal uncle,"" indicating that they take their Muslim faith seriously by maintaining strict lineage purity.
\boxed{1}"
ID_70ONLAYFSV_3,"The men do not yield to sexual jealousy, which shows they take their Muslim faith seriously.
\boxed{3}"
ID_70ONLAYFSV_4,"The passage states that ""they do not veil themselves in spite of their perseverance in the prayers,"" indicating that the Malians take their religious practices seriously, particularly their adherence to modesty.
\boxed{2}"
ID_ZKH8L96UWM_1,"The comment quoted above is directly related to the Columbian Exchange, which occurred after Christopher Columbus's voyages in the late 15th and early 16th centuries. This exchange saw a massive transfer of plants, animals, culture, human populations, and diseases between the Old World (Europe, Asia, Africa) and the New World (Americas). The quote describes how European settlers introduced new crops like wheat and citrus fruits to the Americas, altering local ecosystems and food systems."
ID_ZKH8L96UWM_2,The Columbian Exchange
ID_ZKH8L96UWM_3,"The comment quoted above is directly related to the Columbian Exchange, which occurred after Christopher Columbus's voyages in the late 15th and early 16th centuries. This exchange saw the transfer of plants, animals, culture, human populations, and diseases between the Old World (Europe, Asia, Africa) and the New World (the Americas)."
ID_ZKH8L96UWM_4,The Columbian Exchange
ID_GIEIAD0K30_1,"A growing desire to attract skilled labor from abroad
The text discusses laws restricting immigration, particularly targeting China, reflecting a shift towards hardening anti-immigrant sentiment rather than promoting trade protectionism or attracting skilled labor."
ID_GIEIAD0K30_2,"A growing desire to attract skilled labor from abroad
The passages describe laws aimed at restricting immigration, particularly from China, due to concerns about the impact on local employment and the alleged threat to national interests. This aligns with a broader trend of hardening anti-immigrant sentiment in the late 19th and early 20th centuries, reflecting fears about competition for jobs and cultural change."
ID_GIEIAD0K30_3,A growing desire to attract skilled labor from abroad
ID_GIEIAD0K30_4,"A growing desire to attract skilled labor from abroad
The passages describe laws aimed at restricting immigration, particularly from China, reflecting a hardening of anti-immigrant sentiment in response to concerns about cultural and economic competition with native-born workers."
ID_IZX12JDP5R_1,"The United Nations mentioned in the first paragraph is an example of an organization opposed to the use of force between nations in any situation.
\boxed{2}"
ID_IZX12JDP5R_2,"The United Nations mentioned in the first paragraph is an example of an organization opposed to the use of force between nations in any situation.
\boxed{2}"
ID_IZX12JDP5R_3,"The United Nations mentioned in the first paragraph is an example of an organization opposed to the use of force between nations in any situation.
\boxed{2}"
ID_IZX12JDP5R_4,"The United Nations mentioned in the first paragraph is an example of an organization opposed to the use of force between nations in any situation.
\boxed{2}"
ID_QS6LESNZJ8_1,"A growing dependence on trade with Europe for manufactured goods
The source text describes how Portuguese traders were capturing local people to sell them as slaves, indicating a growing reliance on European goods and a weakening of traditional African economies."
ID_QS6LESNZJ8_2,"A growing dependence on trade with Europe for manufactured goods
The source text describes how enslaved Africans were captured and transported to Europe, indicating a growing reliance on slave trade for economic gain."
ID_QS6LESNZJ8_3,A growing dependence on trade with Europe for manufactured goods
ID_QS6LESNZJ8_4,"A growing dependence on trade with Europe for manufactured goods
The source text describes how Portuguese traders were capturing local people to sell as slaves, indicating a growing reliance on European goods and a decline in self-sufficiency."
ID_AVWC84XRZ4_1,"The serving PCI changes 3 times across this short window of data, indicating frequent handovers that interrupt scheduling and degrade sustained throughput.
\boxed{A}"
ID_AVWC84XRZ4_2,"The serving PCI changes 3 times across this short window of data, indicating frequent handovers that interrupt scheduling and degrade sustained throughput.
\boxed{A}"
ID_AVWC84XRZ4_3,"The serving PCI changes 3 times across this short window of data, indicating frequent handovers that interrupt scheduling and degrade sustained throughput.
\boxed{A}"
ID_AVWC84XRZ4_4,"The serving PCI changes 3 times across this short window of data, indicating frequent handovers that interrupt scheduling and degrade sustained throughput.
\boxed{A}"
ID_XJ5DYAK85S_1,"The serving cell's total throughput is about 130.7 Mbps against a peak capacity of 186.0 Mbps, indicating moderate to heavy traffic. The serving SINR averages 11.4 dB, consistent with strong signal quality.
The test server or transport network has an average latency of about 22.0 ms, comparable to neighboring cells but slower than the serving cell's average of 19.2 ms, suggesting a transport issue rather than weak coverage.
\boxed{C}"
ID_XJ5DYAK85S_2,"The serving cell's total throughput is about 116.2 Mbps against a peak capacity of 172.9 Mbps, indicating severe congestion.
The test server or transport anomaly causes insufficient upstream traffic, suppressing sustained throughput.
\boxed{C}"
ID_XJ5DYAK85S_3,"The serving cell's total throughput is about 131.1 Mbps against a peak capacity of 180.0 Mbps, indicating excessive traffic congestion.
The test server or transport anomaly causes insufficient upstream traffic, suppressing sustained throughput.
\boxed{C}"
ID_XJ5DYAK85S_4,"The serving cell's total throughput is about 116.4 Mbps against a peak capacity of 160.0 Mbps, indicating severe traffic congestion.
Neighbor cell(s) [53, 525, 590] share similar RSRP with this cell and might cause reference-signal collision and interference with poor channel estimation.
The serving SINR averages 11.6 dB, comparable to the average found in congested cells.
The test's average RB utilization is about 15.2%, comparable to what is seen in lightly loaded cells, suggesting lack of proper scheduling or resource allocation.
The serving PCI changes 3 times across this short window, indicating frequent handovers that interrupt scheduling and degrade sustained throughput.
The serving RSRP averages -95.3 dBm, consistent with weak far-end reference-signal strength caused by poor coverage or excessive interference.
The average BLER is about 0.34%, comparable to what is observed in heavily congested cells.
The test's total RB count is about 11.0, below the 13.0-RB minimum needed to sustain significant throughput, confirming severe congestion.
The test's average MCS is about 15.3, above the 13.4-MCS optimal range for this cell's operating frequency, indicating overloading.
The serving ARFCN changes 3 times across this short window, indicating frequent handovers that interrupt scheduling and degrade sustained throughput.
The test's average throughput is about 581.8 Mbps, below the peak capacity of 160.0 Mbps, confirming severe traffic congestion.
The serving SINR averages 11.6 dB, comparable to the average found in congested cells.
The test's residual BLER is about 0.20%, comparable to what is observed in heavily congested cells.
The serving RSRP averages -95.0 dBm, consistent with weak far-end reference-signal strength caused by poor coverage or excessive interference.
The serving PCI changes 3 times across this short window, indicating frequent handovers that interrupt scheduling and degrade sustained throughput.
The serving RB count is about 11.0, below the "
ID_84S1LZ41FP_1,"The importance of female purity
\boxed{4}"
ID_84S1LZ41FP_2,"The importance of female purity
\boxed{4}"
ID_84S1LZ41FP_3,"The importance of female purity
\boxed{4}"
ID_84S1LZ41FP_4,The importance of female purity
ID_BYKSL8VKXQ_1,"The Catholic Apostolic Roman Religion will continue to be the religion of the Empire. Followers of all other religions are allowed to worship within their households, or particular houses for that intent, so long as there is nothing indicating this on the exterior of the Temple.
\boxed{2}"
ID_BYKSL8VKXQ_2,"The Catholic Apostolic Roman Religion will continue to be the religion of the Empire. Followers of all other religions are allowed to worship within their households, or particular houses for that intent, so long as there is nothing indicating this on the exterior of the Temple.
\boxed{2}"
ID_BYKSL8VKXQ_3,"The Catholic Apostolic Roman Religion will continue to be the religion of the Empire. Followers of all other religions are allowed to worship within their households, or particular houses for that intent, so long as there is nothing indicating this on the exterior of the Temple.
\boxed{2}"
ID_BYKSL8VKXQ_4,"The Catholic Apostolic Roman Religion will continue to be the religion of the Empire. Followers of all other religions are allowed to worship within their households, or particular houses for that intent, so long as there is nothing indicating this on the exterior of the Temple.
\boxed{2}"
ID_MKP99ETXXA_1,The instruction to remain nonviolent most likely inspired the civil rights movements that changed the legal status of minorities in the United States.
ID_MKP99ETXXA_2,The instructions indicated in the fourth paragraph to remain nonviolent most likely inspired the civil rights movements that changed the legal status of minorities in the United States.
ID_MKP99ETXXA_3,"The instruction ""remain nonviolent"" most likely inspired the civil rights movements that changed the legal status of minorities in the United States."
ID_MKP99ETXXA_4,"The instruction to ""remain nonviolent"" most likely inspired the civil rights movements that changed the legal status of minorities in the United States."
ID_YFFRCY8PGM_1,"The passage describes Ibn Battuta's travels to Aden, a port city in Yemen, where he encountered wealthy Indian merchants who owned large ships filled with goods, indicating a bustling commercial center with significant wealth accumulation. This contrasts sharply with the isolated, impoverished environment described for Xuanzang, the Chinese monk who traveled to India during the Tang Dynasty seeking Buddhist scriptures. Therefore, the experience of Xuanzang would have been least similar to that of Ibn Battuta.
\boxed{4}"
ID_YFFRCY8PGM_2,"The passage describes Ibn Battuta's travels through the Red Sea region, including Aden, which is located on the coast of the Arabian Peninsula. The question asks about the experiences that would be least similar to those of Ibn Battuta, who lived in the 14th century.
Lorenzo de Medici lived from about 1449 to 1492 CE and was active during the Renaissance period, not the medieval era when Ibn Battuta traveled.
Xuanzang (602-681) was a Chinese Buddhist monk who traveled to India between 629 and 645 AD to obtain scriptures for his monastery back home. His journey was quite different from Ibn Battuta's because he did not travel across oceans or encounter Arab merchants trading in the Indian Ocean.
Zheng He was a Chinese naval commander who led seven maritime expeditions to the Western Pacific and South Asia between 1405 and 1433. His voyages were far larger than any previous sea expeditions and involved extensive use of ships, sailors, and soldiers rather than just merchants.
Marco Polo visited China in the late 13th century and spent several years there before returning to Venice. His experiences differed significantly from those of Ibn Battuta because he did not travel to Arabia or the Indian Ocean.
Therefore, the answer is 3: Lorenzo de Medici."
ID_YFFRCY8PGM_3,"The passage describes Ibn Battuta's travels to Aden, which was a major trading center for Indian merchants and ships coming from various Malabar ports in southern India. The people of Aden were primarily merchants, porters, or fishermen, and the city had no permanent crops or trees, relying instead on rainwater collected in reservoirs. The inhabitants were described as being ""immensely rich"" and engaging in rivalries over ownership of ships, which is consistent with the lifestyle of wealthy Indian merchants who traveled extensively across Asia.
Among the options provided, Lorenzo de Medici, the ruler of Florence, Italy, lived from about 1449 to 1492 and was known for his patronage of the arts rather than his travels or trade activities. Therefore, the passage's description of Aden's residents and economy is least similar to that of Lorenzo de Medici's time period.
\boxed{3}"
ID_YFFRCY8PGM_4,"The passage describes Ibn Battuta's travels through Arabia and Africa, mentioning merchants, porters, and fishermen as the main inhabitants. It does not mention any Chinese explorers like Zheng He, who made extensive maritime expeditions across Asia and Africa during the Ming dynasty.
\boxed{1}"
ID_9QTNQDVMYX_1,"The ways of Heaven are not invariable: on the good-doer it sends down all blessings, and on the evil-doer it sends down all miseries.
\boxed{4}"
ID_9QTNQDVMYX_2,"The ways of Heaven are not invariable: on the good-doer it sends down all blessings, and on the evil-doer it sends down all miseries.
\boxed{4}"
ID_9QTNQDVMYX_3,"The ways of Heaven are not invariable: on the good-doer it sends down all blessings, and on the evil-doer it sends down all miseries.
\boxed{4}"
ID_9QTNQDVMYX_4,"The ways of Heaven are not invariable: on the good-doer it sends down all blessings, and on the evil-doer it sends down all miseries.
\boxed{4}"
ID_PZM114ESPI_1,"The views expressed in this journal passage suggest that the society was hospitable towards outsiders and tolerant of different religions, as evidenced by the presence of both Indian and Egyptian merchants in the city.
\boxed{4}"
ID_PZM114ESPI_2,"The views expressed in this journal passage suggest limited economic opportunities for ordinary people in the region, as evidenced by the description of wealthy merchants who own large ships and engage in rivalries over ownership.
\boxed{3}"
ID_PZM114ESPI_3,"The views expressed in this journal passage suggest limited economic opportunities for ordinary people in medieval Islamic society, as evidenced by the description of the harsh conditions faced by the inhabitants, including lack of crops, trees, and water, and frequent disruptions to their supply of drinking water caused by Arab merchants who extort money and cloth from them.
\boxed{3}"
ID_PZM114ESPI_4,"The presence of foreign merchants indicates limited economic opportunities for local residents, consistent with option 3.
\boxed{3}"
ID_Y1XLI26M74_1,"A modernist tendency to question the validity of faith-based moralities
The passage reflects a modernist perspective that questions the existence of objective meaning or purpose in life, challenging traditional beliefs about morality and religion."
ID_Y1XLI26M74_2,"A modernist tendency to question the validity of faith-based moralities
The passage reflects a modernist perspective that questions the existence of an objective, universal meaning in life, challenging traditional religious or philosophical certainties. The speaker expresses doubt about the possibility of knowing such a meaning and suggests understanding it solely within the confines of human experience, rather than positing it exists independently of humanity's grasp on it. This aligns with the modernist ethos of skepticism and questioning established norms and beliefs."
ID_Y1XLI26M74_3,"A modernist tendency to question the validity of faith-based moralities
The passage reflects a modernist perspective that questions established ways of understanding the world, particularly religion and morality. The speaker expresses doubt about the existence of an objective, universal meaning, suggesting skepticism towards traditional religious or moral frameworks. This aligns with modernist themes of questioning authority and exploring alternative ways of understanding reality."
ID_Y1XLI26M74_4,"A modernist tendency to question the validity of faith-based moralities
The passage reflects a modernist perspective that questions established beliefs and traditions, particularly those based on religion or metaphysics. It expresses doubt about the existence of an objective, universal meaning beyond individual experience, aligning with the modernist rejection of absolute truths and rigid dogmas."
ID_8G0K6CPCXZ_1,"The serving PCI changes 3 times across this short window of data, indicating frequent handovers that interrupt scheduling and degrade sustained throughput.
\boxed{A}"
ID_8G0K6CPCXZ_2,"The serving RSRP averages -83.7 dBm and declines to -75.1 dBm across this short window, indicating consistent weak signal strength against varying noise.
\boxed{C}"
ID_8G0K6CPCXZ_3,"The serving RSRP averages -83.6 dBm and declines to -75.1 dBm across this short window, indicating consistent weak signal strength against varying noise.
\boxed{C}"
ID_8G0K6CPCXZ_4,"The serving PCI changes 3 times across this short window of data, indicating frequent handovers that interrupt scheduling and degrade sustained throughput.
\boxed{C}"
ID_OXO9KF4ZLY_1,"The serving PCI changes 3 times across this short window of data, indicating frequent handovers that interrupt scheduling and degrade sustained throughput.
\boxed{C}"
ID_OXO9KF4ZLY_2,"The serving PCI changes 3 times across this short window of data, indicating frequent handovers that interrupt scheduling and degrade sustained throughput.
\boxed{C}"
ID_OXO9KF4ZLY_3,"The serving PCI changes 3 times across this short window of data, indicating frequent handovers that interrupt scheduling and degrade sustained throughput.
\boxed{C}"
ID_OXO9KF4ZLY_4,"The serving PCI changes 3 times across this short window of data, indicating frequent handovers that interrupt scheduling and degrade sustained throughput.
\boxed{C}"
ID_LP29KFOFGN_1,The author of Source 1 endorses nonviolent resistance as a means of achieving his aims.
ID_LP29KFOFGN_2,"Nonviolent resistance
The text states that Martin Luther King Jr. advocates using nonviolent direct action to achieve civil rights, stating ""My citing the creation of tension as part of the work of the nonviolent-resister may sound rather shocking. "" This aligns with option 2: Nonviolent resistance."
ID_LP29KFOFGN_3,"Nonviolent resistance
The text states that Martin Luther King Jr. views nonviolent direct action as a way to create tension that forces communities to confront issues, rather than avoid them through negotiation. He argues against using violence to achieve change, instead advocating for peaceful protest and civil disobedience."
ID_LP29KFOFGN_4,"Nonviolent resistance
The passage discusses Martin Luther King Jr.'s views on nonviolent direct action as a way to achieve civil rights and equality. It states that nonviolent direct action seeks to create tension and pressure on communities to address issues through dialogue and protest, rather than relying solely on negotiations or legal action."
ID_XPLM24Y73T_1,The first passage tends to support option 4: That the ideology of holy war was taken seriously by Muslim elites during the crusading era.
ID_XPLM24Y73T_2,"The first passage suggests that many Muslims viewed jihad as a sacred duty to spread Islam, even if it meant waging war against non-Muslims, rather than just defending their own territory. This aligns with option 3: That many Muslims during the crusading era were driven by Islamic faith to be inherently violent.
\boxed{3}"
ID_XPLM24Y73T_3,"The first passage tends to support option 4: That the ideology of holy war was taken seriously by Muslim elites during the crusading era.
The passage states that many Muslim rulers viewed jihad as an ongoing obligation rather than a temporary affair, emphasizing the importance of continuous warfare against non-Muslims to spread Islam's influence. It also mentions that those who failed to fulfill this duty risked corruption, suggesting a serious commitment to jihad among Muslim leaders."
ID_XPLM24Y73T_4,"The first passage tends to support option 4: That the ideology of holy war was taken seriously by Muslim elites during the crusading era.
The text states that Muslim rulers viewed jihad as an ongoing obligation until all non-Muslim lands were conquered, indicating that they took the concept of holy war seriously and saw it as a continuous duty rather than just a temporary action."
ID_GDP6RCEM06_1,"The instruction to ""boycott foreign cloth"" reflects an early form of environmentalism, advocating against the exploitation of natural resources rather than just protecting wildlife. The idea of not buying products made from endangered species was already being discussed in the late 19th century, long before the modern environmental movement gained prominence.
\boxed{None}"
ID_GDP6RCEM06_2,"The importation of food crops from the New World
The passage mentions that Gandhi hoped every Indian would ""earn imprisonment"" through boycotting foreign cloth, which aligns with the historical context of the importation of food crops from the New World, particularly maize (corn) and sweet potatoes, which had been introduced to India via colonialism. These new agricultural products helped feed growing urban populations and contributed to population growth, challenging traditional agrarian economies based on wheat and rice."
ID_GDP6RCEM06_3,"The instruction to ""boycott foreign cloth"" reflects an early form of environmentalism, reflecting concerns about the impact of industrialization on local economies and cultures. The idea dates back to the 16th century with thinkers like Thomas More advocating against the exploitation of England's colonies for profit rather than self-sufficiency.
\boxed{4}"
ID_GDP6RCEM06_4,"The importation of food crops from the New World
The passage mentions that Gandhi urged Indians to ""earn imprisonment"" through boycotting foreign cloth, which aligns with the historical context of the importation of food crops from the Americas, particularly maize (corn), to feed growing populations in India.
\boxed{3}"
ID_H7ANCJTIGR_1,"Concern about barbarian attacks
The passage indicates concern over barbarian incursions, mentioning the Chamavi and Angrivarii entering the region and driving out the Tencteri, who had previously been dominant there. The speaker expresses dismay at the loss of life caused by these invasions and suggests that the Romans would have enjoyed watching the conflict rather than fearing it."
ID_H7ANCJTIGR_2,Concern about barbarian attacks
ID_H7ANCJTIGR_3,"Concern about barbarian attacks
The passage describes how the Romans were pleased to witness the destruction of the Bructeri, driven out by the Chamavi and Angrivarii, whom the Romans had previously considered allies. This suggests concern about barbarian attacks rather than disgust for barbarian peoples or an absence of Stoic principles among the aristocracy. The Romans viewed the destruction of these tribes as advantageous, indicating they feared invasion and wanted to prevent it."
ID_H7ANCJTIGR_4,Concern about barbarian attacks
ID_X56JB1BUX1_1,"The first verse criticizes alcohol and games as ""an infamy of Satan's handiwork,"" suggesting they are forbidden or evil. The second verse celebrates wine drinking, implying it was permissible for Muslims at the time. This comparison suggests that religious restrictions were not uniformly applied across all Muslims, contradicting the idea that they were universally observed.
\boxed{2}"
ID_X56JB1BUX1_2,"The first verse warns against indulging in alcohol and vain pursuits, while the second celebrates drinking wine when flowers are in full bloom. These two perspectives contradict each other, suggesting that the majority of Muslims did not adhere strictly to religious prohibitions against alcohol.
\boxed{2}"
ID_X56JB1BUX1_3,"The first verse criticizes alcohol and gambling as ""an infamy of Satan's handiwork,"" indicating disapproval of these practices within Islam. The second verse celebrates drinking wine when flowers are in bloom, suggesting tolerance or even celebration of such activities in some contexts. This comparison would best support the conclusion that:
2: Religious restrictions were not universally observed by all Muslims.
The contrast between the two verses suggests there was diversity in how different Muslims viewed alcohol and gambling, with some being critical of these practices while others accepted them or even embraced them in certain circumstances."
ID_X56JB1BUX1_4,"The first verse warns against certain activities considered sinful or idolatrous according to Islamic teachings, suggesting strict adherence to religious norms. The second verse celebrates wine as a joyous occasion for lovers, contrasting with the sobering message of the first verse. This comparison suggests that there was diversity in Muslim attitudes towards alcohol, with some viewing it positively while others viewed it negatively.
\boxed{2}"
ID_F5FPB8DIQK_1,Victories against outsiders granted legitimacy to leaders of states.
ID_F5FPB8DIQK_2,"Victories against outsiders granted legitimacy to leaders of states.
The ruler's actions were motivated by a desire to strengthen his own position and legitimize his rule through successful military campaigns that subdued neighboring territories. The text portrays him as someone who sought to expand his influence and consolidate power through conquest, using victory as a means to assert his authority and demonstrate his prowess."
ID_F5FPB8DIQK_3,"Victories against outsiders granted legitimacy to leaders of states.
The text describes how the ruler's conquests gave him prestige and support among his subjects, indicating that victories against outsiders were important for establishing a leader's authority and legitimacy."
ID_F5FPB8DIQK_4,Victories against outsiders granted legitimacy to leaders of states.
ID_X0MMD4T8V7_1,"The Song dynasty was originally from outside of China.
\boxed{4}"
ID_X0MMD4T8V7_2,"The Song dynasty was originally from outside of China.
\boxed{4}"
ID_X0MMD4T8V7_3,"The Song dynasty was originally from outside of China.
\boxed{4}"
ID_X0MMD4T8V7_4,"The Song dynasty pursued a less expansive foreign policy compared to the Tang dynasty, which is consistent with the text describing the Shanxi region being ""encompassed by barbarians"" and the need for constant defense.
\boxed{3}"
ID_P3TFVGNHTK_1,Rules of royal succession
ID_P3TFVGNHTK_2,"The rules of royal succession are being challenged in this song, with the Winter King attempting to seize the Bohemian throne from his brother Ferdinand."
ID_P3TFVGNHTK_3,"The rules of royal succession are at stake in this song, as Ferdinand alone is said to be Bohemia's lawful king, challenging the current power structure."
ID_P3TFVGNHTK_4,"The rules of royal succession are at stake in this song, as Ferdinand alone is said to be Bohemia's lawful king, challenging the current system where the throne belongs to the Kaiser.
\boxed{1}"
ID_7EX59XCHNJ_1,"They had no interest in the products that Great Britain could provide.
The passage states that the Chinese ""have no use"" for British goods, directly answering why they were not interested in expanding trading rights."
ID_7EX59XCHNJ_2,"They had no interest in the products that Great Britain could provide.
The passage states that ""I set no value on objects strange or ingenious"" and ""have no use for your country's manufactures,"" indicating the Chinese were not interested in expanding trading rights due to a lack of interest in British goods."
ID_7EX59XCHNJ_3,The Chinese were not interested in expanding trading rights with Great Britain because they had no use for the country's manufactures and believed the gifts were a form of tribute rather than commercial exchange.
ID_7EX59XCHNJ_4,The Chinese were afraid that the British would gain too much influence within China.
ID_JQCR5O77NG_1,The differing views of Catholics and Reformers on the appropriate use and interpretation of biblical texts
ID_JQCR5O77NG_2,The differing views of Catholics and Reformers on the appropriate use and interpretation of biblical texts
ID_JQCR5O77NG_3,The differing views of Catholics and Reformers on the appropriate use and interpretation of biblical texts
ID_JQCR5O77NG_4,The differing views of Catholics and Reformers on the appropriate use and interpretation of biblical texts
ID_J7RJGNI0AH_1,"The serving cell's total RSSI drops to about -85.5 dBm, consistent with weak coverage caused by poor signal strength.
\boxed{C}"
ID_J7RJGNI0AH_2,"The serving cell's total RSSI drops to about -85.5 dBm, consistent with weak coverage caused by poor signal strength.
\boxed{C}"
ID_J7RJGNI0AH_3,"The serving cell's total RSSI drops to -85.5 dBm against a weak reference signal of -93.6 dBm from neighbor cell(s), indicating severe interference from nearby weak signals.
\boxed{G}"
ID_J7RJGNI0AH_4,"The serving cell's total RSSI drops to about -87.0 dBm, comparable to noise level, suggesting weak overall coverage.
\boxed{C}"
ID_O80K9O7W1P_1,"The encounter describes an amiable cultural exchange between Europeans and Asians, with European travelers being welcomed and respected by the local rulers, learning the local customs, and adopting the language and culture of the region.
\boxed{4}"
ID_O80K9O7W1P_2,The encounter described in the account above illustrates Amiable cultural exchange between Europe and Asia.
ID_O80K9O7W1P_3,The encounter described in the account above illustrates Amiable cultural exchange between Europe and Asia.
ID_O80K9O7W1P_4,"The encounter describes an amiable cultural exchange between Europeans and Asians, with European travelers being welcomed and respected by the local ruler.
\boxed{4}"
ID_ELFGV2NRP1_1,"The socialist transformation of the whole of agriculture was aimed at eliminating the rich-peasant economy and individual peasant ownership of land, which would allow for greater social equity and economic planning in rural areas.
\boxed{4}"
ID_ELFGV2NRP1_2,"The socialist transformation of agriculture referred to here was the collectivization of Chinese agriculture, where small-scale peasant holdings were consolidated into larger collective units, typically producing crops collectively under the guidance of the government. This process was intended to increase agricultural productivity and homogenize farming practices across the country, which would benefit both the state and the peasantry as a whole.
\boxed{4}"
ID_ELFGV2NRP1_3,"The socialist transformation of the whole of agriculture was necessary to consolidate the worker-peasant alliance and address the polarization in the countryside caused by the growth of new rich peasants and the plight of impoverished peasants.
\boxed{4}"
ID_ELFGV2NRP1_4,"The socialist transformation of the whole of agriculture was aimed at eliminating the rich-peasant economy and the individual economy in the countryside, bringing about the gradual realization of socialist industrialization and the socialist transformation of handicrafts and capitalist industry and commerce. This would enable all rural people to become increasingly well-off together, consolidating the worker-peasant alliance."
ID_2NSH5DTYPA_1,The long-term effects of Otto von Bismarck's speech include the development of socialized programs throughout much of Europe (option 1).
ID_2NSH5DTYPA_2,The long-term effects of Otto von Bismarck's speech include the development of socialized programs throughout much of Europe (1).
ID_2NSH5DTYPA_3,The long-term effects of Otto von Bismarck's speech include the development of socialized programs throughout much of Europe (1).
ID_2NSH5DTYPA_4,Development of socialized programs throughout much of Europe
ID_5CZX3LD206_1,"The Winter King gave over his crown to King Ferdinand, who was later named Bohemia's lawful king. Therefore, the correct answer is:
\boxed{1}"
ID_5CZX3LD206_2,"The Winter King was tricked into giving up his crown, so the correct answer is:
\boxed{1}"
ID_5CZX3LD206_3,"The Winter King gave over his crown to King Ferdinand, who was rightfully claiming the throne of Bohemia. The song implies that the Winter King had stolen the crown rather than been given it legitimately, leading to his punishment."
ID_5CZX3LD206_4,"The Winter King gave over his crown to King Ferdinand, who was the lawful king of Bohemia at the time. Therefore, the correct answer is:
\boxed{1}"
ID_U5FA03R7TW_1,"The excerpt from the Upanishads describes a spiritual journey where the self (body) rides on the chariot of the intellect with the reins held by the mind. It speaks of reaching a state beyond birth and rebirth, suggesting a belief in an eternal soul or self rather than a temporary physical body. This aligns with Hindu beliefs about reincarnation, which holds that the soul (atman) is eternal and continues to exist after death, being reborn into new bodies as its karmic debts are resolved.
\boxed{1}"
ID_U5FA03R7TW_2,"The excerpt from the Upanishads describes an idealized state of spiritual awakening where the individual transcends birth and death, reaching a permanent state of being beyond physical life. This aligns with the core idea of Hinduism's belief in reincarnation, which holds that the soul (atman) is reborn many times until achieving moksha, or liberation from the cycle of birth and death.
\boxed{1}"
ID_U5FA03R7TW_3,"The passage describes a spiritual journey towards enlightenment where the self (body) rides on the chariot (mind), with the intellect as the driver (charioteer). It emphasizes purity and mindfulness for reaching liberation, without reference to rebirth or an afterlife beyond this life.
\boxed{1}"
ID_U5FA03R7TW_4,"The excerpt from the Upanishads describes a spiritual journey towards enlightenment, where the self (body) rides on the chariot (mind), with the intellect as the charioteer guiding it. This aligns most closely with Hindu beliefs about reincarnation, which hold that the soul (atman) transmigrates from one body to another based on past actions (karma).
\boxed{1}"
ID_LPIYSU25HL_1,"The U.S. concern over limiting how much Korean territory the Soviet Union would occupy was consistent with the Cold War policy of Containment, which sought to limit the spread of communism worldwide.
\boxed{4}"
ID_LPIYSU25HL_2,"The U.S. concern over limiting how much Korean territory the Soviet Union would occupy was consistent with the Cold War policy of Containment, which aimed to limit the spread of communism worldwide.
\boxed{4}"
ID_LPIYSU25HL_3,"The U.S. concern over limiting how much Korean territory the Soviet Union would occupy was consistent with the policy of Containment, which was developed later in the Cold War.
\boxed{4}"
ID_LPIYSU25HL_4,"The U.S. concern over limiting how much Korean territory the Soviet Union would occupy was consistent with the Cold War policy of Containment, which aimed to limit the expansion of communism worldwide.
\boxed{4}"
ID_7VMREH77ML_1,"The passage mentions that Al-Zawawi talks about a copper mine in his kingdom, suggesting ongoing economic activity rather than widespread destruction due to war. It also notes that the king collects taxes on copper but not on other goods, indicating stable economic conditions rather than constant warfare. There is no mention of diseases spreading along trade routes, nor of nomadic migrations forming powerful empires. Therefore, the correct answer is:

2: International trade connections were still being developed in the period."
ID_7VMREH77ML_2,"Statement 2 is supported by the passage, which mentions that Al-Zawawi collects tax on copper mined from a town called ZKRY, indicating ongoing international trade connections.
\boxed{2}"
ID_7VMREH77ML_3,"Statement 2: International trade connections were still being developed in the period.
The passage mentions that Al-Zawawi sells copper mined from a town called ZKRY to the land of the pagan Sudan, indicating ongoing international trade between different regions of Africa during this time."
ID_7VMREH77ML_4,"Statement 2: International trade connections were still being developed in the period.
The passage mentions that Al-Zawawi sells copper mined from a town called ZKRY to the land of the pagan Sudan for two-thirds of its weight in gold, indicating ongoing international trade between different regions of Africa."
ID_87Z25UI1Q3_1,The fight for independence in South America
ID_87Z25UI1Q3_2,The fight for independence in South America
ID_87Z25UI1Q3_3,The fight for independence in South America
ID_87Z25UI1Q3_4,The fight for independence in South America
ID_O9NN5QIEDR_1,"A widespread belief in Germany that it had been unfairly treated at the end of World War I
The Treaty of Versailles imposed harsh penalties on Germany, including significant territorial losses, heavy reparations, and restrictions on military power. These terms were seen as particularly unjust by many Germans, leading to resentment and a desire for revenge against their former enemies. Hitler exploited this sentiment, using it to rally support for his anti-Semitic and nationalist agenda. The Versailles ""Diktat"" (dictate) became a symbol of German humiliation and injustice, fueling hatred and aggression."
ID_O9NN5QIEDR_2,A widespread belief in Germany that it had been unfairly treated at the end of World War I
ID_O9NN5QIEDR_3,"A widespread belief in Germany that it had been unfairly treated at the end of World War I
The Treaty of Versailles imposed harsh penalties on Germany, including significant territorial losses, heavy reparations, and restrictions on military power. This harsh treatment fueled resentment against the treaty among many Germans, particularly those who felt they were being punished for Germany's role in starting the war. The statement about the Versailles ""Diktat"" being proclaimed as a solemn law reflects this widespread belief that Germany had been unjustly treated by the treaty."
ID_O9NN5QIEDR_4,"A widespread belief in Germany that it had been unfairly treated at the end of World War I
The Treaty of Versailles imposed harsh penalties on Germany, including significant territorial losses, heavy reparations, and restrictions on military power. This defeat and subsequent humiliation fueled anti-British and anti-Semitic sentiment in Germany, contributing to the rise of extremist leaders like Hitler."
ID_SWHTH05130_1,"The serving PCI changes 3 times across this short window of data, indicating frequent handovers that interrupt scheduling and degrade sustained throughput.
\boxed{C}"
ID_SWHTH05130_2,"The serving PCI changes 3 times across this short window of data, indicating frequent handovers that interrupt scheduling and degrade sustained throughput.
\boxed{A}"
ID_SWHTH05130_3,"The serving PCI changes 3 times across this short window of data, indicating frequent handovers that interrupt scheduling and degrade sustained throughput.
\boxed{C}"
ID_SWHTH05130_4,"The serving PCI changes 3 times across this short window of data, indicating frequent handovers that interrupt scheduling and degrade sustained throughput.
\boxed{A}"
ID_LIBIHEABUA_1,"The letter describes a British farmer whose property was damaged by a group of Zulus, leading him to sue the government for compensation. This reflects the challenges faced by colonists in maintaining order and protecting their property in newly acquired territories, making option 4 the most likely correct answer."
ID_LIBIHEABUA_2,"The letter describes the author's concerns about the destruction of his property due to an invasion by Zulus, highlighting the risks faced by settlers during the colonial period. This aligns most closely with finding the letter useful for information about the daily challenges of Afrikaners during the colonial period.
\boxed{3}"
ID_LIBIHEABUA_3,"The letter describes the author's concerns about the destruction of his property due to the actions of the Zulus, an indigenous tribe, during the Anglo-Zulu War. It reflects on the impact of imperial expansion on local communities and highlights the vulnerability of settlers' assets in unfamiliar territories. Therefore, the most likely solution is:
4: Unforeseen consequences of British imperialism"
ID_LIBIHEABUA_4,"The letter describes the author's predicament after his property was damaged by Zulus during the Anglo-Zulu War, suggesting it provides valuable insights into the daily challenges faced by Afrikaners during the colonial period.
\boxed{3}"
ID_EWLKX4Z6MS_1,"The passage describes Peter the Great as an absolutist ruler who sought to control and direct his nation through force when necessary, rather than sharing power with his people. Therefore, the term that best describes Peter the Great's ruling style is:
\boxed{Absolutist}"
ID_EWLKX4Z6MS_2,"The passage describes Peter the Great as an absolutist ruler who sought to control and direct his country through force when necessary, rather than sharing power with his people. Therefore, the most likely term to describe Peter the Great's ruling style is:
\boxed{2}"
ID_EWLKX4Z6MS_3,"The passage describes Peter the Great as an absolutist ruler who sought to control and direct his country, using force when necessary to achieve his goals.
\boxed{2}"
ID_EWLKX4Z6MS_4,"The passage describes Peter the Great as an absolutist ruler who sought to impose his will on Russia through force when necessary, rather than sharing power with his people or allowing for democratic governance. Therefore, the most likely term to describe Peter the Great's ruling style is:
\boxed{2}"
ID_IHPC5PR5Z5_1,"The invention of the machine gun contributed LEAST to Europe's ability to penetrate Africa in the period 1750 to 1900 C.E., as it was not invented until much later than this time frame.
\boxed{1}"
ID_IHPC5PR5Z5_2,"The invention of the machine gun contributed LEAST to Europe's ability to penetrate Africa in the period 1750 to 1900 C.E., as it was not an important factor in colonial expansion during this time."
ID_IHPC5PR5Z5_3,"The invention of the machine gun contributed LEAST to Europe's ability to penetrate Africa in the period 1750 to 1900 C.E., as it was not invented until much later than this time frame."
ID_IHPC5PR5Z5_4,"The invention of the machine gun contributed LEAST to Europe's ability to penetrate Africa in the period 1750 to 1900 C.E., as it was not invented until much later than this time frame.
\boxed{1}"
ID_60DYKPTY75_1,"The serving PCI changes 3 times across this short window of data, indicating frequent handovers that interrupt scheduling and degrade sustained throughput.
\boxed{E}"
ID_60DYKPTY75_2,"The serving PCI changes 3 times across this short window of data, indicating frequent handovers that interrupt scheduling and degrade sustained throughput.
\boxed{E}"
ID_60DYKPTY75_3,"The serving PCI changes 3 times across this short window of data, indicating frequent handovers that interrupt scheduling and degrade sustained throughput.
\boxed{E}"
ID_60DYKPTY75_4,"The serving PCI changes 3 times across this short window of data, indicating frequent handovers that interrupt scheduling and degrade sustained throughput.
\boxed{C}"
ID_XNS38UK4PB_1,"The passage describes workers being paid low wages and having their children work long hours in poor conditions, which aligns with the conditions of the Industrial Revolution. Therefore, the correct answer is:
\boxed{4}"
ID_XNS38UK4PB_2,The Industrial Revolution
ID_XNS38UK4PB_3,The Industrial Revolution
ID_XNS38UK4PB_4,The Industrial Revolution
ID_BTRV5S9ZZ9_1,The passages above are best understood in the context of exercise of colonial administrative power over native peoples.
ID_BTRV5S9ZZ9_2,"The passages above are best understood in the context of the exercise of colonial administrative power over native peoples.
\boxed{2}"
ID_BTRV5S9ZZ9_3,"The passages above are best understood in the context of exercising colonial administrative power over native peoples.
\boxed{2}"
ID_BTRV5S9ZZ9_4,The passages above are best understood in the context of exercise of colonial administrative power over native peoples.
ID_MSGZXE8WJ2_1,The first military victory of the Spanish-American War
ID_MSGZXE8WJ2_2,The first military victory of the Spanish-American War
ID_MSGZXE8WJ2_3,The first military victory of the Spanish-American War
ID_MSGZXE8WJ2_4,The first military victory of the Spanish-American War
ID_7XA7A9UJGI_1,"Cynical, enthusiastic
Dickens's words reflect a cynical view of the revolution as chaotic and senseless, while Wordsworth's suggest an optimistic view of youth and life."
ID_7XA7A9UJGI_2,"Cynical, enthusiastic
Dickens portrays the French Revolution as chaotic and unpredictable, using vivid imagery to convey his pessimism about the era. Wordsworth, on the other hand, expresses optimism about life and youth, reflecting his more optimistic outlook on the world."
ID_7XA7A9UJGI_3,"Cynical, enthusiastic
Dickens's use of vivid imagery to depict the chaos and upheaval of the revolution contrasts with Wordsworth's more optimistic view of youthful innocence and idealism."
ID_7XA7A9UJGI_4,"Cynical, enthusiastic
Dickens's description is pessimistic and critical, contrasting with Wordsworth's optimistic view of life and youth."
ID_J26EUXF17J_1,"The passage describes Peter the Great's determination to transform Russia through reform rather than isolation or maintaining existing practices like serfdom. Therefore, the correct answer is:
4: Reform"
ID_J26EUXF17J_2,"The passage describes Peter the Great's determination to transform Russia, indicating he wanted to implement reforms rather than maintain the status quo or isolate himself from his people. Therefore, the correct answer is:
4: Reform"
ID_J26EUXF17J_3,"The passage describes how Peter the Great, despite being surrounded by evidence of new civil and political rights in Protestant Europe, remained committed to transforming Russia himself rather than sharing power with his people. It mentions his determination to ""lead"" and ""drive""—indicating strong central authority over the state's direction and actions.
\boxed{3}"
ID_J26EUXF17J_4,"The passage states that Peter the Great ""did not return to Russia determined to share power with his people"" and instead wanted to ""provide both the direction and the motive force,"" indicating that he sought to centralize power rather than decentralize it.
\boxed{1}"
ID_A34VXCUAX9_1,"The serving PCI changes 3 times across this short window of data, indicating frequent handovers that interrupt scheduling and degrade sustained throughput.
\boxed{E}"
ID_A34VXCUAX9_2,"The serving PCI changes 3 times across this short window of data, indicating frequent handovers that interrupt scheduling and degrade sustained throughput.
\boxed{E}"
ID_A34VXCUAX9_3,"The serving PCI changes 3 times across this short window of data, indicating frequent handovers that interrupt scheduling and degrade sustained throughput.
\boxed{E}"
ID_A34VXCUAX9_4,"The serving PCI changes 3 times across this short window of data, indicating frequent handovers that interrupt scheduling and degrade sustained throughput.
\boxed{E}"
ID_5J41PYKMO9_1,"The world whispers apartheid declares with snarling guns, indicating that the world acknowledges and supports South Africa's discriminatory policies, particularly apartheid.
\boxed{1}"
ID_5J41PYKMO9_2,"The world economy promotes South Africa’s discrimination.
\boxed{4}"
ID_5J41PYKMO9_3,"The world economy promotes South Africa’s discrimination.
\boxed{4}"
ID_5J41PYKMO9_4,"The world economy promotes South Africa’s discrimination.
\boxed{4}"
ID_HY8Y2TTN6M_1,"Some elites converted to Islam, but lower classes kept their traditional beliefs.
The text mentions that the king's ministers were mostly Muslims, indicating some elite conversion to Islam, but also notes that ""only royalty may wear sewn clothes"" and that ""all other people wear robes of cotton, silk, or brocade, according to their means,"" suggesting that the lower classes continued to practice their traditional beliefs alongside Islam."
ID_HY8Y2TTN6M_2,"Some elites converted to Islam, but lower classes kept their traditional beliefs.
The text mentions that some of the king's ministers were Muslims, indicating that conversion occurred among certain groups within the society. However, it also states that ""Only royalty may wear sewn clothes"" and that ""All other people wear robes of cotton, silk, or brocade, according to their means,"" suggesting that traditional clothing practices continued among the lower classes.
\boxed{2}"
ID_HY8Y2TTN6M_3,"Some elites converted to Islam, but lower classes kept their traditional beliefs.
The text mentions that some of the king's ministers were Muslims, indicating that there were converts among the elite class. However, it also states that ""only royalty may wear sewn clothes"" and that ""all other people wear robes of cotton, silk, or brocade, according to their means,"" suggesting that the general population retained their traditional clothing styles rather than adopting Islamic dress.
\boxed{2}"
ID_HY8Y2TTN6M_4,"Some elites converted to Islam, but lower classes kept their traditional beliefs.
The passage mentions that the king's ministers and officials were mostly Muslim, indicating some elite conversion, but notes that ""only royalty"" could wear sewn clothes, suggesting that many ordinary people continued to practice their traditional beliefs rather than adopting Islam wholesale."
ID_EWGKK32YWU_1,"The serving cell's total signal strength declines to -90.1 dBm, below the average of -90.7 dBm seen across comparable tests, indicating weak overall coverage.
\boxed{G}"
ID_EWGKK32YWU_2,"The serving cell's total RSSI drops to about -90.1 dBm, comparable to noise level, suggesting weak overall coverage.
\boxed{G}"
ID_EWGKK32YWU_3,"The serving cell's total RSSI drops to about -90.1 dBm, comparable to noise level, suggesting weak overall coverage.
\boxed{G}"
ID_EWGKK32YWU_4,"The serving cell's total RSSI drops to about -90.1 dBm, comparable to noise level, suggesting weak overall coverage.
\boxed{G}"
ID_MSMYVLJJIZ_1,"The passage discusses how historical powers have repeatedly beaten Russia due to its perceived weakness and backwardness, aligning with the idea that weaker nations should be cautious against powerful adversaries. This reflects a perspective consistent with communism, where the weak are exploited and the strong maintain their dominance through force or economic control.
\boxed{3}"
ID_MSMYVLJJIZ_2,"The speech is most strongly influenced by Communism, as it advocates for a society where the weak and backward are oppressed and exploited by the powerful and advanced."
ID_MSMYVLJJIZ_3,"The passage discusses how countries that are economically or militarily weak are often beaten and exploited by stronger nations. It cites examples such as Russia being beaten by the Mongols, Turks, Swedes, Poles, Lithuanians, British, and French capitalists due to their backwardness. The text argues that this pattern of exploitation is consistent with the capitalist system where weaker parties are targeted for domination and profit.
\boxed{3}"
ID_MSMYVLJJIZ_4,"The passage describes how countries that are economically or militarily weak are often exploited and beaten by stronger nations. It suggests that this is a fundamental aspect of capitalist exploitation, where weaker entities are seen as inferior and thus expendable. The text aligns closely with communism, which advocates for the equal distribution of resources and opposes class distinctions based on wealth or power. Therefore, the most likely answer is:
\boxed{3}"
